,80988,2023/10/11,古瀬戸と志野織部,ｺｾﾞﾄ ﾄ ｼﾉｵﾘﾍﾞ,日本陶磁の源流をさぐる,ﾆﾎﾝ ﾄｳｼﾞ ﾉ ｹﾞﾝﾘｭｳ ｵ ｻｸﾞﾙ,,,,,,751.1,ｺ,,朝日新聞名古屋本社,1978,,26cm,,,,,寄付,,,図書室,,,,,False,,,,False,,,,True,False,True,,
,80989,2023/10/11,多治見の文化財,ﾀｼﾞﾐ ﾉ ﾌﾞﾝｶｻﾞｲ,,,,,,,,709.1,ﾀ,,,2017,68p,30cm,,,,,寄付,,,図書室,,改訂第９版,,,False,,,,False,,,,False,False,True,,
9784-000063425,52273,2023/08/31,富士山噴火に備える,ﾌｼﾞｻﾝ ﾌﾝｶ ﾆ ｿﾅｴﾙ,,,,,『科学』編集部 編,ｲﾜﾅﾐｼｮﾃﾝ ｶｶﾞｸﾍﾝｼｭｳﾌﾞ,,453.8,フ,,岩波書店,2023,159p,26cm,2900,23008458,いつ噴火しても不思議ではない富士山。過去の噴火を知り、将来の噴火をどのように想定し、備えていくのか。日本列島を形づくった大噴火をたどり、特異な富士山の地下構造に迫る。雑誌『科学』掲載論文を単行本化。,カザン ニホン　フンカサイガイ　フジサン　火山 日本　噴火災害　富士山,図書費,ＴＲＣ,2900,図書室,,,,,False,,,,False,,,,False,False,False,,
9784-001160468,52384,2023/09/01,ドアのむこうの国へのパスポート,ﾄﾞｱ ﾉ ﾑｺｳ ﾉ ｸﾆ ｴ ﾉ ﾊﾟｽﾎﾟｰﾄ,,,,,トンケ・ドラフト 作　リンデルト・クロムハウト 作　リンデ・ファース 絵　西村 由美 訳,ﾄﾞﾗﾌﾄ ﾄﾝｹ ｸﾛﾑﾊｳﾄ ﾘﾝﾃﾞﾙﾄ ﾌｧｰｽ ﾘﾝﾃﾞ ﾆｼﾑﾗ ﾕﾐ ﾄﾝｹﾄﾞﾗﾌﾄ ﾘﾝﾃﾞﾙﾄｸﾛﾑﾊｳﾄ ﾘﾝﾃﾞﾌｧｰｽ,,949.3,ド,,岩波書店,2023,206p,22cm,1800,23019210,作家の家には、特別なパスポートを持った人しか入れないドアがある。子どもたちは、パスポートやビザの申請といった課題にむきあううちに、仲間や自分をより深く知っていき…。子どもたちへのエールに満ちた物語。,,図書費,ＴＲＣ,1800,図書室,,,,,False,,,,False,,,,False,False,False,,
9784-002710761,80871,2023/05/29,世界の片隅で日本国憲法をたぐりよせる,ｾｶｲ ﾉ ｶﾀｽﾐ ﾃﾞ ﾆﾎﾝｺｸｹﾝﾎﾟｳ ｵ ﾀｸﾞﾘﾖｾﾙ,,,岩波ブックレット　Ｎｏ．１０７６,ｲﾜﾅﾐﾌﾞｯｸﾚｯﾄ 1076,大門 正克 著,ｵｵｶﾄﾞ ﾏｻｶﾂ,,323.14,ｵ,,岩波書店,2023,71p,21cm,630,23010566,武力の前に、平和をうたう日本国憲法は無力なのか？　ごく普通の人々のローカルなとりくみが憲法理解を更新させ、普遍へとつながる可能性をもつことを３つの歴史実践から示し、国際社会の中で日本国憲法を捉える回路をさぐる。,ケンポウ ニホン　憲法 日本,図書費,佐藤共栄,630,図書室,,,,,False,,,,False,,,,False,False,True,,
9784-002710778,80870,2023/05/29,真夏の甲子園はいらない　問題だらけの高校野球,ﾏﾅﾂ ﾉ ｺｳｼｴﾝ ﾜ ｲﾗﾅｲ,,,岩波ブックレット　Ｎｏ．１０７７,ｲﾜﾅﾐﾌﾞｯｸﾚｯﾄ 1077,玉木 正之 編　小林 信也 編,ﾀﾏｷ ﾏｻﾕｷ ｺﾊﾞﾔｼ ﾉﾌﾞﾔ,,783.7,ﾀ,,岩波書店,2023,79p,21cm,680,23015698,甲子園大会だけを偏重する高校野球の歪みが、球児たちからチャンスと自由を奪い、精神と肉体を追い詰めている。マスメディア・関係者の責任を追求し、高校生自身が心から楽しめる野球を実現するためのアイディアを提示する。,コウコウヤキュウ　高校野球,図書費,佐藤共栄,680,図書室,,,,,False,,,,False,,,,False,False,True,,
9784-002710785,80923,2023/06/12,学校を改革する　学びの共同体の構想と実践　新版,ｶﾞｯｺｳ ｵ ｶｲｶｸ ｽﾙ,,,岩波ブックレット　Ｎｏ．１０７８,ｲﾜﾅﾐﾌﾞｯｸﾚｯﾄ 1078,佐藤 学 著,ｻﾄｳ ﾏﾅﾌﾞ,,370.4,ｻ,,岩波書店,2023,71p,21cm,630,23019881,子どもの学ぶ権利を保障し、教師が専門家として成長する学校は、どのようにして実現するのか。「学びの共同体」の学校改革の哲学、教師間の連携、保護者との関係づくりなどを開陳する。世界と社会の変化等を加筆した新版。,キョウイク　教育,図書費,佐藤教栄,630,図書室,,,,,False,,,,False,,,,False,False,True,,
9784-002710792,80975,2023/08/29,史上最悪の介護保険改定？！,ｼｼﾞｮｳ ｻｲｱｸ ﾉ ｶｲｺﾞﾎｹﾝ ｶｲﾃｲ,,,岩波ブックレット　Ｎｏ．１０７９,ｲﾜﾅﾐﾌﾞｯｸﾚｯﾄ 1079,上野 千鶴子 編　樋口 恵子 編,ｳｴﾉ ﾁｽﾞｺ ﾋｸﾞﾁ ｹｲｺ,,364.48,ｼ,,岩波書店,2023,108 3p,21cm,780,23023478,自己負担が原則２割に？　要介護１・２を介護保険から外す？　「史上最悪」とも言える介護保険改定案を、ケアの専門家たちが徹底批判。２０００年の制度開始以来、切り崩されてきた介護保険をこれ以上後退させないための一冊。,カイゴホケン　カイゴフクシ　コウレイシャフクシ　介護保険　介護福祉　高齢者福祉,図書費,佐藤教栄,780,図書室,,,,,False,,,,False,,,,False,False,True,,
9784-003261354,80938,2023/06/21,罪と罰　上,ﾂﾐ ﾄ ﾊﾞﾂ,,,岩波文庫,ｲﾜﾅﾐﾌﾞﾝｺ,ドストエフスキー 作　江川 卓 訳,ﾄﾞｽﾄｴﾌｽｷｰ ﾌｮｰﾄﾞﾙ･ﾐﾊｲﾛｳﾞｨﾁ ｴｶﾞﾜ ﾀｸ ﾄﾞｽﾄｴﾌｽｷｰ,,983,ﾄﾞ,1,岩波書店,1999,414p,15cm,1100,99049471,,,図書費,佐藤教栄,1100,文庫書架,,,,,False,,,,False,,,,False,False,True,,
9784-003261361,80939,2023/06/21,罪と罰　中,ﾂﾐ ﾄ ﾊﾞﾂ,,,岩波文庫,ｲﾜﾅﾐﾌﾞﾝｺ,ドストエフスキー 作　江川 卓 訳,ﾄﾞｽﾄｴﾌｽｷｰ ﾌｮｰﾄﾞﾙ･ﾐﾊｲﾛｳﾞｨﾁ ｴｶﾞﾜ ﾀｸ ﾄﾞｽﾄｴﾌｽｷｰ,,983,ﾄﾞ,2,岩波書店,1999,364p,15cm,920,99054983,,,図書費,佐藤教栄,920,文庫書架,,,,,False,,,,False,,,,False,False,True,,
9784-003261378,80940,2023/06/21,罪と罰　下,ﾂﾐ ﾄ ﾊﾞﾂ,,,岩波文庫,ｲﾜﾅﾐﾌﾞﾝｺ,ドストエフスキー 作　江川 卓 訳,ﾄﾞｽﾄｴﾌｽｷｰ ﾌｮｰﾄﾞﾙ･ﾐﾊｲﾛｳﾞｨﾁ ｴｶﾞﾜ ﾀｸ ﾄﾞｽﾄｴﾌｽｷｰ,,983,ﾄﾞ,3,岩波書店,2000,431p,15cm,1070,00006888,,,図書費,佐藤教栄,1070,文庫書架,,,,,False,,,,False,,,,False,False,True,,
9784-004319191,80968,2023/08/29,世界史とは何か　「歴史実践」のために,ｾｶｲｼ ﾄﾜ ﾅﾆ ｶ,,,岩波新書　新赤版　１９１９,ｲﾜﾅﾐｼﾝｼｮｼﾝｱｶﾊﾞﾝ 1919,小川 幸司 著,ｵｶﾞﾜ ｺｳｼﾞ,,209.5,ｵ,,岩波書店,2023,6 261p,18cm,1000,23025376,世界史とは何かについて、これまでの教育実践で生徒と一緒に考えたことを振り返り、それを「歴史総合」の授業を充実させる作戦（方法）として再定義。「歴史総合」が対象とする１８世紀以降の近現代史の授業プランを構想する。,セカイシ キンダイ　レキシガク　レキシキョウイク　世界史 近代　歴史学　歴史教育,図書費,佐藤教栄,1000,新書書架,,,,,False,,,,False,,,,False,False,True,,
9784-004319658,80872,2023/05/29,サピエンス減少　縮減する未来の課題を探る,ｻﾋﾟｴﾝｽ ｹﾞﾝｼｮｳ,,,岩波新書　新赤版　１９６５,ｲﾜﾅﾐｼﾝｼｮｼﾝｱｶﾊﾞﾝ 1965,原 俊彦 著,ﾊﾗ ﾄｼﾋｺ,,334.3,ﾊ,,岩波書店,2023,9 167p,18cm,880,23012741,人口増を前提にした政治と経済、文化、社会システムは再構築を迫られている。もはや不可避の未来である世界の人口減少の“最突端”に位置する日本から、サピエンスの未来を考察する。,ジンコウモンダイ　人口問題,図書費,佐藤共栄,880,新書書架,,,,,False,,,,False,,,,False,False,True,,
9784-004319665,80892,2023/06/06,アリストテレスの哲学,ｱﾘｽﾄﾃﾚｽ ﾉ ﾃﾂｶﾞｸ,,,岩波新書　新赤版　１９６６,ｲﾜﾅﾐｼﾝｼｮｼﾝｱｶﾊﾞﾝ 1966,中畑 正志 著,ﾅｶﾊﾀ ﾏｻｼ,,131.4,ﾅ,,岩波書店,2023,11 266 4p,18cm,1060,23012744,日常と通念から出発し、明確な方法にもとづく吟味により知を構造化して深化させ、世界を理解する哲学者アリストテレス。彼の〈探究と知の方法〉を示したうえで、人間、社会、自然を貫く議論の全体像と核心を明らかにする。,アリストテレス,図書費,佐藤共栄,1060,新書書架,,,,,False,,,,False,,,,False,False,True,,
9784-004319672,80873,2023/05/29,軍と兵士のローマ帝国,ｸﾞﾝ ﾄ ﾍｲｼ ﾉ ﾛｰﾏ ﾃｲｺｸ,,,岩波新書　新赤版　１９６７,ｲﾜﾅﾐｼﾝｼｮｼﾝｱｶﾊﾞﾝ 1967,井上 文則 著,ｲﾉｳｴ ﾌﾐﾉﾘ,,232.8,ｲ,,岩波書店,2023,4 255 2p,18cm,960,23012746,文明の帝国か、豺狼の帝国か－。建国から西ローマ帝国滅亡まで、軍隊と政治・社会との関わりを多角的に追跡。兵士の生涯にも光をあてて新たなローマ史を描き、その盛衰をユーラシア史のなかに位置づける。,ローマ（コダイ）　グンタイ レキシ　ローマ（古代）　軍隊 歴史,図書費,佐藤共栄,960,新書書架,,,,,False,,,,False,,,,False,False,True,,
9784-004319689,80874,2023/05/29,川端康成　孤独を駆ける,ｶﾜﾊﾞﾀ ﾔｽﾅﾘ,,,岩波新書　新赤版　１９６８,ｲﾜﾅﾐｼﾝｼｮｼﾝｱｶﾊﾞﾝ 1968,十重田 裕一 著,ﾄｴﾀﾞ ﾋﾛｶｽﾞ,,910.268,ﾄ,,岩波書店,2023,6 256 22p,18cm,1060,23012748,孤独の精神を源泉に、他者とのつながりをもたらすメディアへの関心を生涯にわたって持ち続けた川端康成。メディアの状況が劇的に変化していく時代のなかを、旺盛な創作活動のもとに駆け抜けていった作家の軌跡を活写する。,カワバタ ヤスナリ　川端康成,図書費,佐藤共栄,1060,新書書架,,,,,False,,,,False,,,,False,False,True,,
9784-004319696,80891,2023/06/06,会社法入門　第３版,ｶｲｼｬ ﾎｳ ﾆｭｳﾓﾝ,,,岩波新書　新赤版　１９６９,ｲﾜﾅﾐｼﾝｼｮｼﾝｱｶﾊﾞﾝ 1969,神田 秀樹 著,ｶﾝﾀﾞ ﾋﾃﾞｷ,,325.2,ｶ,,岩波書店,2023,10 290p,18cm,1120,23018148,会社法の構造と内容をコンパクトに解説。令和元年改正、コーポレートガバナンス・コードの改訂、東証市場区分の見直し、総会資料の電子化といった新動向を織り込むとともに、ＤＸやＳＤＧｓなどへの対応も展望する第３版。,カイシャホウ　会社法,図書費,佐藤共栄,1120,新書書架,,,,,False,,,,False,,,,False,False,True,,
9784-004319702,80890,2023/06/06,動物がくれる力　教育、福祉、そして人生,ﾄﾞｳﾌﾞﾂ ｶﾞ ｸﾚﾙ ﾁｶﾗ,,,岩波新書　新赤版　１９７０,ｲﾜﾅﾐｼﾝｼｮｼﾝｱｶﾊﾞﾝ 1970,大塚 敦子 著,ｵｵﾂｶ ｱﾂｺ,,645.9,ｵ,,岩波書店,2023,10 267 7p,18cm,1060,23018152,犬への読み聞かせは子どもを読書へ誘い、生きづらさを抱える子どもは傷ついた動物をケアする中で育つ。病気のある人や高齢者も、犬や猫と共に心豊かな日々を過ごす。人と動物のポジティブなかかわりとそこにある可能性を綴る。,ペット　アニマルセラピー　キョウイク　シャカイフクシ　ペット　アニマルセラピー　教育　社会福祉,図書費,佐藤共栄,1060,新書書架,,,,,False,,,,False,,,,False,False,True,,
9784-004319719,80889,2023/06/06,優しいコミュニケーション　「思いやり」の言語学,ﾔｻｼｲ ｺﾐｭﾆｹｰｼｮﾝ,,,岩波新書　新赤版　１９７１,ｲﾜﾅﾐｼﾝｼｮｼﾝｱｶﾊﾞﾝ 1971,村田 和代 著,ﾑﾗﾀ ｶｽﾞﾖ,,801.03,ﾑ,,岩波書店,2023,7 205 6p,18cm,940,23018155,日常の会話やビジネス会議、オンラインの話し合いやリスクコミュニケーションを、社会言語学の視点から分析。コミュニケーションを成り立たせる条件や、誰も排除しない社会に向けた「人に優しい話し方・聞き方」を考える。,ゲンゴシャカイガク　コミュニケーション　言語社会学　コミュニケーション,図書費,佐藤共栄,940,新書書架,,,,,False,,,,False,,,,False,False,True,,
9784-004319726,80888,2023/06/06,まちがえる脳,ﾏﾁｶﾞｴﾙ ﾉｳ,,,岩波新書　新赤版　１９７２,ｲﾜﾅﾐｼﾝｼｮｼﾝｱｶﾊﾞﾝ 1972,櫻井 芳雄 著,ｻｸﾗｲ ﾖｼｵ,,491.371,ｻ,,岩波書店,2023,5 229 7p,18cm,940,23018157,脳はまちがえるという事実に焦点を当て、多くの事例を紹介。そして、脳内の信号伝達が本来不確かで確率的であることや、間違えるからこそ新たなアイデアを創造し、高次機能を実現することを、研究成果をふまえて解説する。,ノウ　脳,図書費,佐藤共栄,940,新書書架,,,,,False,,,,False,,,,False,False,True,,
9784-004319733,80949,2023/06/21,敵対的買収とアクティビスト,ﾃｷﾀｲﾃｷ ﾊﾞｲｼｭｳ ﾄ ｱｸﾃｨﾋﾞｽﾄ,,,岩波新書　新赤版　１９７３,ｲﾜﾅﾐｼﾝｼｮｼﾝｱｶﾊﾞﾝ 1973,太田 洋 著,ｵｵﾀ ﾖｳ,,325.258,ｵ,,岩波書店,2023,8 259p,18cm,1000,23021306,物言う株主「アクティビスト」とは何者か。数々のアクティビストと対峙してきたビジネス弁護士が、彼らとの攻防をふり返りながら、その実像と対応策をわかりやすく解説する。米国や欧州の例も掲載。,キギョウバイシュウ　バイシュウボウエイサク　企業買収　買収防衛策,図書費,佐藤教栄,1000,新書書架,,,,,False,,,,False,,,,False,False,True,,
9784-004319740,80948,2023/06/21,持続可能な発展の話　「みんなのもの」の経済学,ｼﾞｿﾞｸ ｶﾉｳ ﾅ ﾊｯﾃﾝ ﾉ ﾊﾅｼ,,,岩波新書　新赤版　１９７４,ｲﾜﾅﾐｼﾝｼｮｼﾝｱｶﾊﾞﾝ 1974,宮永 健太郎 著,ﾐﾔﾅｶﾞ ｹﾝﾀﾛｳ,,519,ﾐ,,岩波書店,2023,14 210 6p,18cm,940,23021308,あふれるごみ、とまらない温暖化、生物多様性と水の危機…。一人ひとりでは解決できない環境問題を、〈環境と経済〉の視点から解きほぐし、ＳＤＧｓへのさまざまな取り組みを意味あるものにする道を指し示す。,ジゾクカノウナカイハツ　持続可能な開発,図書費,佐藤教栄,940,新書書架,,,,,False,,,,False,,,,False,False,True,,
9784-004319757,80946,2023/06/21,皮革とブランド　変化するファッション倫理,ﾋｶｸ ﾄ ﾌﾞﾗﾝﾄﾞ,,,岩波新書　新赤版　１９７５,ｲﾜﾅﾐｼﾝｼｮｼﾝｱｶﾊﾞﾝ 1975,西村 祐子 著,ﾆｼﾑﾗ ﾕｳｺ,,584.7,ﾆ,,岩波書店,2023,9 194p,18cm,900,23021311,高級バッグから一点モノの財布まで、ファッションを彩る必需品である革製品。皮革文化の来歴と現在から、人々の欲望を満たすためにあらゆるものをブランディングしていく消費文化の本質を描き出す。,ヒカク　ファッション　ブランディング　皮革　ファッション　ブランディング,図書費,佐藤教栄,900,新書書架,,,,,False,,,,False,,,,False,False,True,,
9784-004319764,80947,2023/06/21,名画を見る眼　カラー版　１　油彩画誕生からマネまで,ﾒｲｶﾞ ｵ ﾐﾙ ﾒ  ﾕｻｲｶﾞ ﾀﾝｼﾞｮｳ ｶﾗ ﾏﾈ ﾏﾃﾞ,,,岩波新書　新赤版　１９７６,ｲﾜﾅﾐｼﾝｼｮｼﾝｱｶﾊﾞﾝ 1976,高階 秀爾 著,ﾀｶｼﾅ ｼｭｳｼﾞ,,723,ﾀ,1,岩波書店,2023,3 231p,18cm,1240,23021313,西洋絵画の本質を一歩進んで理解したい人に向けた西洋美術鑑賞の手引き。１は、ルネサンスから１９世紀までの１５点の代表的名画を取りあげ、絵画を楽しむ基本や、隠された意図・意味を探りながら解説する。,カイガ　絵画,図書費,佐藤教栄,1240,新書書架,,,,,False,,,,False,,,,False,False,True,,
9784-004319771,80970,2023/08/29,名画を見る眼　カラー版　２　印象派からピカソまで,ﾒｲｶﾞ ｵ ﾐﾙ ﾒ  ｲﾝｼｮｳﾊ ｶﾗ ﾋﾟｶｿ ﾏﾃﾞ,,,岩波新書　新赤版　１９７７,ｲﾜﾅﾐｼﾝｼｮｼﾝｱｶﾊﾞﾝ 1977,高階 秀爾 著,ﾀｶｼﾅ ｼｭｳｼﾞ,,723,ﾀ,2,岩波書店,2023,3 248p,18cm,1240,23025382,西洋絵画の本質を一歩進んで理解したい人に向けた西洋美術鑑賞の手引き。２は、モネ、ゴッホ、ピカソなど、印象派から抽象絵画へと続く近代の名画を取りあげ、鑑賞の基礎を日記や手紙など画家の言葉とともに解説する。,カイガ　絵画,図書費,佐藤教栄,1240,新書書架,,,,,False,,,,False,,,,False,False,True,,
9784-004319788,80969,2023/08/29,読み書きの日本史,ﾖﾐ ｶｷ ﾉ ﾆﾎﾝｼ,,,岩波新書　新赤版　１９７８,ｲﾜﾅﾐｼﾝｼｮｼﾝｱｶﾊﾞﾝ 1978,八鍬 友広 著,ﾔｸﾜ ﾄﾓﾋﾛ,,372.1,ﾔ,,岩波書店,2023,9 235 10p,18cm,1060,23025385,古代における漢字の受容から、往来物による学びの時代へ。近世の文字文化の多様な展開から、近代学校の成立へ。世界の事例にも目くばりしながら、識字の社会的意味を広くとらえ、今も揺らぎの中にあるリテラシーの歩みを描く。,ニホン キョウイク　コクゴキョウイク レキシ　日本 教育　国語教育 歴史,図書費,佐藤教栄,1060,新書書架,,,,,False,,,,False,,,,False,False,True,,
9784-005009657,80917,2023/06/12,１０代の悩みに効くマンガ、あります！,ｼﾞｭｳﾀﾞｲ ﾉ ﾅﾔﾐ ﾆ ｷｸ ﾏﾝｶﾞ ｱﾘﾏｽ,,,岩波ジュニア新書　９６５,ｲﾜﾅﾐｼﾞｭﾆｱｼﾝｼｮ 965,トミヤマ ユキコ 著,ﾄﾐﾔﾏ ﾕｷｺ,,159.7,ﾄ,,岩波書店,2023,12 210p,18cm,960,23012733,１０代は楽しいことも多い一方で、友達や親との関係にモヤモヤしたり、進路や将来をあれこれ考えたり、見た目やＳＮＳに神経を使ったりとけっこう大変！　そんな１０代の悩みに効く多種多様なマンガを紹介する。,ナヤミソウダン　マンガ　モノノミカタカンガエカタ　イキカタカンガエカタ　ニンゲンカンケイ　レンアイ　シンロ（ジンセイ）　セイ　なやみ相談　まんが　物の見方・考え方　生き方・考え方　人間関係　恋愛　進路（人生）　性　ジンセイクン（セイネン）　マンガ　人生訓（青年）　漫画,図書費,佐藤教栄,960,新書書架,,,,,False,,,,False,,,,False,False,True,,
9784-005009664,80918,2023/06/12,新種発見物語　足元から深海まで１１人の研究者が行く！,ｼﾝｼｭ ﾊｯｹﾝ ﾓﾉｶﾞﾀﾘ,,,岩波ジュニア新書　９６６,ｲﾜﾅﾐｼﾞｭﾆｱｼﾝｼｮ 966,島野 智之 編著　脇 司 編著,ｼﾏﾉ ｻﾄｼ ﾜｷ ﾂｶｻ,,461,ｼ,,岩波書店,2023,12 254 4p,18cm,1120,23012736,未知の生物の探究にワクワクしながら、研究者の歩みを追体験！　足元から深海、海底洞窟など遠く危険な未踏の地まで、第一線の研究者たちの情熱と喜怒哀楽を紹介。分類学の基礎も楽しく身につく入門書。,セイブツ　セイブツノブンルイ　コンチュウ　ゲンゴロウ　キンルイ　カタツムリ　ハゼ　アホウドリ　ショクブツ　ウミノセイブツ　シンカイ　ゼツメツキグシュ　生物　生物の分類　昆虫　げんごろう　菌類　かたつむり　はぜ（沙魚）　あほうどり　植物　海の生物　深海　絶滅危惧種　セイブツブンルイガク　生物分類学,図書費,佐藤教栄,1120,新書書架,,,,,False,,,,False,,,,False,False,True,,
9784-005009671,80916,2023/06/12,核のごみをどうするか　もう一つの原発問題,ｶｸ ﾉ ｺﾞﾐ ｵ ﾄﾞｳ ｽﾙ ｶ,,,岩波ジュニア新書　９６７,ｲﾜﾅﾐｼﾞｭﾆｱｼﾝｼｮ 967,今田 高俊 著　寿楽 浩太 著　中澤 高師 著,ｲﾏﾀﾞ ﾀｶﾄｼ ｼﾞｭﾗｸ ｺｳﾀ ﾅｶｻﾞﾜ ﾀｶｼ,,539.69,ｲ,,岩波書店,2023,7 226p,18cm,960,23018161,原子力発電によって生じる高レベル放射性廃棄物。放射能の影響が弱まるまでの長い年月を要するこの「核のごみ」をどのような方法で処分すればよいのか。専門家らによる提言を読み解きながら、問題解決への道を探る。,ゲンシリョクハツデン　ホウシャセイハイキブツ　原子力発電　放射性廃棄物　ホウシャセイハイキブツ　放射性廃棄物,図書費,佐藤教栄,960,新書書架,,,,,False,,,,False,,,,False,False,True,,
9784-005009688,80945,2023/06/21,扉をひらく哲学　人生の鍵は古典のなかにある,ﾄﾋﾞﾗ ｵ ﾋﾗｸ ﾃﾂｶﾞｸ,,,岩波ジュニア新書　９６８,ｲﾜﾅﾐｼﾞｭﾆｱｼﾝｼｮ 968,中島 隆博 編著　梶原 三恵子 編著　納富 信留 編著　吉水 千鶴子 編著,ﾅｶｼﾞﾏ ﾀｶﾋﾛ ｶｼﾞﾊﾗ ﾐｴｺ ﾉｳﾄﾐ ﾉﾌﾞﾙ ﾖｼﾐｽﾞ ﾁｽﾞｺ,,104,ﾄ,,岩波書店,2023,15 182 3p,18cm,900,23021317,人の意見に影響されない方法、親との関係、勉強する意味、本当の自分の見つけ方…。１１人の古典研究者が、様々な悩み・疑問に、古今東西の書物をひもときながら回答する。１０代にお勧めの古典作品も紹介する。,テツガク　ホンノショウカイ　シュウキョウ　モノノミカタカンガエカタ　イキカタカンガエカタ　オヤコカンケイ　セイトシ　哲学　本の紹介　宗教　物の見方・考え方　生き方・考え方　親子関係　生と死　テツガク　シュウキョウ　ドクショ　哲学　宗教　読書,図書費,佐藤教栄,900,新書書架,,,,,False,,,,False,,,,False,False,True,,
9784-005009695,80964,2023/08/29,在来植物の多様性がカギになる　日本らしい自然を守りたい,ｻﾞｲﾗｲ ｼｮｸﾌﾞﾂ ﾉ ﾀﾖｳｾｲ ｶﾞ ｶｷﾞ ﾆ ﾅﾙ,,,岩波ジュニア新書　９６９,ｲﾜﾅﾐｼﾞｭﾆｱｼﾝｼｮ 969,根本 正之 著,ﾈﾓﾄ ﾏｻﾕｷ,,471.7,ﾈ,,岩波書店,2023,12 178p,18cm,880,23025390,カワラナデシコ、キキョウ、フジバカマ…。日本を代表する、姿を消した野草たちを都会に呼び戻すことはできるか。各地の保全活動とともに、絶滅の危機にある在来植物、外来植物が増える理由、日本らしさの特性などを解説する。,ショクブツ　ヤソウ　セイブツタヨウセイ　コユウシュ　ガイライショクブツ　ゼツメツキグシュ　植物　野草　生物多様性　固有種　外来植物　絶滅危惧種　ヤソウ　ショクブツ ホゴ　野草　植物 保護,図書費,佐藤教栄,880,新書書架,,,,,False,,,,False,,,,False,False,True,,
9784-005009701,80967,2023/08/29,知りたい気持ちに火をつけろ！　探究学習は学校図書館におまかせ,ｼﾘﾀｲ ｷﾓﾁ ﾆ ﾋ ｵ ﾂｹﾛ,,,岩波ジュニア新書　９７０,ｲﾜﾅﾐｼﾞｭﾆｱｼﾝｼｮ 970,木下 通子 著,ｷﾉｼﾀ ﾐﾁｺ,,017.4,ｷ,,岩波書店,2023,9 202p,18cm,940,23025397,埼玉県の高校で学校司書をしている著者が、勤務先の学校の図書館サービスを元に「学校図書館」について紹介。また探究学習との連携、「点検読書」などのやり方、コロナ禍で進んだ学校図書館のＤＸ化についても説明する。,シショ　トショカンリヨウホウ　ガッコウトショカン　シラベガクシュウ　司書　図書館利用法　学校図書館　調べ学習　ガッコウトショカン　トショカンリヨウ　シラベガクシュウ　学校図書館　図書館利用　調べ学習,図書費,佐藤教栄,940,新書書架,,,,,False,,,,False,,,,False,False,True,,
9784-022276537,80897,2023/06/06,朝日キーワード就職　最新時事用語＆一般常識　２０２４,ｱｻﾋ ｷｰﾜｰﾄﾞ ｼｭｳｼｮｸ,,,,,朝日新聞出版 編,ｱｻﾋｼﾝﾌﾞﾝｼｭｯﾊﾟﾝ,,814.7,ｱ,2024,朝日新聞出版,2022,239p,19cm,900,22043109,ロシアのウクライナ侵攻、ＥＶシフト、線状降水帯、アルテミス計画、ＮＦＴ…。就職活動で必要な最新時事用語と一般常識をコンパクトにまとめ、２０２２年に話題になった人も取り上げる。チェックドリル付き。,ジジヨウゴ　時事用語,図書費,佐藤共栄,900,図書室,,,,,False,,,,False,,,,False,False,True,,
9784-022276544,80902,2023/06/06,朝日キーワード　２０２４,ｱｻﾋ ｷｰﾜｰﾄﾞ,,,,,朝日新聞出版 編,ｱｻﾋｼﾝﾌﾞﾝｼｭｯﾊﾟﾝ,,813.7,ｱ,2024,朝日新聞出版,2023,287p,21cm,1350,23002159,幅広いジャンルから現代社会を知るために必須の「キーワード」を厳選した現代用語集。朝日新聞の第一線記者らが豊富な写真や図表とともにニュースの本質をわかりやすく解説する。巻末に重要ニュース月表なども収録。,ジジヨウゴ ジテン　時事用語 辞典,図書費,佐藤共栄,1350,図書室,,,,,False,,,,False,,,,False,False,True,,
9784-022518378,80867,2023/05/29,君のクイズ,ｷﾐ ﾉ ｸｲｽﾞ,,,,,小川 哲 著,ｵｶﾞﾜ ｻﾄｼ,,913.6,ｵ,,朝日新聞出版,2022,190p,19cm,1400,22038905,クイズ番組の決勝に出場した三島玲央は、対戦相手が問題が読まれぬうちにボタンを押し正解し、優勝を果たすという不可解な事態を訝しむ。決勝を１問ずつ振り返る三島はやがて…。『小説トリッパー』掲載を加筆修正。,,図書費,佐藤共栄,1400,図書室,,,,,False,,,,False,,,,False,False,True,,
9784-022649409,80847,2023/04/26,星の子,ﾎｼ ﾉ ｺ,,,朝日文庫　い９３－１,ｱｻﾋﾌﾞﾝｺ ｲ-93-1,今村 夏子 著,ｲﾏﾑﾗ ﾅﾂｺ,,913.6,ｲ,,朝日新聞出版,2019,255p,15cm,620,19053658,林ちひろは中学３年生。出生直後から病弱だった娘を救いたい一心で、ちひろの両親は「あやしい宗教」にのめり込んでいき、その信仰は少しずつ家族のかたちを歪めていく…。小川洋子との対談も収録。,,図書費,佐藤教栄,620,文庫書架,,,,,False,,,,False,,,,False,False,True,,
9784-022952110,52269,2023/08/31,ポテトチップスと日本人　人生に寄り添う国民食の誕生,ﾎﾟﾃﾄﾁｯﾌﾟｽ ﾄ ﾆﾎﾝｼﾞﾝ,,,朝日新書　９０５,ｱｻﾋｼﾝｼｮ 905,稲田 豊史 著,ｲﾅﾀﾞ ﾄﾖｼ,,588.3,イ,,朝日新聞出版,2023,345p,18cm,950,23015360,日本社会が変わるとき、そこにはポテトチップスがあった。「国策」が生み、「団塊ジュニア」が育て、「下流社会」が発展させたポテトチップスを軸に語る、戦後食文化史×日本人論。,カシ レキシ　バレイショ　菓子 歴史　ばれいしょ,図書費,ＴＲＣ,950,新書書架,,,,,False,,,,False,,,,False,False,False,,
9784-023340657,52383,2023/09/01,ひみつの町中華レシピ　東京・大阪名店の味が再現できる！,ﾋﾐﾂ ﾉ ﾏﾁﾁｭｳｶ ﾚｼﾋﾟ,,,,,朝日新聞出版 編著,ｱｻﾋｼﾝﾌﾞﾝｼｭｯﾊﾟﾝ,,596.2,ヒ,,朝日新聞出版,2023,127p,24cm,1400,23004709,東京・大阪の町中華の名店レシピと、長きにわたって愛され続ける名店をガイド。町中華のオムライスとカレーの旨さの秘密や、北尾トロ×下関マグロの特別対談も収録。データ：２０２２年１０～１２月現在。,リョウリ（チュウゴク）　料理（中国）,図書費,ＴＲＣ,1400,図書室,,,,,False,,,,False,,,,False,False,False,,
9784-041005729,80990,2023/10/12,金田一耕助に捧ぐ九つの狂想曲,ｷﾝﾀﾞｲﾁ ｺｳｽｹ ﾆ ｻｻｸﾞ ｺｺﾉﾂ ﾉ ｷｮｳｿｳｷｮｸ,,,角川文庫　あ６－９００,ｶﾄﾞｶﾜﾌﾞﾝｺ ｱ-6-900,赤川 次郎 著　有栖川 有栖 著　小川 勝己 著　北森 鴻 著　京極 夏彦 著　栗本 薫 著　柴田 よしき 著　菅 浩江 著　服部 まゆみ 著,ｱｶｶﾞﾜ ｼﾞﾛｳ ｱﾘｽｶﾞﾜ ｱﾘｽ ｵｶﾞﾜ ｶﾂﾐ ｷﾀﾓﾘ ｺｳ ｷｮｳｺﾞｸ ﾅﾂﾋｺ ｸﾘﾓﾄ ｶｵﾙ ｼﾊﾞﾀ ﾖｼｷ ｽｶﾞ ﾋﾛｴ ﾊｯﾄﾘ ﾏﾕﾐ,,913.68,ｷ,,角川グループパブリッシング（発売）,2012,398p,15cm,667,12059876,飄々とした雰囲気をもちながら、難事件を解決に導く名探偵金田一耕助が、現代作家の手でいま、甦る。金田一耕助に正面から挑んだ快作や、ある事件の「その後」を描いたパラレル作などを収録したアンソロジー。,ショウセツ（ニホン） ショウセツシュウ　小説（日本） 小説集,寄付,,,文庫書架,,,,,False,,,,False,,,,False,False,True,,
9784-041009567,80981,2023/10/07,カブキブ！　１,ｶﾌﾞｷ ﾌﾞ,,,角川文庫　え９－１,ｶﾄﾞｶﾜﾌﾞﾝｺ ｴ-9-1,榎田 ユウリ 著,ｴﾀﾞ ﾕｳﾘ,,913.6,ｴ,1,ＫＡＤＯＫＡＷＡ,2013,261p,15cm,520,15142279,高校１年の来栖黒悟は、祖父の影響で歌舞伎が大好き。歌舞伎を部活でやってみたい、でもそんな部はない。入学早々「カブキブ」設立を担任に訴えるが反応は鈍く、同好会ならと言われるのが精一杯で…。,,寄付,,520,文庫書架,,,,,False,,,,False,,,,False,False,True,,
9784-041010372,80982,2023/10/07,カブキブ！　２,ｶﾌﾞｷ ﾌﾞ,,,角川文庫　え９－２,ｶﾄﾞｶﾜﾌﾞﾝｺ ｴ-9-2,榎田 ユウリ 著,ｴﾀﾞ ﾕｳﾘ,,913.6,ｴ,2,ＫＡＤＯＫＡＷＡ,2013,243p,15cm,520,13054307,カブキ同好会を結成した高１のクロ。だがお披露目舞台を前に熱中症で倒れてしまい、同学年で歌舞伎経験者の阿久津が代役をこなす。次なる舞台は文化祭。人気実力を兼ね備える演劇部と、場所の取り合いで対決することになり！？,,寄付,,520,文庫書架,,,,,False,,,,False,,,,False,False,True,,
9784-041013632,80983,2023/10/07,カブキブ！　３,ｶﾌﾞｷ ﾌﾞ,,,角川文庫　え９－３,ｶﾄﾞｶﾜﾌﾞﾝｺ ｴ-9-3,榎田 ユウリ 著,ｴﾀﾞ ﾕｳﾘ,,913.6,ｴ,3,ＫＡＤＯＫＡＷＡ,2014,232p,15cm,480,14042959,文化祭での公演を大盛況のうちに終えた、カブキ同好会の面々。裏方を務める部長の来栖黒悟は、手応えを感じる。それには同級生・阿久津の力も大きかった。しかし歌舞伎役者・三代目白銀屋が、阿久津に会いたいと言い出して…。,,寄付,,480,文庫書架,,,,,False,,,,False,,,,False,False,True,,
9784-041033555,80984,2023/10/07,カブキブ！　４,ｶﾌﾞｷ ﾌﾞ,,,角川文庫　え９－４,ｶﾄﾞｶﾜﾌﾞﾝｺ ｴ-9-4,榎田 ユウリ 著,ｴﾀﾞ ﾕｳﾘ,,913.6,ｴ,4,ＫＡＤＯＫＡＷＡ,2015,274p,15cm,560,15048699,カブキ同好会に新入生がやってきた。カブキ部昇格に向け張り切るクロだったが、新たな指導員が決定したことから、話はおかしな方向に。新指導員のスパルタ入部テストのせいで、新入部員がどんどん減っていき…。,,寄付,,560,文庫書架,,,,,False,,,,False,,,,False,False,True,,
9784-041033562,80985,2023/10/07,カブキブ！　５,ｶﾌﾞｷ ﾌﾞ,,,角川文庫　え９－５,ｶﾄﾞｶﾜﾌﾞﾝｺ ｴ-9-5,榎田 ユウリ 著,ｴﾀﾞ ﾕｳﾘ,,913.6,ｴ,5,ＫＡＤＯＫＡＷＡ,2016,250p,15cm,560,16057441,部長・来栖は文化祭に新演目「毛抜」を提案。この演目は登場人物が多く、１年生の出演が必須。しかし個性的な３人の後輩たちには、それぞれに弱点が。それを克服させるため、クロが考え出した秘策とは？,,寄付,,560,文庫書架,,,,,False,,,,False,,,,False,False,True,,
9784-041047705,80958,2023/08/29,猟師になりたい！　〔１〕,ﾘｮｳｼ ﾆ ﾅﾘﾀｲ,,,角川文庫　き４０－１,ｶﾄﾞｶﾜﾌﾞﾝｺ ｷ-40-1,北尾 トロ 著,ｷﾀｵ ﾄﾛ,,659,ｷ,1,ＫＡＤＯＫＡＷＡ,2016,221p,15cm,640,16051934,狩猟免許や銃砲所持許可を取得するまでの戸惑い、初めて持つ銃の重さ、獲物の探し方…。新米猟師は獲物を仕留められるのか？　多くの先輩から教えを受けつつフントーした１年目の日々を気負わず綴ったレポ。,シュリョウ　狩猟,図書費,佐藤教栄,640,文庫書架,,,,,False,,,,False,,,,False,False,True,,
9784-041052648,80986,2023/10/07,カブキブ！　６,ｶﾌﾞｷ ﾌﾞ,,,角川文庫　え９－６,ｶﾄﾞｶﾜﾌﾞﾝｺ ｴ-9-6,榎田 ユウリ 著,ｴﾀﾞ ﾕｳﾘ,,913.6,ｴ,6,ＫＡＤＯＫＡＷＡ,2017,259p,15cm,560,17014581,文化祭での公演を目指して励むカブキ部だが、因縁の演劇部との対立が悪化。おまけに公演予定だった場所が使えない！？　クロの親友・トンボの機転で、演劇部との観客動員数での勝負を条件に、なんとか場所を確保するが…。,,寄付,,560,文庫書架,,,,,False,,,,False,,,,False,False,True,,
9784-041056950,80987,2023/10/07,カブキブ！　７,ｶﾌﾞｷ ﾌﾞ,,,角川文庫　え９－７,ｶﾄﾞｶﾜﾌﾞﾝｺ ｴ-9-7,榎田 ユウリ 著,ｴﾀﾞ ﾕｳﾘ,,913.6,ｴ,7,ＫＡＤＯＫＡＷＡ,2017,250p,15cm,560,17054542,文化祭で演目「毛抜」を披露する直前、姿を消した部長の来栖黒悟。学内を探し回るトンボの前に現れたのは、従妹の渡子。そして、懸命に時間稼ぎをする部員たちの助っ人となったのは…。文化祭はどうなる？　最終巻。,,寄付,,560,文庫書架,,,,,False,,,,False,,,,False,False,True,,
9784-041077887,80934,2023/06/21,竜鏡の占人　リオランの鏡,ﾘｭｳｷｮｳ ﾉ ｾﾝｼﾞﾝ,,,角川文庫　い１０２－１,ｶﾄﾞｶﾜﾌﾞﾝｺ ｲ-102-1,乾石 智子 著,ｲﾇｲｼ ﾄﾓｺ,,913.6,ｲ,,ＫＡＤＯＫＡＷＡ,2019,386p,15cm,840,19002981,オアシス国家リオランの妃は闇に囚われた傾国の美女だった。彼女は己の欲望を満たすため、その魔手を三人の王子に伸ばす。王子アラバスは闇の力に打ち勝てるのか？　魔術と陰謀が渦巻く東方ファンタジー。,,図書費,佐藤教栄,840,文庫書架,,,,,False,,,,False,,,,False,False,True,,
9784-041126059,52284,2023/08/31,お役に立ちます！二級建築士楠さくらのハッピーリフォーム,ｵﾔｸ ﾆ ﾀﾁﾏｽ ﾆｷｭｳ ｹﾝﾁｸｼ ｸｽﾉｷ ｻｸﾗ ﾉ ﾊｯﾋﾟｰ ﾘﾌｫｰﾑ,,,角川文庫　み５７－１,ｶﾄﾞｶﾜﾌﾞﾝｺ ﾐ-57-1,未上 夕二 著,ﾐｶﾐ ﾕｳｼﾞ,,913.6,ミ,,ＫＡＤＯＫＡＷＡ,2023,298p,15cm,880,23007057,父の遺志を継ぎ、建築士となった楠さくらのもとには、さまざまなリフォームの案件が持ち込まれる。持ち前のまっすぐさであたるさくらの提案する改築案は、いつしかクライアントたちの生き方までも変えてゆき…。,,図書費,ＴＲＣ,880,文庫書架,,,,,False,,,,False,,,,False,False,False,,
9784-041128886,80937,2023/06/21,火狩りの王　１　春ノ火,ﾋｶﾘ ﾉ ｵｳ ﾊﾙ ﾉ ﾋ,,,角川文庫　ひ３６－１,ｶﾄﾞｶﾜﾌﾞﾝｺ ﾋ-36-1,日向 理恵子 著,ﾋﾅﾀ ﾘｴｺ,,913.6,ﾋ,1,ＫＡＤＯＫＡＷＡ,2022,376p,15cm,760,22045164,最終戦争後、人類は火を扱えない病に冒され、細々と暮らしていた。森に囲まれた村に住む灯子と、母を亡くし妹と名家に迎え入れられた煌四。２人の人生が交差する時、運命が動き出す－。ＷＯＷＯＷオリジナルアニメの原作。,,図書費,佐藤教栄,760,文庫書架,,,,,False,,,,False,,,,False,False,True,,
9784-041132197,52387,2023/09/01,僕たちの月曜日,ﾎﾞｸ ﾀﾁ ﾉ ｹﾞﾂﾖｳﾋﾞ,,,角川文庫　あ２５０－１,ｶﾄﾞｶﾜﾌﾞﾝｺ ｱ-250-1,彩瀬 まる 著　一穂 ミチ 著　小山 健 著　夏川 草介 著　古市 憲寿 著　吉田 大助 編,ｱﾔｾ ﾏﾙ ｲﾁﾎ ﾐﾁ ｺﾔﾏ ｹﾝ ﾅﾂｶﾜ ｿｳｽｹ ﾌﾙｲﾁ ﾉﾘﾄｼ ﾖｼﾀﾞ ﾀﾞｲｽｹ,,913.6,ボ,,ＫＡＤＯＫＡＷＡ,2023,316p,15cm,800,23002469,局のエースアナウンサー、研修中の医者の卵、冴えないテレビマン、子育てしながら新しい仕事を探す主夫…。仕事とプライベートの両立に悩む男性の働き方を描いたアンソロジー。マンガを含む全５作品を収録する。,ショウセツ（ニホン） ショウセツシュウ　小説（日本） 小説集,図書費,ＴＲＣ,800,文庫書架,,,,,False,,,,False,,,,False,False,False,,
9784-041132203,52388,2023/09/01,私たちの金曜日,ﾜﾀｼ ﾀﾁ ﾉ ｷﾝﾖｳﾋﾞ ﾜﾀｸｼ ﾀﾁ ﾉ ｷﾝﾖｳﾋﾞ,,,角川文庫　あ２５０－２,ｶﾄﾞｶﾜﾌﾞﾝｺ ｱ-250-2,有川 ひろ 著　恩田 陸 著　桐野 夏生 著　田辺 聖子 著　津村 記久子 著　山本 文緒 著　綿矢 りさ 著　三宅 香帆 編,ｱﾘｶﾜ ﾋﾛ ｵﾝﾀﾞ ﾘｸ ｷﾘﾉ ﾅﾂｵ ﾀﾅﾍﾞ ｾｲｺ ﾂﾑﾗ ｷｸｺ ﾔﾏﾓﾄ ﾌﾐｵ ﾜﾀﾔ ﾘｻ ﾐﾔｹ ｶﾎ,,913.6,ワ,,ＫＡＤＯＫＡＷＡ,2023,243p,15cm,740,23002479,ストレスから職場を転々とする会社員、小壜をロッカーに隠し置くミステリアスな同僚、上京した売れない地下アイドル…。思い通りに仕事をすることが叶わないなかで働く様々な女性たちを描いた短編７作品を収録。,ショウセツ（ニホン） ショウセツシュウ　小説（日本） 小説集,図書費,ＴＲＣ,740,文庫書架,,,,,False,,,,False,,,,False,False,False,,
9784-041132258,52286,2023/08/31,魔女と過ごした七日間,ﾏｼﾞｮ ﾄ ｽｺﾞｼﾀ ﾅﾉｶｶﾝ,,,,,東野 圭吾 著,ﾋｶﾞｼﾉ ｹｲｺﾞ,,913.6,ヒ,,ＫＡＤＯＫＡＷＡ,2023,410p,19cm,1800,23010418,ＡＩによる監視システムが強化された日本。指名手配犯捜しのスペシャリストだった元刑事が殺された。不思議な女性・円華に導かれ、父を亡くした少年の冒険が始まる－。「ラプラスの魔女」シリーズ。,,図書費,ＴＲＣ,1800,図書室,,,,,False,,,,False,,,,False,False,False,,
9784-041134498,52282,2023/08/31,Ａｎｏｔｈｅｒ　ｓｉｄｅ　ｏｆ辻村深月,ｱﾅｻﾞｰ ｻｲﾄﾞ ｵﾌﾞ ﾂｼﾞﾑﾗ ﾐｽﾞｷ,,,,,辻村 深月 著,ﾂｼﾞﾑﾗ ﾐｽﾞｷ,,910.2,ツ,,ＫＡＤＯＫＡＷＡ,2023,305p,21cm,1700,23011873,唯一無二の小説を生み出し続ける辻村深月の裏側を徹底解剖。書下ろし短編小説「薄明の流れ星」、書籍未収録短編「影踏みの記憶」、全作品解説インタビュー、宮部みゆき・伊坂幸太郎との特別対談などを収録。,ツジムラ ミズキ　辻村深月,図書費,ＴＲＣ,1700,図書室,,,,,False,,,,False,,,,False,False,False,,
9784-041134818,52386,2023/09/01,人間レコード　夢野久作怪奇暗黒傑作選,ﾆﾝｹﾞﾝ ﾚｺｰﾄﾞ,,,角川文庫　ゆ２－９,ｶﾄﾞｶﾜﾌﾞﾝｺ ﾕ-2-9,夢野 久作 著,ﾕﾒﾉ ｷｭｳｻｸ,,913.6,ユ,,ＫＡＤＯＫＡＷＡ,2023,254p,15cm,680,23007065,昭和×年、下関に着いた連絡船から、老人が降り立った。骨と皮ばかりの痩せ衰えた老人には、強国によって驚天動地の人体実験が施されていて…。表題作のほか、人間心理を根底から揺るがす全５編を収録した怪奇・暗黒小説集。,,図書費,ＴＲＣ,680,文庫書架,,,,,False,,,,False,,,,False,False,False,,
9784-046059451,52283,2023/08/31,大人の教養面白いほどわかる地理,ｵﾄﾅ ﾉ ｷｮｳﾖｳ ｵﾓｼﾛｲ ﾎﾄﾞ ﾜｶﾙ ﾁﾘ,,,,,瀬川 聡 著,ｾｶﾞﾜ ｽﾅｵ,,290,セ,,ＫＡＤＯＫＡＷＡ,2023,255p,21cm,1500,23012652,国際社会に必要なグローバルな観点は、高校地理が全て教えてくれる。高校生が使っている人気参考書を、もう一度「地理」を学び直したいという大人に向けて再編集する。,チリガク　地理学,図書費,ＴＲＣ,1500,図書室,,,,,False,,,,False,,,,False,False,False,,
9784-046060082,52285,2023/08/31,体と心をラクにする鉄分貯金　疲れと不調にサヨナラ！,ｶﾗﾀﾞ ﾄ ｺｺﾛ ｵ ﾗｸ ﾆ ｽﾙ ﾃﾂﾌﾞﾝ ﾁｮｷﾝ,,,,,細川 モモ 著　村野 直子 監修,ﾎｿｶﾜ ﾓﾓ ﾑﾗﾉ ﾅｵｺ,,493.1,ホ,,ＫＡＤＯＫＡＷＡ,2023,127p,21cm,1400,23006017,「疲れやすい」「朝起きられない」は鉄分チャージで変えられる！　鉄不足の症状を解説し、鉄食材と自分に合った取り入れ方、鉄をしっかりチャージできる１週間の献立、鉄サプリメントの効果的な使い方などを紹介する。,ヒンケツ　ショクジリョウホウ　貧血　食餌療法,図書費,ＴＲＣ,1400,図書室,,,,,False,,,,False,,,,False,False,False,,
9784-048975742,52287,2023/08/31,やだなー本　その「やだなー」はアイデアに変えられるかも、変えられないかも,ﾔﾀﾞﾅｰ ﾎﾞﾝ,,,,,明円 卓 著,ﾐｮｳｴﾝ ｽｸﾞﾙ,,141.5,ミ,,ＫＡＤＯＫＡＷＡ,2023,191p,19cm,1250,23016760,外出中にＺＩＰファイルが送られてくる、トイレで自分が入った直後に人が入る…。食、生活、仕事、ＳＮＳなどにおける３００の「やだなー」を収録。アイデアを考える方法「やだなー発想法」も掲載する。書き込み式ページあり。,シコウ　ソウゾウセイ　思考　創造性,図書費,ＴＲＣ,1250,図書室,,,,,False,,,,False,,,,False,False,False,,
9784-049138801,80881,2023/06/06,８６－エイティシックス－　Ｅｐ．１０　フラグメンタル・ネオテニー,ｴｲﾃｨｼｯｸｽ ｴｲﾃｨｰｼｯｸｽ ﾌﾗｸﾞ ﾒﾝﾀﾙ ﾈｵﾃﾆｰ,,,電撃文庫　３７９２,ﾃﾞﾝｹﾞｷﾌﾞﾝｺ 3792,安里 アサト 著,ｱｻﾄ ｱｻﾄ,,913.6,ｱ,10,ＫＡＤＯＫＡＷＡ,2021,361p,15cm,670,21024588,シンの過去を描いた「フラグメンタル・ネオテニー」をはじめ、シンたち５人の明るく楽しい死出の旅路を描いた「レテな畔」など、８６区時代の話を収録した短編集。『カクヨム』他掲載に書きおろし加えて文庫化。,,図書費,佐藤共栄,670,文庫書架,,,,,False,,,,False,,,,False,False,True,,
9784-054068728,80974,2023/08/29,不思議の国の猫たち,ﾌｼｷﾞ ﾉ ｸﾆ ﾉ ﾈｺ ﾀﾁ,,,,,仁木 悦子 編,ﾆｷ ｴﾂｺ,,913.68,ﾌ,,Ｇａｋｋｅｎ,2023,269p,20cm,1800,23007246,日本最初の猫小説アンソロジーの復刊。眉村卓「ピーや」、芥川龍之介「お富の貞操」、古今亭志ん生「猫の皿」、水木しげる「ねこ忍」、星新一「ネコ」など、ミステリアスな１２匹の猫の物語を収録する。,ショウセツ（ニホン） ショウセツシュウ　小説（日本） 小説集,図書費,佐藤教栄,1800,図書室,,,,,False,,,,False,,,,False,False,True,,
9784-054068988,52281,2023/08/31,空とラッパと小倉トースト,ｿﾗ ﾄ ﾗｯﾊﾟ ﾄ ｵｸﾞﾗﾄｰｽﾄ,,,,,オザワ部長 著,ｵｻﾞﾜ ﾌﾞﾁｮｳ,,913.6,オ,,Ｇａｋｋｅｎ,2023,246p,19cm,1540,23010492,天真爛漫な少女・天川美森はトランペットを吹く天才少年・安曇響と出会い、まったくの未経験で名門・愛知名晋高校吹奏楽部へ飛び込む。そこで才能に目覚めた美森は、トランペットの音色とともに思いもしない運命へと導かれ…。,,図書費,ＴＲＣ,1540,図書室,,,,,False,,,,False,,,,False,False,False,,
9784-062930017,80855,2023/04/26,幕が上がる,ﾏｸ ｶﾞ ｱｶﾞﾙ,,,講談社文庫　ひ４５－２,ｺｳﾀﾞﾝｼｬﾌﾞﾝｺ ﾋ-45-2,平田 オリザ 著,ﾋﾗﾀ ｵﾘｻﾞ,,913.6,ﾋ,,講談社,2014,353p,15cm,690,14063511,地方の高校演劇部を指導することになった教師が部員たちに全国大会を意識させる。高い目標を得た部員たちは恋や勉強よりも演劇ひとすじの日々に…。心を揺さぶる、文化系青春小説。２０１５年２月公開の同名映画の原作。,,図書費,佐藤教栄,690,文庫書架,,,,,False,,,,False,,,,False,False,True,,
9784-065190302,80856,2023/04/26,オリンピックへ行こう！,ｵﾘﾝﾋﾟｯｸ ｴ ｲｺｳ,,,講談社文庫　し４２－２５,ｺｳﾀﾞﾝｼｬﾌﾞﾝｺ ｼ-42-25,真保 裕一 著,ｼﾝﾎﾟ ﾕｳｲﾁ,,913.6,ｼ,,講談社,2020,379p,15cm,740,20021253,スポーツ選手ならだれもが憧れるオリンピック。大学卓球チーム内の軋轢や友情、競歩ランナーの孤独、サッカー選手の挫折と希望、各競技で日本代表を目指すアスリートを描く爽快感動ストーリー。「行こう！」シリーズ第４弾。,,図書費,佐藤教栄,740,文庫書架,,,,,False,,,,False,,,,False,False,True,,
9784-065260357,80936,2023/06/21,歪んだ波紋,ﾕｶﾞﾝﾀﾞ ﾊﾓﾝ,,,講談社文庫　し１０４－７,ｺｳﾀﾞﾝｼｬﾌﾞﾝｺ ｼ-104-7,塩田 武士 著,ｼｵﾀ ﾀｹｼ,,913.6,ｼ,,講談社,2021,365p,15cm,780,21046933,地方紙記者の沢村は、調査報道チームのデスクから一枚の写真を見せられる。同僚記者がひき逃げ事件の犯行車両とスクープしたものだ。沢村は取材へ急行するが－。「誤報」を通じて現代社会の虚と実に迫る。ＮＨＫドラマの原作。,,図書費,佐藤教栄,780,文庫書架,,,,,False,,,,False,,,,False,False,True,,
9784-065273470,80868,2023/05/29,爆弾,ﾊﾞｸﾀﾞﾝ,,,,,呉 勝浩 著,ｺﾞ ｶﾂﾋﾛ,,913.6,ｺﾞ,,講談社,2022,425p,20cm,1800,22017055,都民１４００万人を人質にとる無差別爆破テロ。爆弾の在り処の手がかりは、容疑者と思しき中年男が出す“クイズ”のみ。狭小な取調室の中で、正体不明の容疑者と警察の戦いが始まる。『小説現代』掲載を単行本化。,,図書費,佐藤共栄,1800,図書室,,,,,False,,,,False,,,,False,False,True,,
9784-065283998,52301,2023/08/31,齋藤孝の大人の教養図鑑,ｻｲﾄｳ ﾀｶｼ ﾉ ｵﾄﾅ ﾉ ｷｮｳﾖｳ ｽﾞｶﾝ,,,,,齋藤 孝 編,ｻｲﾄｳ ﾀｶｼ,,049,サ,,講談社,2023,271p,21cm,2400,23017808,「放射性元素と言えば、年縞」「エルヴィス・プレスリーと言えば、ナポレオン」など、ジャンルを超えた知識のつながりを楽しめる図鑑。豊富な図版と３００を超えるＱ＆Ａで、歴史、美術、科学、芸術などの教養が身につく。,,図書費,ＴＲＣ,2400,図書室,,,,,False,,,,False,,,,False,False,False,,
9784-065292686,80866,2023/05/29,方舟,ﾊｺﾌﾞﾈ,,,,,夕木 春央 著,ﾕｳｷ ﾊﾙｵ,,913.6,ﾕ,,講談社,2022,301p,19cm,1600,22035376,地震によって山奥の地下建築に閉じ込められた柊一たち。水が流入しはじめ、地下建築の水没までおよそ１週間。地下建築から脱出するためには、９人のうち誰か１人を犠牲にしなければならない。そんななか、殺人事件が起こり…。,,図書費,佐藤共栄,1600,図書室,,,,,False,,,,False,,,,False,False,True,,
9784-065293812,80875,2023/05/29,１日４分世界標準の科学的トレーニング　今日から始める「タバタトレーニング」,ｲﾁﾆﾁ ﾖﾝ ﾌﾟﾝ ｾｶｲ ﾋｮｳｼﾞｭﾝ ﾉ ｶｶﾞｸﾃｷ ﾄ ﾚｰﾆﾝｸﾞ,,,ブルーバックス　Ｂ－２２１３,ﾌﾞﾙｰﾊﾞｯｸｽ B-2213,田畑 泉 著,ﾀﾊﾞﾀ ｲｽﾞﾐ,,780.7,ﾀ,,講談社,2022,253p,18cm,1000,22036606,２０秒の運動と１０秒の休息を８セットというシンプルなトレーニングがなぜ効果があるのか。そのメソッドと科学的根拠を徹底解説する。動画が視聴できるＱＲコード付き。,トレーニング　トレーニング,図書費,佐藤共栄,1000,新書書架,,,,,False,,,,False,,,,False,False,True,,
9784-065299562,52390,2023/09/01,復讐の協奏曲,ﾌｸｼｭｳ ﾉ ｺﾝﾁｪﾙﾄ ﾌｸｼｭｳ ﾉ ｷｮｳｿｳｷｮｸ,,,講談社文庫　な９１－５,ｺｳﾀﾞﾝｼｬﾌﾞﾝｺ ﾅ-91-5,中山 七里 著,ﾅｶﾔﾏ ｼﾁﾘ,,913.6,ナ,,講談社,2023,371p,15cm,760,23006120,少女を惨殺した過去を持つ弁護士・御子柴の事務所に多数の懲戒請求書が届くなか、事務員の洋子が夕食をともにした男が遺体で見つかり、洋子が殺人容疑で逮捕される。弁護を引き受けた御子柴は、洋子の過去に疑念を覚え…。,,図書費,ＴＲＣ,760,文庫書架,,,,,False,,,,False,,,,False,False,False,,
9784-065312629,52300,2023/08/31,戦物語,ｲｸｻ ﾓﾉｶﾞﾀﾘ,,,講談社ＢＯＸ,ｺｳﾀﾞﾝｼｬﾎﾞｯｸｽ,西尾 維新 著,ﾆｼｵ ｲｼﾝ,,913.6,ニ,,講談社,2024,213p,19cm,1350,23020057,遂に結婚した阿良々木暦と戦場ケ原ひたぎ。一風変わったふたりの新婚旅行には、忍野忍と神原駿河が同行し、怪異の調査も旅程に含まれている。暦はひたぎと忍に関係したある計画を秘めていて…。,,図書費,ＴＲＣ,1350,図書室,,,,,False,,,,False,,,,False,False,False,,
9784-065314685,52302,2023/08/31,ザ・ベストミステリーズ　２０２０,ｻﾞ ﾍﾞｽﾄ ﾐｽﾃﾘｰｽﾞ,,,講談社文庫　に６－９４,ｺｳﾀﾞﾝｼｬﾌﾞﾝｺ ﾆ-6-94,日本推理作家協会 編　矢樹 純 ほか著,ﾆﾎﾝｽｲﾘｻｯｶｷｮｳｶｲ ﾔｷﾞ ｼﾞｭﾝ,,913.6,ザ,２０,講談社,2023,481p,15cm,1000,23015955,２０１９年に発表された短編ミステリーの中から、ミステリーのプロが傑作を厳選。日本推理作家協会賞短編部門受賞作、矢樹純「夫の骨」、秋吉理香子「神様」、知念実希人「傷の証言」など全９編を収録する。,ショウセツ（ニホン） ショウセツシュウ　小説（日本） 小説集,図書費,ＴＲＣ,1000,文庫書架,,,,,False,,,,False,,,,False,False,False,,
9784-065314869,52303,2023/08/31,大学病院の奈落,ﾀﾞｲｶﾞｸ ﾋﾞｮｳｲﾝ ﾉ ﾅﾗｸ,,,講談社文庫　た１３９－１,ｺｳﾀﾞﾝｼｬﾌﾞﾝｺ ﾀ-139-1,高梨 ゆき子 著,ﾀｶﾅｼ ﾕｷｺ,,498.1,タ,,講談社,2023,349p,15cm,780,23015989,死亡率１２％－。未熟な技量で高度医療に挑む「野心家」医師と、ポストに執着する教授たちが引き起こした大学病院の惨劇。なぜ変わらないのか。なぜ変われないのか。新聞協会賞受賞記者が書き尽くす医療ノンフィクション。,イリョウジコ　グンマダイガクイガクブフゾクビョウイン　医療事故　群馬大学医学部附属病院,図書費,ＴＲＣ,780,文庫書架,,,,,False,,,,False,,,,False,False,False,,
9784-065316238,80963,2023/08/29,からだの錯覚　脳と感覚が作り出す不思議な世界,ｶﾗﾀﾞ ﾉ ｻｯｶｸ,,,ブルーバックス　Ｂ－２２２８,ﾌﾞﾙｰﾊﾞｯｸｽ B-2228,小鷹 研理 著,ｺﾀﾞｶ ｹﾝﾘ,,145.5,ｺ,,講談社,2023,253p,18cm,1000,23015970,目の前の人の手と自分の手が入れ替わる、ペンと自分の指がつながるといった「からだの錯覚」の研究から見えてきた、脳、五感、からだが相互に反応し合うしくみ、人に備わった認知システムに迫る。,サッカク　錯覚,図書費,佐藤教栄,1000,新書書架,,,,,False,,,,False,,,,False,False,True,,
9784-065318003,52304,2023/08/31,星に仄めかされて,ﾎｼ ﾆ ﾎﾉﾒｶｻﾚﾃ,,,講談社文庫　た７４－６,ｺｳﾀﾞﾝｼｬﾌﾞﾝｺ ﾀ-74-6,多和田 葉子 著,ﾀﾜﾀﾞ ﾖｳｺ,,913.6,タ,,講談社,2024,383p,15cm,780,23019725,留学中に「母国の島国」が消滅してしまった女性、Ｈｉｒｕｋｏがつくり出した独自の言語〈パンスカ〉は、見知らぬ人々を結びつけ…。「地球にちりばめられて」に続く、国境を越えたサーガ第２部。,,図書費,ＴＲＣ,780,文庫書架,,,,,False,,,,False,,,,False,False,False,,
9784-086802888,80861,2023/04/26,思い出とひきかえに、君を,ｵﾓｲﾃﾞ ﾄ ﾋｷｶｴ ﾆ ｷﾐ ｵ,,,集英社オレンジ文庫　し９－１,ｼｭｳｴｲｼｬｵﾚﾝｼﾞﾌﾞﾝｺ ｼ-9-1,柴野 理奈子 著,ｼﾊﾞﾉ ﾘﾅｺ,,913.6,ｼ,,集英社,2019,233p,15cm,550,19051089,片思い中の陸斗が事故にあったその日、ひまりは思い出とひきかえに願い事を１つ叶えてくれる不思議な店に迷い込む。陸斗を助けるために彼との思い出を売るひまりは、大事な出来事の記憶まで失い、陸斗とすれ違ってしまう…。,,図書費,佐藤教栄,550,文庫書架,,,,,False,,,,False,,,,False,False,True,,
9784-086804370,80862,2023/04/26,これは経費で落ちません！　９　経理部の森若さん,ｺﾚ ﾜ ｹｲﾋ ﾃﾞ ｵﾁﾏｾﾝ ｹｲﾘﾌﾞ ﾉ ﾓﾘﾜｶ ｻﾝ,,,集英社オレンジ文庫　あ３－１０,ｼｭｳｴｲｼｬｵﾚﾝｼﾞﾌﾞﾝｺ ｱ-3-10,青木 祐子 著,ｱｵｷ ﾕｳｺ,,913.6,ｱ,9,集英社,2022,245p,15cm,590,22011727,営業部は水面下での争いが絶えず、広報課は後進の育成で騒がしい。亜希は成績トップを目指して精力的に仕事をこなし、上司との交流にも積極的だ。一方、沙名子は山崎から食事に誘われ…。,,図書費,佐藤教栄,590,文庫書架,,,,,False,,,,False,,,,False,False,True,,
9784-086804790,80909,2023/06/12,これは経費で落ちません！　１０　経理部の森若さん,ｺﾚ ﾜ ｹｲﾋ ﾃﾞ ｵﾁﾏｾﾝ ｹｲﾘﾌﾞ ﾉ ﾓﾘﾜｶ ｻﾝ,,,集英社オレンジ文庫　あ３－１１,ｼｭｳｴｲｼｬｵﾚﾝｼﾞﾌﾞﾝｺ ｱ-3-11,青木 祐子 著,ｱｵｷ ﾕｳｺ,,913.6,ｱ,10,集英社,2022,248p,15cm,630,22050710,天天コーポレーションの税務調査が始まった。調査官たちは雑談から不正や不審点を洗い出そうとするなど、気が抜けない。だが沙名子は、先日太陽に言われた「結婚しよう」という言葉がずっと気になっていて…？,,図書費,佐藤教栄,630,文庫書架,,,,,False,,,,False,,,,False,False,True,,
9784-087441727,80992,2023/10/12,東京藝大仏さま研究室,ﾄｳｷｮｳ ｹﾞｲﾀﾞｲ ﾎﾄｹｻﾏ ｹﾝｷｭｳｼﾂ,,,集英社文庫　き２４－１,ｼｭｳｴｲｼｬﾌﾞﾝｺ ｷ-24-1,樹原 アンミツ 著,ｷﾊﾗ ｱﾝﾐﾂ,,913.6,ｷ,,集英社,2020,331p,16cm,680,20043460,学生も教授も少し変わった人ばかり。そんな東京藝術大学で、仏像の保存について研究する「仏さま研究室」の修了課題はなかなか過酷で学生泣かせ。様々な思いを抱え、真心を込めながらも「模刻」に悪戦苦闘する学生たちを描く。,,寄付,,,文庫書架,,,,,False,,,,False,,,,False,False,True,,
9784-087443523,80885,2023/06/06,梟の一族,ﾌｸﾛｳ ﾉ ｲﾁｿﾞｸ,,,集英社文庫　ふ２８－３,ｼｭｳｴｲｼｬﾌﾞﾝｺ ﾌ-28-3,福田 和代 著,ﾌｸﾀﾞ ｶｽﾞﾖ,,913.6,ﾌ,,集英社,2022,451p,16cm,860,22006477,忍者の末裔にして一瞬も眠らない一族“梟”の住む里が、火災で壊滅。誰がどんな目的で里を襲ったのか？　行方不明者の安否は？　“梟”の女子高生・史奈が、巨悪と戦う！　忍者×サイエンスエンターテインメント。,,図書費,佐藤共栄,860,文庫書架,,,,,False,,,,False,,,,False,False,True,,
9784-087444711,80935,2023/06/21,短編旅館,ﾀﾝﾍﾟﾝ ﾘｮｶﾝ,,,集英社文庫　特４－３９,ｼｭｳｴｲｼｬﾌﾞﾝｺ ﾄｸ-4-39,集英社文庫編集部 編　阿部 暁子 著　泉 ゆたか 著　宇山 佳佑 著　谷 瑞恵 著　羽泉 伊織 著,ｼｭｳｴｲｼｬ ｱﾍﾞ ｱｷｺ ｲｽﾞﾐ ﾕﾀｶ ｳﾔﾏ ｹｲｽｹ ﾀﾆ ﾐｽﾞｴ ﾊｲｽﾞﾐ ｲｵﾘ ｼｭｳｴｲｼｬﾌﾞﾝｺﾍﾝｼｭｳﾌﾞ,,913.68,ﾀ,,集英社,2022,278p,16cm,640,22050656,母への想いを再確認する宝塚〈遠征〉、東北の温泉旅館の女将代理の奮闘、１枚のはがきから始まる伊勢の旅…。注目作家陣がさまざまな土地の「旅館」を舞台に紡ぐアンソロジー。『Ｗｅｂ集英社文庫』配信を加筆修正。,ショウセツ（ニホン） ショウセツシュウ　小説（日本） 小説集,図書費,佐藤教栄,640,文庫書架,,,,,False,,,,False,,,,False,False,True,,
9784-087444728,80908,2023/06/12,獣医師、アフリカの水をのむ,ｼﾞｭｳｲｼ ｱﾌﾘｶ ﾉ ﾐｽﾞ ｵ ﾉﾑ,,,集英社文庫　た５０－３,ｼｭｳｴｲｼｬﾌﾞﾝｺ ﾀ-50-3,竹田津 実 著,ﾀｹﾀｽﾞ ﾐﾉﾙ,,294.09,ﾀ,,集英社,2022,318p,16cm,840,22050657,幼い頃「少年ケニヤ」を読んでアフリカに憧れた著者。獣医師となり、ケニアを訪れ、それから通い詰めること４０年。逞しく個性的な人々と動物たちへの思いを写真とともに綴る。『青春と読書』連載に加筆修正。,アフリカ キコウアンナイキ　アフリカ 紀行・案内記,図書費,佐藤教栄,840,文庫書架,,,,,False,,,,False,,,,False,False,True,,
9784-087445077,80910,2023/06/12,風よあらしよ　上,ｶｾﾞ ﾖ ｱﾗｼ ﾖ,,,集英社文庫　む５－４１,ｼｭｳｴｲｼｬﾌﾞﾝｺ ﾑ-5-41,村山 由佳 著,ﾑﾗﾔﾏ ﾕｶ,,913.6,ﾑ,1,集英社,2023,414p,16cm,900,23017174,野心を胸に叔父を頼って上京した伊藤野枝は、上野高等女学校に編入。教師・辻潤との出会いをきっかけに、運命が大きく動き出し…。野枝自身や平塚らいてう、大杉栄らの視点で織りなす、圧巻の評伝小説。,イトウ ノエ　伊藤野枝　イトウ ノエ ショウセツ　伊藤野枝 小説,図書費,佐藤教栄,900,文庫書架,,,,,False,,,,False,,,,False,False,True,,
9784-087445084,80911,2023/06/12,風よあらしよ　下,ｶｾﾞ ﾖ ｱﾗｼ ﾖ,,,集英社文庫　む５－４２,ｼｭｳｴｲｼｬﾌﾞﾝｺ ﾑ-5-42,村山 由佳 著,ﾑﾗﾔﾏ ﾕｶ,,913.6,ﾑ,2,集英社,2023,402p,16cm,900,23017177,夫・辻との関係は空疎になり、『青鞜』の出版も行き詰まる中、大杉栄の存在が日々大きくなっていき…。女として、アナキストとして、明治大正を駆け抜けた伊藤野枝の、短くも鮮烈な生涯を描く。,イトウ ノエ　伊藤野枝　イトウ ノエ ショウセツ　伊藤野枝 小説,図書費,佐藤教栄,900,文庫書架,,,,,False,,,,False,,,,False,False,True,,
9784-087445312,52318,2023/08/31,北のおくりもの　北海道アンソロジー,ｷﾀ ﾉ ｵｸﾘﾓﾉ,,,集英社文庫　特４－４０,ｼｭｳｴｲｼｬﾌﾞﾝｺ ﾄｸ-4-40,集英社文庫編集部 編　浅田 次郎 著　太田 和彦 著　河崎 秋子 著　北大路 公子 著　桜木 紫乃 著　堂場 瞬一 著　馳 星周 著　原田 マハ 著　渡辺 淳一 著,ｼｭｳｴｲｼｬ ｱｻﾀﾞ ｼﾞﾛｳ ｵｵﾀ ｶｽﾞﾋｺ ｶﾜｻｷ ｱｷｺ ｷﾀｵｵｼﾞ ｷﾐｺ ｻｸﾗｷﾞ ｼﾉ ﾄﾞｳﾊﾞ ｼｭﾝｲﾁ ﾊｾ ｾｲｼｭｳ ﾊﾗﾀﾞ ﾏﾊ ﾜﾀﾅﾍﾞ ｼﾞｭﾝｲﾁ ｼｭｳｴｲｼｬﾌﾞﾝｺﾍﾝｼｭｳﾌﾞ,,913.6,キ,,集英社,2024,304p,16cm,680,23020377,北海道を舞台にした５つの短編小説と４つのエッセイを収録。雄大な土地、厳しい冬、豊かな農畜産物や海産物、開拓の歴史など、さまざまな角度から北海道に宿る魅力を切り取ったアンソロジー。,ショウセツ（ニホン） ショウセツシュウ　ズイヒツ ズイヒツシュウ　小説（日本） 小説集　随筆 随筆集,図書費,ＴＲＣ,680,文庫書架,,,,,False,,,,False,,,,False,False,False,,
9784-087450279,80906,2023/06/12,世界を、こんなふうに見てごらん,ｾｶｲ ｵ ｺﾝﾅ ﾌｳ ﾆ ﾐﾃ ｺﾞﾗﾝ,,,集英社文庫　ひ３６－１,ｼｭｳｴｲｼｬﾌﾞﾝｺ ﾋ-36-1,日高 敏隆 著,ﾋﾀﾞｶ ﾄｼﾀｶ,,460.4,ﾋ,,集英社,2013,204p,16cm,440,13003007,昆虫、猫や犬など動物とおしゃべりするには、観察が一番だとわかった。これが、いきものを見つめる原点…。不思議と驚きにみちた世界を「なぜ？」と問い続けた動物行動学者が、自然の魅力をやさしい言葉で綴る。,セイブツ　生物,図書費,佐藤教栄,440,文庫書架,,,,,False,,,,False,,,,False,False,True,,
9784-087455229,80905,2023/06/12,書楼弔堂　破曉,ｼｮﾛｳﾄﾑﾗｲﾄﾞｳ ﾊｷﾞｮｳ,,,集英社文庫　き１５－４,ｼｭｳｴｲｼｬﾌﾞﾝｺ ｷ-15-4,京極 夏彦 著,ｷｮｳｺﾞｸ ﾅﾂﾋｺ,,913.6,ｷ,,集英社,2016,536p,16cm,800,16062956,明治２０年代半ば、東京の外れで無為に過ごしていた高遠は、異様な書舗と巡りあう。本は墓のようなものだという主人が営む店の名は、書楼弔堂。迷える者たちが己のための一冊を求め〈探書〉に訪れ…。書楼弔堂シリーズ第１弾。,,図書費,佐藤教栄,800,文庫書架,,,,,False,,,,False,,,,False,False,True,,
9784-087717846,80863,2023/05/29,ラブカは静かに弓を持つ,ﾗﾌﾞｶ ﾜ ｼｽﾞｶ ﾆ ﾕﾐ ｵ ﾓﾂ,,,,,安壇 美緒 著,ｱﾀﾞﾝ ﾐｵ,,913.6,ｱ,,集英社,2022,300p,19cm,1600,22018403,少年時代のある事件から心を閉ざしてきた橘は、音楽教室への潜入調査を命じられる。目的は著作権法の演奏権を侵害している証拠を掴むこと。美しき孤独なスパイが最後に手にするのは…。『小説すばる』連載を加筆し単行本化。,,図書費,佐藤共栄,1600,図書室,,,,,False,,,,False,,,,False,False,True,,
9784-087718010,80869,2023/05/29,地図と拳,ﾁｽﾞ ﾄ ｺﾌﾞｼ,,,,,小川 哲 著,ｵｶﾞﾜ ｻﾄｼ,,913.6,ｵ,,集英社,2022,633p,20cm,2200,22025550,ひとつの都市が現われ、そして消えた－。日露戦争前夜から第２次大戦までの半世紀、満洲の名もない都市で知略と殺戮が繰り広げられ…。日本ＳＦ界の新星が放つ歴史×空想巨編。『小説すばる』掲載に加筆修正し単行本化。,,図書費,佐藤共栄,2200,図書室,,,,,False,,,,False,,,,False,False,True,,
9784-087754643,52319,2023/08/31,ペニー・レイン,ﾍﾟﾆｰﾚｲﾝ,,,東京バンドワゴン　〔１８〕,ﾄｳｷｮｳﾊﾞﾝﾄﾞﾜｺﾞﾝ 18,小路 幸也 著,ｼｮｳｼﾞ ﾕｷﾔ,,913.6,シ,,集英社,2023,296p,20cm,1700,23017750,堀田家の暮らす下町に〈日英テレビ〉のロケ隊がやってくる！？　そして迎える“大引っ越し大会”。慌ただしい日々に飛び込んでくるのは、かつて閉店したお店の謎や、突然の放火疑惑…。「東京バンドワゴン」第１８弾。,,図書費,ＴＲＣ,1700,図書室,,,,,False,,,,False,,,,False,False,False,,
9784-093891073,52327,2023/08/31,見えないボクと盲導犬アンジーの目もあてられない日々,ﾐｴﾅｲ ﾎﾞｸ ﾄ ﾓｳﾄﾞｳｹﾝ ｱﾝｼﾞｰ ﾉ ﾒ ﾓ ｱﾃﾗﾚﾅｲ ﾋﾋﾞ,,,,,栗山 龍太 原作　栗山ファミリー 文　エイイチ 企画構成・イラスト,ｸﾘﾔﾏ ﾘｮｳﾀ ｸﾘﾔﾏﾌｧﾐﾘｰ ｴｲｲﾁ,,916,ク,,小学館,2023,176p,19cm,1500,23010384,出不精な盲導犬もいる。盲導犬と間違えて人の頭をなでてしまった。自動販売機はロシアンルーレット…。全盲の教師であり、シンガーソングライターでもある栗山龍太と盲導犬アンジーの日常を綴るコミックエッセイ。,シカクショウガイ トウビョウキ　モウドウケン　視覚障害 闘病記　盲導犬,図書費,ＴＲＣ,1500,図書室,,,,,False,,,,False,,,,False,False,False,,
9784-094071504,80850,2023/04/26,予備校のいちばん長い日,ﾖﾋﾞｺｳ ﾉ ｲﾁﾊﾞﾝ ﾅｶﾞｲ ﾋ,,,小学館文庫　む０６－１,ｼｮｳｶﾞｸｶﾝﾌﾞﾝｺ ﾑ-6-1,向井 湘吾 著　西澤 あおい 企画・監修,ﾑｶｲ ｼｮｳｺﾞ ﾆｼｻﾞﾜ ｱｵｲ,,913.6,ﾑ,,小学館,2022,461p,16cm,870,22022287,１９９８年、東大後期日程試験に、過去に類を見ない数学の奇問が出題された。大手予備校も解答速報を出せないなか、中堅予備校のエース数学講師・言問さくらは、どこよりも早く解答速報を出してみせると決意するが…。,,図書費,佐藤教栄,870,文庫書架,,,,,False,,,,False,,,,False,False,True,,
9784-094072198,52396,2023/09/01,ふたつの星とタイムマシン,ﾌﾀﾂ ﾉ ﾎｼ ﾄ ﾀｲﾑﾏｼﾝ,,,小学館文庫　は２４－１,ｼｮｳｶﾞｸｶﾝﾌﾞﾝｺ ﾊ-24-1,畑野 智美 著,ﾊﾀﾉ ﾄﾓﾐ,,913.6,ハ,,小学館,2023,252p,16cm,620,23000538,大学の研究室に置かれた、あやしい“タイムマシン”。美歩は、中学生の自分にある大切なことを伝えるために乗り込むが…。パラレルな世界の近未来でときめきや友情を描くＳＦ短編集。全７編を収録。,,図書費,ＴＲＣ,620,文庫書架,,,,,False,,,,False,,,,False,False,False,,
9784-094072280,52394,2023/09/01,太平洋食堂,ﾀｲﾍｲﾖｳ ｼｮｸﾄﾞｳ,,,小学館文庫　や３３－１,ｼｮｳｶﾞｸｶﾝﾌﾞﾝｺ ﾔ-33-1,柳 広司 著,ﾔﾅｷﾞ ｺｳｼﾞ,,913.6,ヤ,,小学館,2023,557p,16cm,950,23004515,明治３７年、紀州・新宮に洋食屋「太平洋食堂」が開店した。店主は地元で慕われていた医師・大石誠之助。常に貧しき人の側に立って行動する誠之助は、国家から監視されるようになり…。歴史の闇に埋もれた傑士の半生を描く。,オオイシ セイノスケ　大石誠之助　オオイシ セイノスケ ショウセツ　大石誠之助 小説,図書費,ＴＲＣ,950,文庫書架,,,,,False,,,,False,,,,False,False,False,,
9784-094072297,52395,2023/09/01,タイムマシンでは、行けない明日,ﾀｲﾑﾏｼﾝ ﾃﾞﾜ ｲｹﾅｲ ｱｼﾀ  ﾀｲﾑﾏｼﾝ ﾃﾞﾜ ｲｹﾅｲ ｱｽ,,,小学館文庫　は２４－２,ｼｮｳｶﾞｸｶﾝﾌﾞﾝｺ ﾊ-24-2,畑野 智美 著,ﾊﾀﾉ ﾄﾓﾐ,,913.6,ハ,,小学館,2023,429p,16cm,830,23004513,もう一度、君に会いたい。恋した少女を救うため、タイムマシンに乗って、〈あの日〉を変えようと奔走する理系男子。ふたりの運命は変えられるのか…。出会いの奇跡と運命を信じたくなるＳＦ恋愛小説。,,図書費,ＴＲＣ,830,文庫書架,,,,,False,,,,False,,,,False,False,False,,
9784-094072303,52393,2023/09/01,赤ちゃんをわが子として育てる方を求む,ｱｶﾁｬﾝ ｵ ﾜｶﾞｺ ﾄ ｼﾃ ｿﾀﾞﾃﾙ ｶﾀ ｵ ﾓﾄﾑ,,,小学館文庫　い５３－１,ｼｮｳｶﾞｸｶﾝﾌﾞﾝｺ ｲ-53-1,石井 光太 著,ｲｼｲ ｺｳﾀ,,913.6,イ,,小学館,2023,397p,16cm,800,23004504,産婦人科医・菊田昇は、望まぬ妊娠をした女性と子どもを望む夫婦の橋渡しを始める。それは法を犯すことでもあった－。国を相手に闘い「特別養子縁組制度」成立に人生をかけた男の信念の物語。,キクタ ノボル　菊田昇　キクタ ノボル ショウセツ　菊田昇 小説,図書費,ＴＲＣ,800,文庫書架,,,,,False,,,,False,,,,False,False,False,,
9784-094072471,80959,2023/08/29,かすがい食堂　〔３〕　夢のゆくさき,ｶｽｶﾞｲ ｼｮｸﾄﾞｳ  ﾕﾒ ﾉ ﾕｸｻｷ,,,小学館文庫　か５０－４,ｼｮｳｶﾞｸｶﾝﾌﾞﾝｺ ｶ-50-4,伽古屋 圭市 著,ｶｺﾔ ｹｲｲﾁ,,913.6,ｶ,3,小学館,2023,243p,16cm,630,23014171,祖母から駄菓子屋かすがいを引き継いだ楓子が、店の奥で子ども食堂を始めて約２年が経った。同じ商店街を利用する高校生・三千香が「ヤングケアラー」だと確信した楓子は食堂に誘う。楓子の「お節介」は届くのか！？,,図書費,佐藤教栄,630,文庫書架,,,,,False,,,,False,,,,False,False,True,,
9784-101006024,80878,2023/06/06,斜陽　改版,ｼｬﾖｳ,,,新潮文庫,ｼﾝﾁｮｳﾌﾞﾝｺ,太宰 治 著,ﾀﾞｻﾞｲ ｵｻﾑ,,913.6,ﾀﾞ,,新潮社,2003,244p,16cm,340,03031259,,,図書費,佐藤共栄,340,文庫書架,,,,,False,,,,False,,,,False,False,True,,
9784-101006086,80879,2023/06/06,グッド・バイ　改版,ｸﾞｯﾄﾞﾊﾞｲ,,,新潮文庫　た－２－８,ｼﾝﾁｮｳﾌﾞﾝｺ ﾀ-2-8,太宰 治 著,ﾀﾞｻﾞｲ ｵｻﾑ,,913.6,ﾀﾞ,,新潮社,2008,397p,16cm,550,08053357,,,図書費,佐藤共栄,550,文庫書架,,,,,False,,,,False,,,,False,False,True,,
9784-101006116,80877,2023/06/06,パンドラの匣　改版,ﾊﾟﾝﾄﾞﾗ ﾉ ﾊｺ,,,新潮文庫　た－２－１１,ｼﾝﾁｮｳﾌﾞﾝｺ ﾀ-2-11,太宰 治 著,ﾀﾞｻﾞｲ ｵｻﾑ,,913.6,ﾀﾞ,,新潮社,2009,416p,16cm,520,09022078,,,図書費,佐藤共栄,520,文庫書架,,,,,False,,,,False,,,,False,False,True,,
9784-101006147,80876,2023/06/06,もの思う葦　改版,ﾓﾉ ｵﾓｳ ｱｼ,,,新潮文庫,ｼﾝﾁｮｳﾌﾞﾝｺ,太宰 治 著,ﾀﾞｻﾞｲ ｵｻﾑ,,914.6,ﾀﾞ,,新潮社,2002,318p,16cm,490,02029126,,,図書費,佐藤共栄,490,文庫書架,,,,,False,,,,False,,,,False,False,True,,
9784-101035413,80960,2023/08/29,暇と退屈の倫理学,ﾋﾏ ﾄ ﾀｲｸﾂ ﾉ ﾘﾝﾘｶﾞｸ,,,新潮文庫　こ－７３－１,ｼﾝﾁｮｳﾌﾞﾝｺ ｺ-73-1,國分 功一郎 著,ｺｸﾌﾞﾝ ｺｳｲﾁﾛｳ,,104,ｺ,,新潮社,2022,508p,16cm,800,21053197,ウサギ狩りに行く人は本当は何が欲しいのか？　暇と退屈の問題を歴史的、哲学的に論じ、ハイデッガーの退屈論などを紹介。それらの知見をもとに、〈暇と退屈の倫理学〉を構想する。,テツガク　哲学,図書費,佐藤教栄,800,文庫書架,,,,,False,,,,False,,,,False,False,True,,
9784-101039619,80848,2023/04/26,カゲロボ,ｶｹﾞﾛﾎﾞ,,,新潮文庫　き－５０－１,ｼﾝﾁｮｳﾌﾞﾝｺ ｷ-50-1,木皿 泉 著,ｷｻﾞﾗ ｲｽﾞﾐ,,913.6,ｷ,,新潮社,2022,282p,16cm,590,22021769,人間そっくりのロボット「カゲロボ」が、学校等に入り込み、いじめを監視している。そんな都市伝説に沸く教室で、冬はカゲロボと噂される女子から、ある秘密を打ち明けられ…。「はだ」をはじめ、全９編を収録した連作短編集。,,図書費,佐藤教栄,590,文庫書架,,,,,False,,,,False,,,,False,False,True,,
9784-101291222,52328,2023/08/31,音楽は自由にする,ｵﾝｶﾞｸ ﾜ ｼﾞﾕｳ ﾆ ｽﾙ,,,新潮文庫　さ－３７－２,ｼﾝﾁｮｳﾌﾞﾝｺ ｻ-37-2,坂本 龍一 著,ｻｶﾓﾄ ﾘｭｳｲﾁ,,764.7,サ,,新潮社,2024,331p,16cm,1000,23017317,幼稚園での初めての作曲。厳格な父の記憶。高校でのストライキ。ＹＭＯの狂騒。「ラストエンペラー」での苦闘と栄光。同時多発テロの衝撃。そして辿りついた新しい音楽－。５７年間の半生と音楽を自らの言葉で語った自伝。,サカモト リュウイチ　坂本竜一,図書費,ＴＲＣ,1000,文庫書架,,,,,False,,,,False,,,,False,False,False,,
9784-101297736,80849,2023/04/26,あと少し、もう少し,ｱﾄ ｽｺｼ ﾓｳ ｽｺｼ,,,新潮文庫　せ－１２－３,ｼﾝﾁｮｳﾌﾞﾝｺ ｾ-12-3,瀬尾 まいこ 著,ｾｵ ﾏｲｺ,,913.6,ｾ,,新潮社,2015,361p,16cm,670,15017466,あの手に襷をつないで、力を振りしぼって、ゴールまであと少し。寄せ集めメンバーと頼りない先生の元で、最後の駅伝にのぞむ中学生たちの夏を描く青春小説。,,図書費,佐藤教栄,670,文庫書架,,,,,False,,,,False,,,,False,False,True,,
9784-101351322,52329,2023/08/31,真夜中のたずねびと,ﾏﾖﾅｶ ﾉ ﾀｽﾞﾈﾋﾞﾄ,,,新潮文庫　つ－２７－２,ｼﾝﾁｮｳﾌﾞﾝｺ ﾂ-27-2,恒川 光太郎 著,ﾂﾈｶﾜ ｺｳﾀﾛｳ,,913.6,ツ,,新潮社,2024,331p,16cm,670,23017743,言葉を失った震災孤児の少女アキは、占い師の老婆と出会い、共に暮らすことに。ある日、アキは死者の声を聞く。平穏な日々を突如として切り裂く、災害、事故、そして底知れぬ悪意。アキは人探しの探偵へと成長し…。,,図書費,ＴＲＣ,670,文庫書架,,,,,False,,,,False,,,,False,False,False,,
9784-103341949,80865,2023/05/29,しろがねの葉,ｼﾛｶﾞﾈ ﾉ ﾊ,,,,,千早 茜 著,ﾁﾊﾔ ｱｶﾈ,,913.6,ﾁ,,新潮社,2022,314p,20cm,1700,22038019,戦国末期、採掘最盛期を迎える石見銀山。天才山師・喜兵衛に拾われた少女ウメは、銀山の知識と鉱脈のありかを授けられ、女だてらに坑道で働き…。渦巻く欲望と死に抗って生きる女の生涯を描く。『小説新潮』連載を加筆修正。,,図書費,佐藤共栄,1700,図書室,,,,,False,,,,False,,,,False,False,True,,
9784-103522348,80864,2023/05/29,＃真相をお話しします,ﾊｯｼｭﾀｸﾞ ｼﾝｿｳ ｵ ｵﾊﾅｼ ｼﾏｽ,,,,,結城 真一郎 著,ﾕｳｷ ｼﾝｲﾁﾛｳ,,913.6,ﾕ,,新潮社,2022,218p,20cm,1550,22026191,家庭教師の仲介営業マンをする大学生、マッチングアプリに勤しむ中年男、精子提供を始めた夫婦…。でも、何かがおかしい。緻密で大胆な構成と容赦ない「どんでん返し」の新感覚ミステリ短篇集。『小説新潮』掲載を書籍化。,,図書費,佐藤共栄,1550,図書室,,,,,False,,,,False,,,,False,False,True,,
9784-103548614,80922,2023/06/12,死刑のある国で生きる,ｼｹｲ ﾉ ｱﾙ ｸﾆ ﾃﾞ ｲｷﾙ,,,,,宮下 洋一 著,ﾐﾔｼﾀ ﾖｳｲﾁ,,326.41,ﾐ,,新潮社,2022,375p,19cm,1800,22049307,死刑廃止は、本当に唯一の答えなのか。アメリカ、フランス、スペイン、日本それぞれの実情を丹念に取材し、死刑囚や加害者家族、被害者遺族の声から死刑の意味に迫る。『小説新潮』『ＳｌｏｗＮｅｗｓ』掲載を加筆修正。,シケイ　死刑,図書費,佐藤教栄,1800,図書室,,,,,False,,,,False,,,,False,False,True,,
9784-105072711,80894,2023/06/06,母親になって後悔してる,ﾊﾊｵﾔ ﾆ ﾅｯﾃ ｺｳｶｲ ｼﾃﾙ,,,,,オルナ・ドーナト 著　鹿田 昌美 訳,ﾄﾞｰﾅﾄ ｵﾙﾅ ｼｶﾀ ﾏｻﾐ ｵﾙﾅﾄﾞｰﾅﾄ,,367.3,ﾄﾞ,,新潮社,2022,304 10p,19cm,2000,22012447,もし時間を巻き戻せたら、再び母になることを選びますか？　この質問に「ノー」と答えた２３人の女性にインタビュー。母親になることで経験する多様な感情を明らかにし、社会に背負わされる重荷に苦しむ切実な思いを伝える。,ハハ　母,図書費,佐藤共栄,2000,図書室,,,,,False,,,,False,,,,False,False,True,,
9784-105901851,80895,2023/06/06,青いパステル画の男,ｱｵｲ ﾊﾟｽﾃﾙ ｶﾞ ﾉ ｵﾄｺ,,,ＣＲＥＳＴ　ＢＯＯＫＳ,ｸﾚｽﾄﾌﾞｯｸｽ,アントワーヌ・ローラン 著　吉田 洋之 訳,ﾛｰﾗﾝ ｱﾝﾄﾜｰﾇ ﾖｼﾀﾞ ﾋﾛﾕｷ ｱﾝﾄﾜｰﾇﾛｰﾗﾝ,,953.7,ﾛ,,新潮社,2022,156p,20cm,1700,22050417,パリの弁護士ショーモンは、ある日、オークションハウスで自分そっくりの１８世紀の肖像画を高値で落札する。この男は一体誰？　肖像画に描かれていた紋章を頼りに、男の正体を探す旅に出るが…。大人のためのおとぎ話。,,図書費,佐藤共栄,1700,図書室,,,,,False,,,,False,,,,False,False,True,,
9784-106109805,52399,2023/09/01,正義の味方が苦手です,ｾｲｷﾞ ﾉ ﾐｶﾀ ｶﾞ ﾆｶﾞﾃ ﾃﾞｽ,,,新潮新書　９８０,ｼﾝﾁｮｳｼﾝｼｮ 980,古市 憲寿 著,ﾌﾙｲﾁ ﾉﾘﾄｼ,,304,フ,,新潮社,2023,221p,18cm,800,23002439,他人の考え自体を受け入れられず、現実社会の歪みを許容できない「正義の味方」は何だか怖い！　自分にも他人にも自由を認め、ままならない世界を柔軟に生きるための思考法を提示する。『週刊新潮』連載を新書化。,,図書費,ＴＲＣ,800,新書書架,,,,,False,,,,False,,,,False,False,False,,
9784-122034518,80978,2023/10/04,マンガ日本の古典　２　落窪物語,ﾏﾝｶﾞ ﾆﾎﾝ ﾉ ｺﾃﾝ ｵﾁｸﾎﾞﾓﾉｶﾞﾀﾘ,,,中公文庫,ﾁｭｳｺｳﾌﾞﾝｺ,花村 えい子 著,ﾊﾅﾑﾗ ｴｲｺ,,726.1,ﾏ,2,中央公論新社,1999,272p,16cm,590,99026745,,,寄付,,590,文庫書架,,,,,False,,,,False,,,,False,False,True,,
9784-122035089,80979,2023/10/04,マンガ日本の古典　６　和泉式部日記,ﾏﾝｶﾞ ﾆﾎﾝ ﾉ ｺﾃﾝ ｲｽﾞﾐｼｷﾌﾞ ﾆｯｷ,,,中公文庫,ﾁｭｳｺｳﾌﾞﾝｺ,和泉式部 原作　いがらし ゆみこ 著,ｲｽﾞﾐｼｷﾌﾞ ｲｶﾞﾗｼ ﾕﾐｺ,,726.1,ｲ,6,中央公論新社,1999,272p,16cm,590,99039391,,,寄付,,590,文庫書架,,,,,False,,,,False,,,,False,False,True,,
9784-122036390,80980,2023/10/04,マンガ日本の古典　１３　とはずがたり,ﾏﾝｶﾞ ﾆﾎﾝ ﾉ ｺﾃﾝ ﾄﾜｽﾞｶﾞﾀﾘ,,,中公文庫,ﾁｭｳｺｳﾌﾞﾝｺ,後深草院二条 原作　いがらし ゆみこ 著　芝 風美子 脚色,ｺﾞﾌｶｸｻｲﾝ ﾉ ﾆｼﾞｮｳ ｲｶﾞﾗｼ ﾕﾐｺ ｼﾊﾞ ﾌﾐｺ,,726.1,ｲ,13,中央公論新社,2000,272p,16cm,590,00017275,,,寄付,,590,文庫書架,,,,,False,,,,False,,,,False,False,True,,
9784-140886991,52277,2023/08/31,ロシアの眼から見た日本　国防の条件を問いなおす,ﾛｼｱ ﾉ ﾒ ｶﾗ ﾐﾀ ﾆﾎﾝ,,,ＮＨＫ出版新書　６９９,ｴﾇｴｲﾁｹｰｼｭｯﾊﾟﾝｼﾝｼｮ 699,亀山 陽司 著,ｶﾒﾔﾏ ﾖｳｼﾞ,,319.1,カ,,ＮＨＫ出版,2024,267p,18cm,980,23018801,「アメリカの核の傘」の下で平和を享受してきた戦後日本は、ロシアの眼からはどう見えているのか？　元駐露外交官が、日本の現在地と課題を日露関係史から解き明かし、政治的英知に基づく中長期的な安全保障のあり方を問う。,ニホン タイガイカンケイ ロシア レキシ　ニホン コクボウ　日本 対外関係 ロシア 歴史　日本 国防,図書費,ＴＲＣ,980,新書書架,,,,,False,,,,False,,,,False,False,False,,
9784-150119447,80931,2023/06/21,空襲警報　ザ・ベスト・オブ・コニー・ウィリス,ｸｳｼｭｳ ｹｲﾎｳ,,,ハヤカワ文庫　ＳＦ　１９４４,ﾊﾔｶﾜﾌﾞﾝｺｴｽｴﾌ 1944,コニー・ウィリス 著　大森 望 訳,ｳｨﾘｽ ｺﾆｰ ｵｵﾓﾘ ﾉｿﾞﾐ ｺﾆｰｳｨﾘｽ,,933.7,ｳ,,早川書房,2014,431p,16cm,900,14009346,オックスフォード大学史学部の大学院生は、時間遡行技術を使って研究する時代に赴き、観察実習を行っていた。ぼくは大空襲下のロンドンに降り立ち…。表題作ほかウィリスの二大ＳＦ賞受賞短篇全５篇、スピーチ原稿を収録。,,図書費,佐藤教栄,900,文庫書架,,,,,False,,,,False,,,,False,False,True,,
9784-150120382,80914,2023/06/12,オール・クリア　上,ｵｰﾙ ｸﾘｱ,,,ハヤカワ文庫　ＳＦ　２０３８,ﾊﾔｶﾜﾌﾞﾝｺｴｽｴﾌ 2038,コニー・ウィリス 著　大森 望 訳,ｳｨﾘｽ ｺﾆｰ ｵｵﾓﾘ ﾉｿﾞﾐ ｺﾆｰｳｨﾘｽ,,933.7,ｳ,1,早川書房,2015,607p,16cm,1280,15056981,第二次大戦下のイギリスを調査中の史学生３人は、それぞれ未来に帰還するための降下点が使えなくなっているのに気づく。奇跡的に再会した３人は、助け合いながら未来へ戻る方法を探すが…。「ブラックアウト」続篇。,,図書費,佐藤教栄,1280,文庫書架,,,,,False,,,,False,,,,False,False,True,,
9784-150120399,80915,2023/06/12,オール・クリア　下,ｵｰﾙ ｸﾘｱ,,,ハヤカワ文庫　ＳＦ　２０３９,ﾊﾔｶﾜﾌﾞﾝｺｴｽｴﾌ 2039,コニー・ウィリス 著　大森 望 訳,ｳｨﾘｽ ｺﾆｰ ｵｵﾓﾘ ﾉｿﾞﾐ ｺﾆｰｳｨﾘｽ,,933.7,ｳ,2,早川書房,2015,622p,16cm,1280,15056983,１９４０年から戻れなくなったマイク、ポリー、アイリーンの３人は、未来に帰れない理由を探し求めていた。彼らは歴史を変えてしまったのか？　ダンワージー教授と再会を果たしたポリーだったが…。「ブラックアウト」続篇。,,図書費,佐藤教栄,1280,文庫書架,,,,,False,,,,False,,,,False,False,True,,
9784-150200367,80882,2023/06/06,魔法がいっぱい！,ﾏﾎｳ ｶﾞ ｲｯﾊﾟｲ,,,ハヤカワ文庫　ＦＴ　３６,ﾊﾔｶﾜﾌﾞﾝｺｴﾌﾃｨｰ 36,ライマン・フランク・ボーム 著　佐藤 高子 訳,ﾊﾞｳﾑ ﾗｲﾏﾝ･ﾌﾗﾝｸ ｻﾄｳ ﾀｶｺ ﾗｲﾏﾝﾌﾗﾝｸﾎﾞｰﾑ,,933.7,ﾎﾞ,,早川書房,1981,254p,16cm,660,81-23492,,,図書費,佐藤共栄,660,文庫書架,,,,,False,,,,False,,,,False,False,True,,
9784-150314569,80851,2023/04/26,放課後の嘘つきたち,ﾎｳｶｺﾞ ﾉ ｳｿﾂｷ ﾀﾁ,,,ハヤカワ文庫　ＪＡ　１４５６,ﾊﾔｶﾜﾌﾞﾝｺｼﾞｪｰｴｰ 1456,酒井田 寛太郎 著,ｻｶｲﾀﾞ ｶﾝﾀﾛｳ,,913.6,ｻ,,早川書房,2020,360p,16cm,780,20048092,部活同士のトラブル解決を担う部活連絡会所属の修と麻琴、そして慎司。けれど、３人の青春そのものにも、決して明かせない嘘があって…。高校の部活動を舞台にした、ビターな青春ミステリ連作集。,,図書費,佐藤教栄,780,文庫書架,,,,,False,,,,False,,,,False,False,True,,
9784-150315511,52348,2023/08/31,ＡＩとＳＦ,ｴｰｱｲ ﾄ ｴｽｴﾌ,,,ハヤカワ文庫　ＪＡ　１５５１,ﾊﾔｶﾜﾌﾞﾝｺｼﾞｪｰｴｰ 1551,日本ＳＦ作家クラブ 編　揚羽 はな ほか著,ﾆﾎﾝｴｽｴﾌｻｯｶｸﾗﾌﾞ ｱｹﾞﾊ ﾊﾅ,,913.6,エ,,早川書房,2024,653p,16cm,1320,23020489,人類文明を劇的に変えようとしているＡＩ技術。その進化に晒された２０２５年大阪万博までの顛末、チャットボットの孤独、ＡＩカウンセラーの献身など、ＡＩと人類の未来を描いた書き下ろしアンソロジー。全２２篇を収録。,ショウセツ（ニホン） ショウセツシュウ　小説（日本） 小説集,図書費,ＴＲＣ,1320,文庫書架,,,,,False,,,,False,,,,False,False,False,,
9784-150709532,52349,2023/08/31,メグレと若い女の死　新訳版,ﾒｸﾞﾚ ﾄ ﾜｶｲ ｵﾝﾅ ﾉ ｼ,,,ハヤカワ・ミステリ文庫　ＨＭ　１６－３,ﾊﾔｶﾜﾐｽﾃﾘﾌﾞﾝｺ HM16-3,ジョルジュ・シムノン 著　平岡 敦 訳,ｼﾑﾉﾝ ｼﾞｮﾙｼﾞｭ ﾋﾗｵｶ ｱﾂｼ ｼﾞｮﾙｼﾞｭｼﾑﾉﾝ,,953.7,シ,,早川書房,2023,255p,16cm,1020,23007095,真夜中のパリで見つかった奇妙な女性の死体。場違いなイブニングドレスをまとった被害者を見た司法警察局のメグレは、事件が複雑なものになると直感する。彼女の人生をなぞるように捜査を行うが…。,,図書費,ＴＲＣ,1020,文庫書架,,,,,False,,,,False,,,,False,False,False,,
9784-150753665,80913,2023/06/12,ビター・メモリー　上,ﾋﾞﾀｰ ﾒﾓﾘｰ,,,ハヤカワ・ミステリ文庫　ＨＭ　１０４－１６,ﾊﾔｶﾜﾐｽﾃﾘﾌﾞﾝｺ HM104-16,サラ・パレツキー 著　山本 やよい 訳,ﾊﾟﾚｯｷｰ ｻﾗ ﾔﾏﾓﾄ ﾔﾖｲ ｻﾗﾊﾟﾚﾂｷｰ,,933.7,ﾊﾟ,1,早川書房,2006,386p,16cm,800,06024255,,,図書費,佐藤教栄,800,文庫書架,,,,,False,,,,False,,,,False,False,True,,
9784-150753672,80912,2023/06/12,ビター・メモリー　下,ﾋﾞﾀｰ ﾒﾓﾘｰ,,,ハヤカワ・ミステリ文庫　ＨＭ　１０４－１７,ﾊﾔｶﾜﾐｽﾃﾘﾌﾞﾝｺ HM104-17,サラ・パレツキー 著　山本 やよい 訳,ﾊﾟﾚｯｷｰ ｻﾗ ﾔﾏﾓﾄ ﾔﾖｲ ｻﾗﾊﾟﾚﾂｷｰ,,933.7,ﾊﾟ,2,早川書房,2006,389p,16cm,800,06024259,,,図書費,佐藤教栄,800,文庫書架,,,,,False,,,,False,,,,False,False,True,,
9784-150753719,80887,2023/06/06,ミッドナイト・ララバイ,ﾐｯﾄﾞﾅｲﾄ ﾗﾗﾊﾞｲ,,,ハヤカワ・ミステリ文庫　ＨＭ　１０４－２１,ﾊﾔｶﾜﾐｽﾃﾘﾌﾞﾝｺ HM104-21,サラ・パレツキー 著　山本 やよい 訳,ﾊﾟﾚｯｷｰ ｻﾗ ﾔﾏﾓﾄ ﾔﾖｲ ｻﾗﾊﾟﾚﾂｷｰ,,933.7,ﾊﾟ,,早川書房,2010,658p,16cm,1160,10047441,,,図書費,佐藤共栄,1160,文庫書架,,,,,False,,,,False,,,,False,False,True,,
9784-150753726,80942,2023/06/21,ウィンター・ビート,ｳｨﾝﾀｰ ﾋﾞｰﾄ,,,ハヤカワ・ミステリ文庫　ＨＭ　１０４－２２,ﾊﾔｶﾜﾐｽﾃﾘﾌﾞﾝｺ HM104-22,サラ・パレツキー 著　山本 やよい 訳,ﾊﾟﾚｯｷｰ ｻﾗ ﾔﾏﾓﾄ ﾔﾖｲ ｻﾗﾊﾟﾚﾂｷｰ,,933.7,ﾊﾟ,,早川書房,2011,682p,16cm,1100,11044790,,,図書費,佐藤教栄,1100,文庫書架,,,,,False,,,,False,,,,False,False,True,,
9784-150766016,80932,2023/06/21,女には向かない職業,ｵﾝﾅ ﾆﾜ ﾑｶﾅｲ ｼｮｸｷﾞｮｳ,,,ハヤカワ・ミステリ文庫　ＨＭ　１２９－１,ﾊﾔｶﾜﾐｽﾃﾘﾌﾞﾝｺ HM129-1,Ｐ．Ｄ．ジェイムズ 著　小泉 喜美子 訳,ｼﾞｪｰﾑｽﾞ P.D. ｺｲｽﾞﾐ ｷﾐｺ PDｼﾞｪｲﾑｽﾞ,,933.7,ｼﾞ,,早川書房,1987,379p,16cm,840,13142593,,,図書費,佐藤教栄,840,文庫書架,,,,,False,,,,False,,,,False,False,True,,
9784-151300509,80962,2023/08/29,運命の裏木戸,ｳﾝﾒｲ ﾉ ｳﾗｷﾄﾞ,,,ハヤカワ文庫,ﾊﾔｶﾜﾌﾞﾝｺ,アガサ・クリスティー 著　中村 能三 訳,ｸﾘｽﾃｨｰ ｱｶﾞｻ ﾅｶﾑﾗ ﾖｼﾐ ｱｶﾞｻｸﾘｽﾃｨｰ,,933.7,ｸ,,早川書房,2004,473p,16cm,920,04052781,,,図書費,佐藤教栄,920,文庫書架,,,,,False,,,,False,,,,False,False,True,,
9784-163916606,52363,2023/09/01,恋とそれとあと全部,ｺｲ ﾄ ｿﾚ ﾄ ｱﾄ ｾﾞﾝﾌﾞ,,,,,住野 よる 著,ｽﾐﾉ ﾖﾙ,,913.6,ス,,文藝春秋,2023,252p,20cm,1450,23006864,めえめえ（瀬戸洋平）は下宿仲間でクラスメイトの女子サブレ（鳩代司）に片想いをしている。サブレは夏休み中、ある“不謹慎な”目的のため、遠方にあるおじいちゃんの家に行くのだが、めえめえは思いがけずそこに誘われて…。,,図書費,ＴＲＣ,1450,図書室,,,,,False,,,,False,,,,False,False,False,,
9784-163916729,52367,2023/09/01,マイ・リトル・ヒーロー,ﾏｲ ﾘﾄﾙ ﾋｰﾛｰ,,,,,冲方 丁 著,ｳﾌﾞｶﾀ ﾄｳ,,913.6,ウ,,文藝春秋,2023,495p,19cm,1900,23011450,暢光の息子の凛一郎が交通事故に遭い、意識不明に。悲しみに暮れる暢光だったが、オンラインゲーム内で息子からメッセージが届き…。凛一郎を救うため、暢光はｅスポーツの世界大会を目指す。『別冊文藝春秋』連載を改題。,,図書費,ＴＲＣ,1900,図書室,,,,,False,,,,False,,,,False,False,False,,
9784-163916873,80919,2023/06/12,コメンテーター,ｺﾒﾝﾃｰﾀｰ,,,,,奥田 英朗 著,ｵｸﾀﾞ ﾋﾃﾞｵ,,913.6,ｵ,,文藝春秋,2023,271p,20cm,1600,23018806,ワイドショーに出演することになった精神科医・伊良部とマユミ。放送事故寸前のコメントを連発するが、それは暴言か、はたまた金言か！？　トンデモ精神科、復活！　表題作など全５編を収録する。『オール讀物』掲載を書籍化。,,図書費,佐藤教栄,1600,図書室,,,,,False,,,,False,,,,False,False,True,,
9784-167919085,80884,2023/06/06,フクロウ准教授の午睡,ﾌｸﾛｳ ｼﾞｭﾝｷｮｳｼﾞｭ ﾉ ｼｴｽﾀ ﾌｸﾛｳ ｼﾞｭﾝ ｷｮｳｼﾞｭ ﾉ ｺﾞｽｲ,,,文春文庫　い１０６－２,ﾌﾞﾝｼｭﾝﾌﾞﾝｺ ｲ-106-2,伊与原 新 著,ｲﾖﾊﾗ ｼﾝ,,913.6,ｲ,,文藝春秋,2022,251p,16cm,710,22026343,学長選挙の迫る地方国立大学に赴任してきた袋井准教授。昼間は常に眠そうで機嫌の悪い「フクロウ」は次々とトラブルに首を突っ込み、教授たちのスキャンダルを暴く。彼の目的とは？　アカデミック・ミステリ。,,図書費,佐藤共栄,710,文庫書架,,,,,False,,,,False,,,,False,False,True,,
9784-167919856,52362,2023/09/01,希望のカケラ　社労士のヒナコ,ｷﾎﾞｳ ﾉ ｶｹﾗ,,,文春文庫　み５１－５,ﾌﾞﾝｼｭﾝﾌﾞﾝｺ ﾐ-51-5,水生 大海 著,ﾐｽﾞｷ ﾋﾛﾐ,,913.6,ミ,,文藝春秋,2023,323p,16cm,820,23000311,社労士４年目のヒナコのもとに、家具会社のワンマン社長から、男性社員の育休申請の相談が持ち込まれ…。表題作はじめ全５編を収録した、労務問題×ミステリー。『オール讀物』掲載に書きおろしを加えて文庫化。,,図書費,ＴＲＣ,820,文庫書架,,,,,False,,,,False,,,,False,False,False,,
9784-167919856,80956,2023/08/29,希望のカケラ　社労士のヒナコ,ｷﾎﾞｳ ﾉ ｶｹﾗ,,,文春文庫　み５１－５,ﾌﾞﾝｼｭﾝﾌﾞﾝｺ ﾐ-51-5,水生 大海 著,ﾐｽﾞｷ ﾋﾛﾐ,,913.6,ﾐ,,文藝春秋,2023,323p,16cm,820,23000311,社労士４年目のヒナコのもとに、家具会社のワンマン社長から、男性社員の育休申請の相談が持ち込まれ…。表題作はじめ全５編を収録した、労務問題×ミステリー。『オール讀物』掲載に書きおろしを加えて文庫化。,,図書費,佐藤教栄,820,文庫書架,,,,,False,,,,False,,,,False,False,True,,
9784-167919948,52361,2023/09/01,一人称単数,ｲﾁﾆﾝｼｮｳ ﾀﾝｽｳ,,,文春文庫　む５－１７,ﾌﾞﾝｼｭﾝﾌﾞﾝｺ ﾑ-5-17,村上 春樹 著,ﾑﾗｶﾐ ﾊﾙｷ,,913.6,ム,,文藝春秋,2023,250p,16cm,720,23004472,ビートルズのＬＰを抱えて高校の廊下を歩いていた少女。同じバイト先だった女性から送られてきた歌集の、今も記憶にあるいくつかの短歌－。そこで何が起こり何が起こらなかったのか。８作からなる短篇小説集。,,図書費,ＴＲＣ,720,文庫書架,,,,,False,,,,False,,,,False,False,False,,
9784-167920142,52364,2023/09/01,将棋指しの腹のうち,ｼｮｳｷﾞ ｻｼ ﾉ ﾊﾗ ﾉ ｳﾁ,,,文春文庫　せ６－３,ﾌﾞﾝｼｭﾝﾌﾞﾝｺ ｾ-6-3,先崎 学 著,ｾﾝｻﾞｷ ﾏﾅﾌﾞ,,796.0,セ,,文藝春秋,2023,158p,16cm,630,23008787,羽生善治とステーキを食べた夜、加藤一二三のチョコレートのひみつ…。棋士たちは何を食い、何を語り、将棋に挑むのか。“うつ病九段”がメシから見た将棋界の真実を描く。,ショウギ　リョウリ　将棋　料理,図書費,ＴＲＣ,630,文庫書架,,,,,False,,,,False,,,,False,False,False,,
9784-167920234,52365,2023/09/01,Ｓｅｖｅｎ　Ｓｔｏｒｉｅｓ　星が流れた夜の車窓から,ｾｳﾞﾝ ｽﾄｰﾘｰｽﾞ,,,文春文庫　お４２－５２,ﾌﾞﾝｼｭﾝﾌﾞﾝｺ ｵ-42-52,井上 荒野 著　恩田 陸 著　川上 弘美 著　桜木 紫乃 著　三浦 しをん 著　糸井 重里 著　小山 薫堂 著,ｲﾉｳｴ ｱﾚﾉ ｵﾝﾀﾞ ﾘｸ ｶﾜｶﾐ ﾋﾛﾐ ｻｸﾗｷﾞ ｼﾉ ﾐｳﾗ ｼｵﾝ ｲﾄｲ ｼｹﾞｻﾄ ｺﾔﾏ ｸﾝﾄﾞｳ,,913.6,セ,,文藝春秋,2023,173p,16cm,620,23015096,退職を機に妻を豪華旅行に誘う夫。でも、妻には秘密の人生設計が…。すれ違う夫婦、かけがえのない旧友、母と娘。豪華寝台列車「ななつ星」を舞台に、桜木紫乃、恩田陸ら７人の作家・クリエーターが極上のストーリーを綴る。,ショウセツ（ニホン） ショウセツシュウ　小説（日本） 小説集,図書費,ＴＲＣ,620,文庫書架,,,,,False,,,,False,,,,False,False,False,,
9784-167920258,52366,2023/09/01,東京、はじまる,ﾄｳｷｮｳ ﾊｼﾞﾏﾙ,,,文春文庫　か４８－８,ﾌﾞﾝｼｭﾝﾌﾞﾝｺ ｶ-48-8,門井 慶喜 著,ｶﾄﾞｲ ﾖｼﾉﾌﾞ,,913.6,カ,,文藝春秋,2023,442p,16cm,910,23015067,江戸を壊し“東京”を建てねば、この国はほろびる－。江戸から東京へ、急速に近代化する街の形を決定づけた建築家・辰野金吾。今日につながる景色を創った男の野心と葛藤を描く。,タツノ キンゴ　辰野金吾　タツノ キンゴ ショウセツ　辰野金吾 小説,図書費,ＴＲＣ,910,文庫書架,,,,,False,,,,False,,,,False,False,False,,
9784-198656171,52344,2023/08/31,ドーハの歓喜　２０２２世界への挑戦、その先の景色,ﾄﾞｰﾊ ﾉ ｶﾝｷ,,,,,安藤 隆人 著,ｱﾝﾄﾞｳ ﾀｶﾋﾄ,,783.4,ア,,徳間書店,2023,271p,19cm,1600,23006515,Ｗ杯で歴史的勝利を重ね「ドーハの悲劇」を「歓喜」に変えたサッカー日本代表。１カ月間、現地で取材したサッカージャーナリストが、カタールの地で見聞きしたことと、Ｗ杯に至るまでの選手たちの道のりを綴る。,ワールドカップ（サッカー）　ワールドカップ（サッカー）,図書費,ＴＲＣ,1600,図書室,,,,,False,,,,False,,,,False,False,False,,
9784-198934668,80880,2023/06/06,人間臨終図巻　１,ﾆﾝｹﾞﾝ ﾘﾝｼﾞｭｳ ｽﾞｶﾝ,,,徳間文庫　や４－１５,ﾄｸﾏﾌﾞﾝｺ ﾔ-4-15,山田 風太郎 著,ﾔﾏﾀﾞ ﾌｳﾀﾛｳ,,280.4,ﾔ,1,徳間書店,2011,445p,15cm,686,11054075,,デンキ　伝記,図書費,佐藤共栄,686,文庫書架,,,,,False,,,,False,,,,False,False,True,,
9784-259567477,52272,2023/08/31,南極の食卓　女性料理人が極限の地で見つけた暮らしの知恵,ﾅﾝｷｮｸ ﾉ ｼｮｸﾀｸ,,,,,渡貫 淳子 著,ﾜﾀﾇｷ ｼﾞｭﾝｺ,,297.9,ワ,,家の光協会,2023,175p,19cm,1500,23002016,１年分以上の食料をどう発注して、どう使いきるのか。一切ごみを捨てられない環境でどんな料理を作るのか。南極調理隊員に挑戦した女性料理人が、制限された環境だからこそ生まれる暮らしの工夫や愉しみ方を綴る。,ナンキョクチホウ キコウアンナイキ　リョウリ　南極地方 紀行・案内記　料理,図書費,ＴＲＣ,1500,図書室,,,,,False,,,,False,,,,False,False,False,,
9784-286300030,52360,2023/09/01,還暦越えトランスジェンダーの「まだこれから」　女性として生きるために通称名で暮らすことにこだわった日々と、６７歳で性別適合手術を受け戸籍を変更するまでの１０年の軌跡,ｶﾝﾚｷ ｺﾞｴ ﾄﾗﾝｽｼﾞｪﾝﾀﾞｰ ﾉ ﾏﾀﾞ ｺﾚ ｶﾗ,,,,,小嶋 小百合 著,ｺｼﾞﾏ ｻﾕﾘ,,916,コ,,文芸社,2024,335p,19cm,1600,23020519,５０代後半まで男性として生き、還暦手前で自分の生きづらさが性別の違和感によるものであることに気づいた著者。６７歳で性別適合手術を受け、戸籍上の性別を女性に変更するまでのいきさつをまとめる。ブログをもとに書籍化。,セイドウイツセイショウガイ　性同一性障害,図書費,ＴＲＣ,1600,図書室,,,,,False,,,,False,,,,False,False,False,,
9784-295015734,52274,2023/08/31,マンガと図解でよくわかるお金の基本　高校生から理解できる資産形成＆金融知識,ﾏﾝｶﾞ ﾄ ｽﾞｶｲ ﾃﾞ ﾖｸ ﾜｶﾙ ｵｶﾈ ﾉ ｷﾎﾝ,,,,,酒井 富士子 著,ｻｶｲ ﾌｼﾞｺ,,591,サ,,インプレス,2023,191p,21cm,1300,23002722,身近なお金の疑問を解消！　家計管理とライフプランニング、経済の基本と仕組み、上手なお金の借り方と落とし穴、投資、税金、社会保険などを、マンガや図表を交えて解説する。ＰＤＦ版電子書籍のダウンロードサービス付き。,カテイケイザイ　家庭経済,図書費,ＴＲＣ,1300,図書室,,,,,False,,,,False,,,,False,False,False,,
9784-295408109,52296,2023/08/31,世界の一流は「雑談」で何を話しているのか　年収が上がる会話の中身,ｾｶｲ ﾉ ｲﾁﾘｭｳ ﾜ ｻﾞﾂﾀﾞﾝ ﾃﾞ ﾅﾆ ｵ ﾊﾅｼﾃｲﾙ ﾉｶ,,,,,ピョートル・フェリクス・グジバチ 著,ｸﾞｼﾞﾊﾞﾁ ﾋﾟｮｰﾄﾙ･ﾌｪﾘｰｸｽ ﾋﾟｮｰﾄﾙﾌｪﾘｸｽｸﾞｼﾞﾊﾞﾁ,,336.4,グ,,インプレス（発売）,2023,237p,19cm,1580,23013305,日本人が苦手な「打ち解ける」「間を埋める」「盛り上げる」を、世界の一流はどうやっているのか？　雑談を人間関係構築に活かし、仕事で成果を出すための考え方や実践法を詳しく紹介する。,コミュニケーション　ハナシカタ　コミュニケーション　話しかた,図書費,ＴＲＣ,1580,図書室,,,,,False,,,,False,,,,False,False,False,,
9784-295408246,52295,2023/08/31,こんな会社で働きたい　企業研究ガイドブック　サステナブルな社会実現のためにＳＤＧｓ編３,ｺﾝﾅ ｶｲｼｬ ﾃﾞ ﾊﾀﾗｷﾀｲ  ｻｽﾃﾅﾌﾞﾙ ﾅ ｼｬｶｲ ｼﾞﾂｹﾞﾝ ﾉ ﾀﾒ ﾆ SDGs ﾍﾝ 3,,,,,クロスメディアＨＲ総合研究所 著,ｸﾛｽﾒﾃﾞｨｱｴｲﾁｱｰﾙｿｳｺﾞｳｹﾝｷｭｳｼﾞｮ,,335.2,コ,,インプレス（発売）,2024,143p,21cm,1480,23017864,サステナブルな社会実現のために、企業もさまざまな取り組みを行っている。メルカリ、ダスキン、ハピネス・アンド・ディ、味の素ＡＧＦ、鶴見製作所など１０社を取材し、取り組み内容を詳しく紹介する。,キギョウ ニホン　企業 日本,図書費,ＴＲＣ,1480,図書室,,,,,False,,,,False,,,,False,False,False,,
9784-296001422,52346,2023/08/31,世界史を変えたスパイたち,ｾｶｲｼ ｵ ｶｴﾀ ｽﾊﾟｲ ﾀﾁ,,,,,池上 彰 著,ｲｹｶﾞﾐ ｱｷﾗ,,391.6,イ,,日経ＢＰマーケティング（発売）,2023,243p,19cm,1500,23006303,新冷戦、ロシア・ウクライナ戦争、サイバースパイ…。現代史におけるスパイたちの暗躍を、米露を中心に解説。さらに日本・韓国・北朝鮮・中国のインテリジェンス機関と具体的な事件を紹介する。ＹｏｕＴｕｂｅをもとに書籍化。,スパイ　ジョウホウキカン　スパイ　情報機関,図書費,ＴＲＣ,1500,図書室,,,,,False,,,,False,,,,False,False,False,,
9784-296117390,52347,2023/08/31,プロの防災ヒント１８０警視庁災害対策課ツイッター,ﾌﾟﾛ ﾉ ﾎﾞｳｻｲ ﾋﾝﾄ ﾋｬｸﾊﾁｼﾞｭｳ ｹｲｼﾁｮｳ ｻｲｶﾞｲﾀｲｻｸｶ ﾂｲｯﾀｰ,,,,,日本経済新聞出版 編　警視庁 取材協力,ﾆｯｹｲﾋﾞｰﾋﾟｰｼｬ ｹｲｼﾁｮｳ ﾆﾎﾝｹｲｻﾞｲｼﾝﾌﾞﾝｼｭｯﾊﾟﾝ,,369.3,プ,,日経ＢＰマーケティング（発売）,2023,222p,19cm,1200,23009481,水で作るカップ焼きそば、ペットボトルで簡単ランタン…。災害時やもしものときに役立つ知恵と便利技を１８０紹介する。日付け記入欄あり。警視庁災害対策課のツイッターをもとに書籍化。,サイガイヨボウ　災害予防,図書費,ＴＲＣ,1200,図書室,,,,,False,,,,False,,,,False,False,False,,
9784-297134372,80977,2023/08/29,パソコンのしくみがよくわかる本　理解するほどおもしろい！　改訂３版,ﾊﾟｿｺﾝ ﾉ ｼｸﾐ ｶﾞ ﾖｸ ﾜｶﾙ ﾎﾝ,,,,,丹羽 信夫 著,ﾆﾜ ﾉﾌﾞｵ,,007.63,ﾆ,,技術評論社,2023,255p,23cm,1880,23017143,パソコンを選ぶときどこを比べる？　パソコンを使い続けるとなぜ遅くなる？　パソコン本体、周辺機器、ＯＳ、ソフトウェア、インターネットなどのしくみについて写真やイラストとともにわかりやすく解説する。,パーソナルコンピュータ　パーソナルコンピュータ,図書費,佐藤教栄,1880,図書室,,,,,False,,,,False,,,,False,False,True,,
9784-299037633,52336,2023/08/31,名探偵のままでいて,ﾒｲﾀﾝﾃｲ ﾉ ﾏﾏﾃﾞ ｲﾃ,,,,,小西 マサテル 著,ｺﾆｼ ﾏｻﾃﾙ,,913.6,コ,,宝島社,2023,345p,19cm,1400,23000694,かつて小学校の校長だった切れ者の祖父は、レビー小体型認知症を患っている。孫娘の楓が身の回りで生じた謎について話して聞かせると、祖父の知性は生き生きと働きを取り戻す。そんな中、楓の人生に関わる重大な事件が…。,,図書費,ＴＲＣ,1400,図書室,,,,,False,,,,False,,,,False,False,False,,
9784-299039873,52337,2023/08/31,ロジカル文章術見るだけノート　伝えたいことが１００％表現できる！,ﾛｼﾞｶﾙ ﾌﾞﾝｼｮｳ ｼﾞｭﾂ ﾐﾙﾀﾞｹ ﾉｰﾄ,,,,,赤羽 雄二 監修,ｱｶﾊﾞ ﾕｳｼﾞ,,816,ロ,,宝島社,2023,185p,21cm,1400,23014645,一主語一述語、アンサーファースト…。伝わる＆成功する文章には黄金のルールがある！　文章の内容を整理するためのロジカルシンキングや、文章をわかりやすくするテクニックなどを、例文やイラストを使って解説する。,ブンショウ　文章,図書費,ＴＲＣ,1400,図書室,,,,,False,,,,False,,,,False,False,False,,
9784-299040473,52335,2023/08/31,使えるビジネスモデル見るだけノート　ＤＸ時代の成功事例がゼロからわかる！,ﾂｶｴﾙ ﾋﾞｼﾞﾈｽ ﾓﾃﾞﾙ ﾐﾙﾀﾞｹ ﾉｰﾄ,,,,,平野 敦士カール 著,ﾋﾗﾉ ｱﾂｼ ｶｰﾙ,,336.1,ヒ,,宝島社,2023,189p,21cm,1300,23010722,そもそもビジネスモデルとは何か？　新しいビジネスモデルを創造するには？　さまざまな企業が展開するビジネスモデルの事例をとりあげ、革新的なビジネスを生み出すためのヒントを、イラストでわかりやすく紹介する。,ケイエイケイカク　経営計画,図書費,ＴＲＣ,1300,図書室,,,,,False,,,,False,,,,False,False,False,,
9784-299040947,52334,2023/08/31,お金の増やし方見るだけノート　知識ゼロから２時間でツボがわかる！,ｵｶﾈ ﾉ ﾌﾔｼｶﾀ ﾐﾙ ﾀﾞｹ ﾉｰﾄ,,,,,伊藤 亮太 監修,ｲﾄｳ ﾘｮｳﾀ,,338.1,オ,,宝島社,2023,173p,21cm,1336,23010510,固定費削減、公的年金、投資のリターン、銘柄選び…。お金にまつわる基本的な知識から、手堅い投資先である投資信託、よりリターンを狙える株式投資、ＮＩＳＡやｉＤｅＣｏまでを、イラストとともにわかりやすく解説する。,リショク　トウシ　利殖　投資,図書費,ＴＲＣ,1336,図書室,,,,,False,,,,False,,,,False,False,False,,
9784-305709820,52280,2023/08/31,テストに強い人は知っているミスを味方にする方法,ﾃｽﾄ ﾆ ﾂﾖｲ ﾋﾄ ﾜ ｼｯﾃｲﾙ ﾐｽ ｵ ﾐｶﾀ ﾆ ｽﾙ ﾎｳﾎｳ,,,,,中田 亨 著,ﾅｶﾀ ﾄｵﾙ,,375,ナ,,笠間書院,2023,207p,19cm,1700,23007595,テスト対策も偉大な発明も、カギは「ミスの利用」にある！　人間が起こすエラーの研究者が、１０代から知っておきたい、失敗から学びを得るための方法論を紹介する。,ガクシュウホウ　学習法,図書費,ＴＲＣ,1700,図書室,,,,,False,,,,False,,,,False,False,False,,
9784-309030791,52288,2023/08/31,かっかどるどるどぅ,ｶｯｶﾄﾞﾙﾄﾞﾙﾄﾞｩ,,,,,若竹 千佐子 著,ﾜｶﾀｹ ﾁｻｺ,,913.6,ワ,,河出書房新社,2024,223p,20cm,1500,23020640,心もとない毎日を送る４人は、引きつけられるように古いアパートの一室を訪れるようになる。そこでは不思議な女性が、訪れる人たちに食事をふるまっていて…。『文藝』掲載に書き下ろしを加え単行本化。,,図書費,ＴＲＣ,1500,図書室,,,,,False,,,,False,,,,False,False,False,,
9784-309031095,52290,2023/08/31,彼女が言わなかったすべてのこと,ｶﾉｼﾞｮ ｶﾞ ｲﾜﾅｶｯﾀ ｽﾍﾞﾃ ﾉ ｺﾄ,,,,,桜庭 一樹 著,ｻｸﾗﾊﾞ ｶｽﾞｷ,,913.6,サ,,河出書房新社,2024,285p,19cm,1700,23021039,先日、大学の同級生だった中川君と偶然再会した。彼と私は、どうやら別の東京を生きている。向こうの世界では世界規模の感染症が広がり…。切なくもすがすがしい、パラレルフィクション。『文藝』連載を改題し書籍化。,,図書費,ＴＲＣ,1700,図書室,,,,,False,,,,False,,,,False,False,False,,
9784-309292915,52291,2023/08/31,切らずにできる作り帯教室　動画つきでいちばんよくわかる,ｷﾗｽﾞ ﾆ ﾃﾞｷﾙ ﾂｸﾘｵﾋﾞ ｷｮｳｼﾂ,,,,,和らく会 著,ﾜﾗｸｶｲ,,593.1,キ,,河出書房新社,2024,63p,26cm,1618,23019623,帯結びから解放されて、簡単に手早く着物を着ることができる！　帯を切らずにたたんで縫いとめるだけの「作り帯」の作り方と装着方法を紹介。レッスン動画が見られるＱＲコード付き。,オビ　帯,図書費,ＴＲＣ,1618,図書室,,,,,False,,,,False,,,,False,False,False,,
9784-309419619,80957,2023/08/29,アロハで田植え、はじめました,ｱﾛﾊ ﾃﾞ ﾀｳｴ ﾊｼﾞﾒﾏｼﾀ,,,河出文庫　こ２９－１,ｶﾜﾃﾞﾌﾞﾝｺ ｺ-29-1,近藤 康太郎 著,ｺﾝﾄﾞｳ ｺｳﾀﾛｳ,,610.4,ｺ,,河出書房新社,2023,249p,15cm,900,23018622,資本主義から半分降りる、新たなるサバイバル思想－。長崎県諌早市に移り住み、米作りを続けている朝日新聞の記者が、思いがけず選んだ会社に頼らない生き方を軽快に伝える。挿画を加えて文庫化。,ノウギョウ　農業,図書費,佐藤教栄,900,文庫書架,,,,,False,,,,False,,,,False,False,True,,
9784-309467764,52389,2023/09/01,ドラキュラ　ドラキュラ　吸血鬼小説集,ﾄﾞﾗｷｭﾗ ﾄﾞﾗｷｭﾗ,,,河出文庫　た４－５３,ｶﾜﾃﾞﾌﾞﾝｺ ﾀ-4-53,種村 季弘 編,ﾀﾈﾑﾗ ｽｴﾋﾛ,,908.3,ド,,河出書房新社,2023,253p,15cm,880,23004652,吸血鬼小説のミニアチュール・アンソロジー。ジョン・ポリドリ「吸血鬼」、コナン・ドイル「サセックスの吸血鬼」、Ｈ．Ｃ．アルトマン「ドラキュラ　ドラキュラ」など、全１１篇を精選して収録。,ショウセツ ショウセツシュウ　小説 小説集,図書費,ＴＲＣ,880,文庫書架,,,,,False,,,,False,,,,False,False,False,,
9784-309617473,52289,2023/08/31,学校では教えてくれない生活保護,ｶﾞｯｺｳ ﾃﾞﾜ ｵｼｴﾃｸﾚﾅｲ ｾｲｶﾂﾎｺﾞ,,,１４歳の世渡り術,ｼﾞｭｳﾖﾝｻｲﾉﾖﾜﾀﾘｼﾞｭﾂ,雨宮 処凛 著,ｱﾏﾐﾔ ｶﾘﾝ,,369.2,ア,,河出書房新社,2023,227p,19cm,1420,23002599,自分と大切な人の命・生活を守るためのひとつの手段、生活保護。今、生活保護をめぐって起きていることをはじめ、生活保護の内容、韓国・ドイツの生活保護などを解説。生活保護の実態と、生き延びるノウハウ・情報を紹介する。,セイカツホゴ　生活保護　セイカツホゴ　生活保護,図書費,ＴＲＣ,1420,図書室,,,,,False,,,,False,,,,False,False,False,,
9784-315526684,52402,2023/09/01,文系のための東大の先生が教える食と栄養　やさしくわかる！,ﾌﾞﾝｹｲ ﾉ ﾀﾒ ﾉ ﾄｳﾀﾞｲ ﾉ ｾﾝｾｲ ｶﾞ ｵｼｴﾙ ｼｮｸ ﾄ ｴｲﾖｳ,,,,,加藤 久典 監修,ｶﾄｳ ﾋｻﾉﾘ,,498.5,ブ,,ニュートンプレス,2023,303p,21cm,1500,23004659,食は健康を支える根幹。食と栄養について理科が苦手でも理解できるよう、各種の栄養素の働きや必要量、人のからだのしくみ、正しい食事の取り方などをイラストや図を交えて、会話形式でわかりやすく解説する。,ショクヒン　エイヨウ　ショクセイカツ　食品　栄養　食生活,図書費,ＴＲＣ,1500,図書室,,,,,False,,,,False,,,,False,False,False,,
9784-334046491,52311,2023/08/31,追跡税金のゆくえ　ブラックボックスを暴く,ﾂｲｾｷ ｾﾞｲｷﾝ ﾉ ﾕｸｴ,,,光文社新書　１２４２,ｺｳﾌﾞﾝｼｬｼﾝｼｮ 1242,高橋 祐貴 著,ﾀｶﾊｼ ﾕｳｷ,,342.1,タ,,光文社,2023,243p,18cm,860,23005851,増税の前に見直すべきことがあるのではないか？　一般社団法人を介した中抜き、内訳の詳細が分からない五輪予算、コロナ禍におけるゼロゼロ融資の不正利用など、税金の無駄遣いの実態を克明に記す。,ザイセイ ニホン　財政 日本,図書費,ＴＲＣ,860,新書書架,,,,,False,,,,False,,,,False,False,False,,
9784-334046538,52307,2023/08/31,宇宙ベンチャーの時代　経営の視点で読む宇宙開発,ｳﾁｭｳ ﾍﾞﾝﾁｬｰ ﾉ ｼﾞﾀﾞｲ,,,光文社新書　１２４６,ｺｳﾌﾞﾝｼｬｼﾝｼｮ 1246,小松 伸多佳 著　後藤 大亮 著,ｺﾏﾂ ﾉﾌﾞﾀｶ ｺﾞﾄｳ ﾀﾞｲｽｹ,,538.9,コ,,光文社,2023,319p,18cm,920,23010214,宇宙開発は民間企業がイニシアティブをとる「ビジネス」として生まれ変わりつつある。その背景には何があるのか。ベンチャー・キャピタリストとＪＡＸＡのエンジニアが、企業経営とサイエンスの観点から展望する。,ウチュウカイハツ　コウクウウチュウサンギョウ　宇宙開発　航空・宇宙産業,図書費,ＴＲＣ,920,新書書架,,,,,False,,,,False,,,,False,False,False,,
9784-334046590,80950,2023/06/21,再考ファスト風土化する日本　変貌する地方と郊外の未来,ｻｲｺｳ ﾌｧｽﾄﾌｳﾄﾞｶ ｽﾙ ﾆﾎﾝ,,,光文社新書　１２５２,ｺｳﾌﾞﾝｼｬｼﾝｼｮ 1252,三浦 展 著,ﾐｳﾗ ｱﾂｼ,,361.785,ﾐ,,光文社,2023,294p,18cm,900,23016386,全国各地のロードサイドに同じような商業施設が建ち並ぶ「ファスト風土化」によって、郊外とそこに暮らす人々の意識はどう変わったか。小説家、建築家、研究者など１３人の知見をもとに、郊外のいままでとこれからを考える。,チイキシャカイ　トシカ　地域社会　都市化,図書費,佐藤教栄,900,新書書架,,,,,False,,,,False,,,,False,False,True,,
9784-334046606,52308,2023/08/31,コミュ力は「副詞」で決まる,ｺﾐｭﾘｮｸ ﾜ ﾌｸｼ ﾃﾞ ｷﾏﾙ,,,光文社新書　１２５３,ｺｳﾌﾞﾝｼｬｼﾝｼｮ 1253,石黒 圭 著,ｲｼｸﾞﾛ ｹｲ,,815.6,イ,,光文社,2023,350p,18cm,900,23016389,「やっぱり」「せっかく」「おかげさまで」…。気持ちを効果的に伝える最強の助っ人「副詞」。コミュニケーション向上の鍵となる副詞について、その分類と機能から、使い方の勘所までを、社会・文化的背景も交えて解説する。,ニホンゴ フクシ　日本語 副詞,図書費,ＴＲＣ,900,新書書架,,,,,False,,,,False,,,,False,False,False,,
9784-334751876,80961,2023/08/29,ワーニャ伯父さん／三人姉妹,ﾜｰﾆｬ ｵｼﾞｻﾝ  ｻﾝﾆﾝ ｼﾏｲ,,,光文社古典新訳文庫　ＫＡチ２－１,ｺｳﾌﾞﾝｼｬｺﾃﾝｼﾝﾔｸﾌﾞﾝｺ KA-ﾁ-2-1,チェーホフ 著　浦 雅春 訳,ﾁｪｰﾎﾌ ｱﾝﾄﾝ･ﾊﾟｰｳﾞﾛｳﾞｨﾁ ｳﾗ ﾏｻﾊﾙ ﾁｪｰﾎﾌ,,982,ﾁ,,光文社,2009,359p,16cm,780,09037246,,,図書費,佐藤教栄,780,文庫書架,,,,,False,,,,False,,,,False,False,True,,
9784-334765323,80907,2023/06/12,いつまでも白い羽根,ｲﾂﾏﾃﾞﾓ ｼﾛｲ ﾊﾈ,,,光文社文庫　ふ２３－１,ｺｳﾌﾞﾝｼｬﾌﾞﾝｺ ﾌ-23-1,藤岡 陽子 著,ﾌｼﾞｵｶ ﾖｳｺ,,913.6,ﾌ,,光文社,2013,432p,16cm,705,13006819,大学受験失敗と家庭の事情で不本意ながら看護学校へ進学した木崎瑠美。毎日を憂鬱に過ごしていたが、いくつもの出会いや厳しい看護実習、積み重なっていく経験が頑なな心を少しずつ変えていき…。,,図書費,佐藤教栄,705,文庫書架,,,,,False,,,,False,,,,False,False,True,,
9784-334767969,80854,2023/04/26,ココロ・ファインダ,ｺｺﾛ ﾌｧｲﾝﾀﾞ,,,光文社文庫　あ５７－１,ｺｳﾌﾞﾝｼｬﾌﾞﾝｺ ｱ-57-1,相沢 沙呼 著,ｱｲｻﾞﾜ ｻｺ,,913.6,ｱ,,光文社,2014,254p,16cm,600,14046166,高校の写真部に在籍する４人の少女。それぞれの目線＝ファインダーで世界を覗く彼女たちには、心の奥に隠した悩みや葛藤があった－。写真にまつわる４つの謎を解くことで成長する女子高校生たちの青春を、瑞々しく描く。,,図書費,佐藤教栄,600,文庫書架,,,,,False,,,,False,,,,False,False,True,,
9784-334788094,52391,2023/09/01,本当は近くにある大正時代,ﾎﾝﾄｳ ﾜ ﾁｶｸ ﾆ ｱﾙ ﾀｲｼｮｳ ｼﾞﾀﾞｲ,,,光文社知恵の森文庫　ｔか３－９,ｺｳﾌﾞﾝｼｬﾁｴﾉﾓﾘﾌﾞﾝｺ t-ｶ-3-9,河合 敦 著,ｶﾜｲ ｱﾂｼ,,210.6,カ,,光文社,2023,339p,16cm,800,23015131,スペイン風邪の流行、成金、関東大震災、女性解放運動の盛り上がり、東京駅開業、ラジオ放送開始…。１００年後の今と似た世相だったり、現代の生活様式が始まったり。濃密な大正時代の面白さを、歴史作家が解説する。,ニホン レキシ タイショウジダイ　日本 歴史 大正時代,図書費,ＴＲＣ,800,文庫書架,,,,,False,,,,False,,,,False,False,False,,
9784-334915155,52309,2023/08/31,白ゆき紅ばら,ｼﾗﾕｷ ﾍﾞﾆﾊﾞﾗ,,,,,寺地 はるな 著,ﾃﾗﾁ ﾊﾙﾅ,,913.6,テ,,光文社,2023,241p,20cm,1600,23006880,行き場のない母子を守る「のばらのいえ」から、高校卒業と同時に逃げ出した祐希。１０年後、幼少のころから一心同体だった紘果を置いてきたことをずっと後悔してきた祐希は、「のばらのいえ」に戻る決意をするが…。,,図書費,ＴＲＣ,1600,図書室,,,,,False,,,,False,,,,False,False,False,,
9784-334915216,52313,2023/08/31,花ざかりを待たず,ﾊﾅｻﾞｶﾘ ｵ ﾏﾀｽﾞ,,,,,乾 ルカ 著,ｲﾇｲ ﾙｶ,,913.6,イ,,光文社,2023,273p,19cm,1700,23016352,父が断続的な腰痛を訴え検査を受けたところ、がんが発覚。急遽入院となるが、もはや打つ手はなく余命は１年と告げられる。けれど予想を遥かに超えるスピードでがんは父を蝕み…。別れの日を前にした人々の思いが胸を打つ物語。,,図書費,ＴＲＣ,1700,図書室,,,,,False,,,,False,,,,False,False,False,,
9784-334915322,52312,2023/08/31,能面検事の死闘,ﾉｳﾒﾝ ｹﾝｼﾞ ﾉ ｼﾄｳ,,,,,中山 七里 著,ﾅｶﾔﾏ ｼﾁﾘ,,913.6,ナ,,光文社,2024,267p,19cm,1600,23020443,南海電鉄岸和田駅にて無差別殺人事件が発生。容疑者・笹清は自らを“無敵の人”と称する。大阪地検で郵送物が爆発し、被疑者は笹清の釈放を求めた。大阪地検の不破検事は次の爆発に巻き込まれ…。『小説宝石』連載を単行本化。,,図書費,ＴＲＣ,1600,図書室,,,,,False,,,,False,,,,False,False,False,,
9784-334953539,52310,2023/08/31,しんどくならない「ひとり暮らし」ハンドブック　一生役に立つ,ｼﾝﾄﾞｸﾅﾗﾅｲ ﾋﾄﾘｸﾞﾗｼ ﾊﾝﾄﾞﾌﾞｯｸ,,,,,華井 由利奈 著,ﾊﾅｲ ﾕﾘﾅ,,590,ハ,,光文社,2023,191p,19cm,1250,23002807,ひとり暮らしは“できて当たり前”ではありません。住まいから、食、身だしなみ、お金、防犯、人間関係、メンタルケアまで、ひとり暮らしが“しんどくなる”原因に注目し、心がラクになる暮らし方を紹介します。,セイカツ　生活,図書費,ＴＲＣ,1250,図書室,,,,,False,,,,False,,,,False,False,False,,
9784-344040793,52297,2023/08/31,３か月で英検準１級をとる！,ｻﾝｶｹﾞﾂ ﾃﾞ ｴｲｹﾝ ｼﾞｭﾝｲｯｷｭｳ ｵ ﾄﾙ,,,,,相佐 優斗 著,ｱｲｻ ﾕｳﾄ,,830.7,ア,,幻冬舎,2023,167p,18cm,1300,23010494,英検と面接だけで難関大学に合格できる！　受験に有利な英検準１級に３か月で合格するための裏ワザ７か条など、英検特化塾「クラウドＥｎｇｌｉｓｈ」の極意を解説する。英検合格例も紹介。,エイゴ　英語,図書費,ＴＲＣ,1300,図書室,,,,,False,,,,False,,,,False,False,False,,
9784-344041004,80972,2023/08/29,ＮＨＫが悩む日本語　放送現場でよくあることばの疑問,ｴﾇｴｲﾁｹｲ ｶﾞ ﾅﾔﾑ ﾆﾎﾝｺﾞ  ｴﾇｴｲﾁｹｰ ｶﾞ ﾅﾔﾑ ﾆﾎﾝｺﾞ,,,,,ＮＨＫ放送文化研究所 著,ﾆｯﾎﾟﾝﾎｳｿｳｷｮｳｶｲﾎｳｿｳﾌﾞﾝｶｹﾝｷｭｳｼﾞｮ ｴﾇｴｲﾁｹｰﾎｳｿｳﾌﾞﾝｶｹﾝｷｭｳｼﾞｮ,,810.4,ｴ,,幻冬舎,2023,199p,19cm,1400,23016436,「数日」は何日ぐらい？　赤ちゃんパンダの数え方は？　放送現場や視聴者から寄せられるよくあることばの疑問を、ＮＨＫ文研用語班が回答する。ＮＨＫ放送文化研究所ホームページ掲載記事を書籍化。,ニホンゴ　日本語,図書費,佐藤教栄,1400,図書室,,,,,False,,,,False,,,,False,False,True,,
9784-344041110,52298,2023/08/31,物語の種,ﾓﾉｶﾞﾀﾘ ﾉ ﾀﾈ,,,,,有川 ひろ 著,ｱﾘｶﾜ ﾋﾛ,,913.6,ア,,幻冬舎,2024,269p,20cm,1500,23020624,ある家電メーカーで出世街道驀進中の研究所長には、意外な秘密があって…。「Ｍｒ．ブルー」など全１０篇を収録。ＷＥＢマガジン『カドブン』で募集した投稿を「種」として連載した小説を加筆修正し、書籍化。,,図書費,ＴＲＣ,1500,図書室,,,,,False,,,,False,,,,False,False,False,,
9784-344426467,80852,2023/04/26,放課後の厨房男子　〔１〕,ﾎｳｶｺﾞ ﾉ ﾁｭｰﾎﾞｰ ﾀﾞﾝｼ  ﾎｳｶｺﾞ ﾉ ﾁｭｳﾎﾞｳ ﾀﾞﾝｼ,,,幻冬舎文庫　あ－６４－１,ｹﾞﾝﾄｳｼｬﾌﾞﾝｺ ｱ-64-1,秋川 滝美 著,ｱｷｶﾜ ﾀｷﾐ,,913.6,ｱ,1,幻冬舎,2017,296p,16cm,630,17042915,創立１０２周年を迎えた県立末那高校は男子校で、部活動の主流は運動部。料理好きの先輩が立ち上げた通称「包丁部」は、常に部員不足で存続の危機に晒されている。新人部員を獲得しなければ、と部員たちが目を付けたのは…。,,図書費,佐藤教栄,630,文庫書架,,,,,False,,,,False,,,,False,False,True,,
9784-382158290,52315,2023/08/31,これが正解！他社と差がつく商品紹介文,ｺﾚ ｶﾞ ｾｲｶｲ ﾀｼｬ ﾄ ｻ ｶﾞ ﾂｸ ｼｮｳﾋﾝ ｼｮｳｶｲ ﾌﾞﾝ,,,,,山梨 栄司 著,ﾔﾏﾅｼ ｴｲｼﾞ,,674,ヤ,,産業能率大学出版部,2023,225p,19cm,1300,23008133,売れる商品紹介文のつくり方とは？　今の時代に好まれる商品紹介文の傾向、商品のアピールポイントの見つけ方、読みやすい文章を書くコツまで、商品紹介文の「正解」を多数の文例とともに紹介する。,コウコク　広告,図書費,ＴＲＣ,1300,図書室,,,,,False,,,,False,,,,False,False,False,,
9784-385366241,52316,2023/08/31,三省堂国語辞典から消えたことば辞典,ｻﾝｾｲﾄﾞｳ ｺｸｺﾞ ｼﾞﾃﾝ ｶﾗ ｷｴﾀ ｺﾄﾊﾞ ｼﾞﾃﾝ,,,,,見坊 行徳 編著　三省堂編修所 編著,ｹﾝﾎﾞｳ ﾕｷﾉﾘ ｻﾝｾｲﾄﾞｳﾍﾝｼｭｳｼﾞｮ,,813.1,サ,,三省堂,2023,240 16p,19cm,1900,23014094,歴代の「三省堂国語辞典」とその前身「明解国語辞典」から削除された１０００項目をピックアップし、当時の紙面のまま拡大して収録。全項目に脚注を付し、「コギャル」「メーンエベント」など１５項目は時代背景を解説。,ニホンゴ ジテン　ジジヨウゴ　ニホンゴ ゾクゴ　日本語 辞典　時事用語　日本語 俗語,図書費,ＴＲＣ,1900,図書室,,,,,False,,,,False,,,,False,False,False,,
9784-391159455,52325,2023/08/31,「ハンドメイド作品を売る方法」をいろいろな人に聞いてきました。,ﾊﾝﾄﾞﾒｲﾄﾞ ｻｸﾋﾝ ｵ ｳﾙ ﾎｳﾎｳ ｵ ｲﾛｲﾛ ﾅ ﾋﾄ ﾆ ｷｲﾃ ｷﾏｼﾀ,,,,,津田 蘭子 著,ﾂﾀﾞ ﾗﾝｺ,,594,ツ,,主婦と生活社,2024,143p,21cm,1500,23016646,実際にハンドメイド作品を販売している作家７人に、ハンドメイド作品づくりのきっかけ、販売するようになった経緯、モノづくりを通して実感したことなどを取材。販売テクニック、作家の悩み、法律＆税金Ｑ＆Ａも収録。,シュゲイ　コジンジギョウ　手芸　個人事業,図書費,ＴＲＣ,1500,図書室,,,,,False,,,,False,,,,False,False,False,,
9784-396116804,52397,2023/09/01,その気持ち、なんて言う？　プロに学ぶ感情の伝え方,ｿﾉ ｷﾓﾁ ﾅﾝﾃ ｲｳ,,,祥伝社新書　６８０,ｼｮｳﾃﾞﾝｼｬｼﾝｼｮ 680,ＮＨＫ「言葉にできない、そんな夜。」制作班 編,ﾆｯﾎﾟﾝﾎｳｿｳｷｮｳｶｲ ｴﾇｴｲﾁｹｰｺﾄﾊﾞﾆﾃﾞｷﾅｲｿﾝﾅﾖﾙｾｲｻｸﾊﾝ,,816.8,ソ,,祥伝社,2024,210p,18cm,1000,23017977,私たちは、史上類を見ない言葉の洪水の中にいる。言葉のプロたちによる絶妙な表現、発想法、着眼点を切り出し、思いを形にするヒントを提供する。朝井リョウ、最果タヒらのインタビューも収録。ＮＨＫ　Ｅテレの番組を書籍化。,ブンショウ　文章,図書費,ＴＲＣ,1000,新書書架,,,,,False,,,,False,,,,False,False,False,,
9784-413211994,52400,2023/09/01,動ける体を取りもどす「姿勢筋」トレーニング,ｳｺﾞｹﾙ ｶﾗﾀﾞ ｵ ﾄﾘﾓﾄﾞｽ ｼｾｲｷﾝ ﾄﾚｰﾆﾝｸﾞ,,,青春新書ＰＬＡＹ　ＢＯＯＫＳ　Ｐ－１１９９,ｾｲｼｭﾝｼﾝｼｮﾌﾟﾚｲﾌﾞｯｸｽ 1199,比嘉 一雄 著,ﾋｶﾞ ｶｽﾞｵ,,780.7,ヒ,,青春出版社,2023,171p,18cm,1000,23006388,体力も健康もすべては姿勢の改善からはじまる！　姿勢を決める最大の要素は骨盤の角度。骨盤に働きかける姿勢筋を鍛えれば、良い姿勢を保つことができる。姿勢筋のトレーニングとストレッチを写真とイラストを交えて紹介する。,キンリョクトレーニング　シセイ　筋力トレーニング　姿勢,図書費,ＴＲＣ,1000,新書書架,,,,,False,,,,False,,,,False,False,False,,
9784-415030708,80955,2023/06/28,花１本から始めるフラワーアレンジの基本,ﾊﾅ ｲｯﾎﾟﾝ ｶﾗ ﾊｼﾞﾒﾙ ﾌﾗﾜｰ ｱﾚﾝｼﾞ ﾉ ｷﾎﾝ,,,,,森 美保 監修・制作,ﾓﾘ ﾐﾎ,,793,ﾊ,,成美堂出版,2005,143p,26cm,1300,05050597,フラワーアレンジの基礎の基礎から教えてくれる初心者向けの一冊。簡単な投げ入れアレンジから、今どきのベーシックアレンジ、思い通りのアレンジ実現のためのヒント＆テクニック、アレンジに役立つ花まで、懇切丁寧に教える。,カキソウショク　花卉装飾,寄付,,1300,図書室,,,,,False,,,,False,,,,False,False,True,,
9784-416523070,52333,2023/08/31,化石のきほん　やさしいイラストでしっかりわかる　最古の生命はいつ生まれた？古生物はなぜ絶滅した？進化を読み解く化石の話,ｶｾｷ ﾉ ｷﾎﾝ,,,,,泉 賢太郎 著　菊谷 詩子 絵,ｲｽﾞﾐ ｹﾝﾀﾛｳ ｷｸﾀﾆ ｳﾀｺ,,457,イ,,誠文堂新光社,2023,143p,21cm,1800,23014786,化石はどのようにできるのか、生命はどのような進化を遂げたのか…。バラエティーに富んだ化石を通じて、生命の歴史や地球環境の変動について、イラストを使ってわかりやすく解説する。,カセキ　化石,図書費,ＴＲＣ,1800,図書室,,,,,False,,,,False,,,,False,False,False,,
9784-416523674,52332,2023/08/31,梅と杏のお菓子づくり　ジャム、コンポートから、クッキー、タルト、フィナンシェ、チーズケーキ、ジェラート、葛まんじゅうまで,ｳﾒ ﾄ ｱﾝｽﾞ ﾉ ｵｶｼ ｽﾞｸﾘ,,,,,今井 ようこ 著　藤沢 かえで 著,ｲﾏｲ ﾖｳｺ ﾌｼﾞｻﾜ ｶｴﾃﾞ,,596.6,イ,,誠文堂新光社,2024,111p,26cm,1600,23019227,梅と杏を使ったお菓子のレシピ集。スパイスシロップやジャムといった卵・白砂糖・乳製品なしのナチュラルスイーツと、ピュレやフィナンシェなどフランス菓子ベースのエレガントなお菓子を紹介する。,カシ　ウメ　アンズ　菓子　うめ（梅）　あんず,図書費,ＴＲＣ,1600,図書室,,,,,False,,,,False,,,,False,False,False,,
9784-425531912,52331,2023/08/31,東京大学の先生が教える海洋のはなし,ﾄｳｷｮｳﾀﾞｲｶﾞｸ ﾉ ｾﾝｾｲ ｶﾞ ｵｼｴﾙ ｶｲﾖｳ ﾉ ﾊﾅｼ,,,,,茅根 創 編著　丹羽 淑博 編著,ｶﾔﾈ ﾊｼﾞﾒ ﾆﾜ ﾖｼﾋﾛ,,452,ト,,成山堂書店,2023,5 194p,21cm,2500,23009536,東京大学の研究者が、中学・高校生におくる最新の「海の研究」ガイド。生物多様性、地球温暖化、海洋汚染などの「海」に関する研究の最前線を読者の立場に立ってわかりやすく解説する。研究生活のエピソードなども紹介。,カイヨウガク　海洋学,図書費,ＴＲＣ,2500,図書室,,,,,False,,,,False,,,,False,False,False,,
9784-426128722,52322,2023/08/31,あなたの人生を変える睡眠の法則２．０　朝昼夕１分、誰でもすぐできる！　睡眠の質がよくなると、面白いほどやる気が湧き上がる！,ｱﾅﾀ ﾉ ｼﾞﾝｾｲ ｵ ｶｴﾙ ｽｲﾐﾝ ﾉ ﾎｳｿｸ ﾆﾃﾝｾﾞﾛ,,,,,菅原 洋平 著,ｽｶﾞﾜﾗ ﾖｳﾍｲ,,498.3,ス,,自由国民社,2023,239p,19cm,1500,23011199,脳と睡眠の仕組みを知れば、睡眠の質が上がり、やる気が湧き上がる。科学的根拠に基づき、医療の現場で実践されている睡眠改善法を、朝昼夜１分でできる「睡眠の法則」という形でまとめる。,スイミン　睡眠,図書費,ＴＲＣ,1500,図書室,,,,,False,,,,False,,,,False,False,False,,
9784-434315664,52378,2023/09/01,１８歳までに知っておきたい契約のはなし,ｼﾞｭｳﾊｯｻｲ ﾏﾃﾞ ﾆ ｼｯﾃｵｷﾀｲ ｹｲﾔｸ ﾉ ﾊﾅｼ,,,,,神坪 浩喜 著,ｶﾐﾂﾎﾞ ﾋﾛｷ,,324.5,カ,,星雲社（発売）,2023,239p,19cm,1500,23006108,携帯電話の契約、クレジットカードを作る契約…。１８歳になれば、法定代理人の同意がなくても自分一人で契約することができる。消費者被害にあわないで人生をよりよく生き抜くために、契約の使い方や知識をわかりやすく解説。,ケイヤク　契約,図書費,ＴＲＣ,1500,図書室,,,,,False,,,,False,,,,False,False,False,,
9784-480075284,80966,2023/08/29,ウクライナ戦争,ｳｸﾗｲﾅ ｾﾝｿｳ,,,ちくま新書　１６９７,ﾁｸﾏｼﾝｼｮ 1697,小泉 悠 著,ｺｲｽﾞﾐ ﾕｳ,,319.3803,ｺ,,筑摩書房,2022,237 11p,18cm,860,22048338,２０２２年２月、ロシアによるウクライナ侵攻が始まった。国際世論の非難を浴びながらも「特別軍事作戦」を続けるプーチン。この戦争はなぜ始まり、戦場では何が起きているのか。軍事研究者が歴史的事件の全貌を伝える。,ロシア タイガイカンケイ ウクライナ　ロシア 対外関係 ウクライナ,図書費,佐藤教栄,860,新書書架,,,,,False,,,,False,,,,False,False,True,,
9784-480075505,80927,2023/06/20,紛争地の歩き方　現場で考える和解への道,ﾌﾝｿｳﾁ ﾉ ｱﾙｷｶﾀ,,,ちくま新書　１７２１,ﾁｸﾏｼﾝｼｮ 1721,上杉 勇司 著,ｳｴｽｷﾞ ﾕｳｼﾞ,,319.8,ｳ,,筑摩書房,2023,350p,18cm,1100,23014626,殺しあいをしてきた人々は、どのように仲直りをするのか。世界各地の紛争地で、現地の平和に貢献する活動や研究を行ってきた国際紛争研究者が、紛争の現場で見て、感じ、考えたことをもとに、和解の物語を綴る。,コクサイフンソウ　ナイラン　ヘイワ　国際紛争　内乱　平和,図書費,佐藤教栄,1100,新書書架,,,,,False,,,,False,,,,False,False,True,,
9784-480434562,80883,2023/06/06,食品サンプルの誕生,ｼｮｸﾋﾝ ｻﾝﾌﾟﾙ ﾉ ﾀﾝｼﾞｮｳ,,,ちくま文庫　の１４－１,ﾁｸﾏﾌﾞﾝｺ ﾉ-14-1,野瀬 泰申 著,ﾉｾ ﾔｽﾉﾌﾞ,,383.81,ﾉ,,筑摩書房,2017,236p 図版16p,15cm,800,17032713,「見るメニュー」としてすっかり定着した食品サンプル。世界の誰も発想できなかった、この日本独自のメディアは、いつ、なぜ生まれたのか？　食品サンプルの謎に迫る。製造工程をカラー写真で掲載。,ショクヒンサンプル　食品サンプル,図書費,佐藤共栄,800,文庫書架,,,,,False,,,,False,,,,False,False,True,,
9784-480438690,52339,2023/08/31,空芯手帳,ｸｳｼﾝﾃﾁｮｳ,,,ちくま文庫　や６２－１,ﾁｸﾏﾌﾞﾝｺ ﾔ-62-1,八木 詠美 著,ﾔｷﾞ ｴﾐ,,913.6,ヤ,,筑摩書房,2023,195p,15cm,660,23010001,理不尽な雑用、セクハラ…。職場で「女」だからという理由でろくでもない役回りをこなす人生に嫌気がさした柴田は、偽の妊婦を演じることで、空虚な日々にささやかな変化を起こしてゆく。,,図書費,ＴＲＣ,660,文庫書架,,,,,False,,,,False,,,,False,False,False,,
9784-480438751,52340,2023/08/31,しかもフタが無い,ｼｶﾓ ﾌﾀ ｶﾞ ﾅｲ,,,ちくま文庫　よ３２－１,ﾁｸﾏﾌﾞﾝｺ ﾖ-32-1,ヨシタケ シンスケ 著,ﾖｼﾀｹ ｼﾝｽｹ,,726.5,ヨ,,筑摩書房,2023,197p,15cm,800,23009976,ヨシタケシンスケの「創作の原点」であり「絵本の種」でもある、日々、思いついたことをそのままメモしたアイデアスケッチ。３０歳までに描きためたスケッチを収録する。くすっと笑えて、なぜかほっとするイラスト集。,,図書費,ＴＲＣ,800,文庫書架,,,,,False,,,,False,,,,False,False,False,,
9784-480511799,52401,2023/09/01,ペルシャの神話,ﾍﾟﾙｼｬ ﾉ ｼﾝﾜ,,,ちくま学芸文庫　オ３５－１,ﾁｸﾏｶﾞｸｹﾞｲﾌﾞﾝｺ ｵ-35-1,岡田 恵美子 著,ｵｶﾀﾞ ｴﾐｺ,,164.2,オ,,筑摩書房,2023,258p,15cm,1000,23015390,ペルシャ文学研究の第一人者がやさしく物語るペルシャ神話の入門書。ゾロアスター教や古代ペルシャの伝承、そしていまなおイランの人びとがそらんじる叙事詩「王書」をもとに、ペルシャ神話の名場面などを紹介する。,シンワ イラン　神話 イラン,図書費,ＴＲＣ,1000,文庫書架,,,,,False,,,,False,,,,False,False,False,,
9784-480684486,52341,2023/08/31,集団に流されず個人として生きるには,ｼｭｳﾀﾞﾝ ﾆ ﾅｶﾞｻﾚｽﾞ ｺｼﾞﾝ ﾄ ｼﾃ ｲｷﾙ ﾆﾜ,,,ちくまプリマー新書　４２１,ﾁｸﾏﾌﾟﾘﾏｰｼﾝｼｮ 421,森 達也 著,ﾓﾘ ﾀﾂﾔ,,361.4,モ,,筑摩書房,2023,223p,18cm,840,23009514,過剰に叩かれる宗教、ナチスのホロコースト、危機をあおるメディア、ネットの炎上－。集団は強い絆と同調圧力を生み、時に暴走する。集団に流されずに生きるために必要なこと、ネット社会が持つ危険性などを考える。,シンリガク　モノノミカタカンガエカタ　シャカイ　インターネット　心理学　物の見方・考え方　社会　インターネット　シュウダンシンリガク　集団心理学,図書費,ＴＲＣ,840,新書書架,,,,,False,,,,False,,,,False,False,False,,
9784-480684493,52342,2023/08/31,偏差値４５からの大学の選び方,ﾍﾝｻﾁ ﾖﾝｼﾞｭｳｺﾞ ｶﾗ ﾉ ﾀﾞｲｶﾞｸ ﾉ ｴﾗﾋﾞｶﾀ,,,ちくまプリマー新書　４２４,ﾁｸﾏﾌﾟﾘﾏｰｼﾝｼｮ 424,山内 太地 著,ﾔﾏｳﾁ ﾀｲｼﾞ,,376.8,ヤ,,筑摩書房,2023,205p,18cm,820,23014643,重要なのは「第２志望」の選び方！　日本にある約８００大学をすべて見学した著者が、有名私大や憧れの国公立大学にあと一歩届かないという人に向けて、おすすめの第２志望の大学を厳選紹介する。,ニュウガクシケン　ダイガク　入学試験　大学　ガッコウアンナイ　ニュウガクシケン（ダイガク）　学校案内　入学試験（大学）,図書費,ＴＲＣ,820,新書書架,,,,,False,,,,False,,,,False,False,False,,
9784-488018399,80928,2023/06/20,ＧＥＮＥＳｉＳ　創元日本ＳＦアンソロジー　２　白昼夢通信,ｼﾞｪﾈｼｽ ﾊｸﾁｭｳﾑ ﾂｳｼﾝ,,,,,水見 稜 ほか著,ﾐｽﾞﾐ ﾘｮｳ,,913.68,ｼﾞ,2,東京創元社,2019,253p,19cm,2000,19056000,創元ＳＦ短編賞出身作家を中心に、現代ＳＦを牽引する書き手たちが贈る書き下ろしＳＦアンソロジー。「配信世界のイデアたち」「白昼夢通信」など全７編に加え、アンソロジスト２名によるエッセイを収録。,ショウセツ（ニホン） ショウセツシュウ　小説（日本） 小説集,図書費,佐藤教栄,2000,図書室,,,,,False,,,,False,,,,False,False,True,,
9784-488018450,80898,2023/06/06,ＧＥＮＥＳｉＳ　創元日本ＳＦアンソロジー　４　時間飼ってみた,ｼﾞｪﾈｼｽ ｼﾞｶﾝ ｶｯﾃﾐﾀ,,,,,小川 一水 ほか著,ｵｶﾞﾜ ｲｯｽｲ,,913.68,ｼﾞ,4,東京創元社,2021,356p,19cm,2000,21044625,ベテランから日本ＳＦ界の未来を担う新鋭まで、現代ＳＦ界を牽引する書き手たちが集結した書き下ろしＳＦアンソロジー。第１２回創元ＳＦ短編賞正賞「射手座の香る夏」、優秀賞「神の豚」など全８編を収録する。,ショウセツ（ニホン） ショウセツシュウ　小説（日本） 小説集,図書費,佐藤共栄,2000,図書室,,,,,False,,,,False,,,,False,False,True,,
9784-488110086,80991,2023/10/12,詩人と狂人たち,ｼｼﾞﾝ ﾄ ｷｮｳｼﾞﾝ ﾀﾁ,,,創元推理文庫　Ｍチ３－８,ｿｳｹﾞﾝｽｲﾘﾌﾞﾝｺ M-ﾁ-3-8,Ｇ．Ｋ．チェスタトン 著　中村 保男 訳,ﾁｪｽﾀﾄﾝ ｷﾞﾙﾊﾞｰﾄ･ｷｰｽ ﾅｶﾑﾗ ﾔｽｵ GKﾁｪｽﾀﾄﾝ,,933.7,ﾁ,,東京創元社,1977,282p,15cm,660,07143307,,,寄付,,,文庫書架,,,,,False,,,,False,,,,False,False,True,,
9784-488117085,80933,2023/06/21,ビール職人のレシピと推理,ﾋﾞｰﾙ ｼｮｸﾆﾝ ﾉ ﾚｼﾋﾟ ﾄ ｽｲﾘ,,,創元推理文庫　Ｍア１９－２,ｿｳｹﾞﾝｽｲﾘﾌﾞﾝｺ M-ｱ-19-2,エリー・アレグザンダー 著　越智 睦 訳,ｱﾚｸﾞｻﾞﾝﾀﾞｰ ｴﾘｰ ｵﾁ ﾑﾂﾐ ｴﾘｰｱﾚｸﾞｻﾞﾝﾀﾞｰ,,933.7,ｱ,,東京創元社,2020,347p,15cm,1100,20016947,オクトーバーフェストの開催が迫る、ビールで有名なアメリカの小さな町レブンワース。しかし、開催前日の夜、会場近くで映画の関係者が殺されて…。愉快でおいしいビール・ミステリ第２弾。,,図書費,佐藤教栄,1100,文庫書架,,,,,False,,,,False,,,,False,False,True,,
9784-488424213,80925,2023/06/20,サーチライトと誘蛾灯,ｻｰﾁﾗｲﾄ ﾄ ﾕｳｶﾞﾄｳ,,,創元推理文庫　Ｍさ９－１,ｿｳｹﾞﾝｽｲﾘﾌﾞﾝｺ M-ｻ-9-1,櫻田 智也 著,ｻｸﾗﾀﾞ ﾄﾓﾔ,,913.6,ｻ,,東京創元社,2020,273p,15cm,720,20018677,奇妙な来訪者があった夜の公園で起きた変死事件。解決の手がかりはカブトムシ！？　昆虫オタクのとぼけた青年が巻き込まれる５つの事件を描く、軽快なミステリ連作集。,,図書費,佐藤教栄,720,文庫書架,,,,,False,,,,False,,,,False,False,True,,
9784-488523046,80843,2023/04/26,ラヴクラフト全集　４,ﾗｳﾞｸﾗﾌﾄ ｾﾞﾝｼｭｳ,,,創元推理文庫　５２３‐４,ｿｳｹﾞﾝｽｲﾘﾌﾞﾝｺ 523-4,Ｈ・Ｐ・ラヴクラフト 著　大瀧 啓裕 訳,ﾗｳﾞｸﾗﾌﾄ ﾊﾜｰﾄﾞ･ﾌｨﾘｯﾌﾟｽ ｵｵﾀｷ ｹｲｽｹ HPﾗｳﾞｸﾗﾌﾄ,,933.7,ﾗ,4,東京創元社,1985,345p,15cm,640,85-30083,,,図書費,佐藤教栄,640,文庫書架,,,,,False,,,,False,,,,False,False,True,,
9784-488523053,80941,2023/06/21,ラヴクラフト全集　５,ﾗｳﾞｸﾗﾌﾄ ｾﾞﾝｼｭｳ,,,創元推理文庫　５２３‐５,ｿｳｹﾞﾝｽｲﾘﾌﾞﾝｺ 523-5,Ｈ・Ｐ・ラヴクラフト 著　大瀧 啓裕 訳,ﾗｳﾞｸﾗﾌﾄ ﾊﾜｰﾄﾞ･ﾌｨﾘｯﾌﾟｽ ｵｵﾀｷ ｹｲｽｹ HPﾗｳﾞｸﾗﾌﾄ,,933.7,ﾗ,5,東京創元社,1987,349p,15cm,640,87-18387,,,図書費,佐藤教栄,640,文庫書架,,,,,False,,,,False,,,,False,False,True,,
9784-488525033,80926,2023/06/20,魔道師の月,ﾏﾄﾞｳｼ ﾉ ﾂｷ,,,創元推理文庫　Ｆい２－２,ｿｳｹﾞﾝｽｲﾘﾌﾞﾝｺ F-ｲ-2-2,乾石 智子 著,ｲﾇｲｼ ﾄﾓｺ,,913.6,ｲ,,東京創元社,2014,462p,15cm,1000,14058906,繁栄と平和を謳歌するコンスル帝国の皇帝のもとに献上された幸運のお守り「暗樹」。だがそれは、次第に帝国の中枢を蝕みはじめる。ふたりの魔道師は、人々を破滅に導く太古の闇を退けることができるのか？,,図書費,佐藤教栄,1000,文庫書架,,,,,False,,,,False,,,,False,False,True,,
9784-488803018,80886,2023/06/06,流浪の月,ﾙﾛｳ ﾉ ﾂｷ,,,創元文芸文庫　ＬＡな１－１,ｿｳｹﾞﾝﾌﾞﾝｹﾞｲﾌﾞﾝｺ LA-ﾅ-1-1,凪良 ゆう 著,ﾅｷﾞﾗ ﾕｳ,,913.6,ﾅ,,東京創元社,2022,355p,15cm,740,22007285,愛ではない。けれどそばにいたい－。再会すべきではなかったかもしれない男女がもう一度出会ったとき、運命は周囲の人を巻き込みながら疾走を始める。新しい人間関係への旅立ちを描いた小説。２０２２年５月公開映画の原作。,,図書費,佐藤共栄,740,文庫書架,,,,,False,,,,False,,,,False,False,True,,
9784-540221231,80853,2023/04/26,知って楽しむハチ暮らし入門　刺されない方法、安全な駆除、無農薬畑での飼い方,ｼｯﾃ ﾀﾉｼﾑ ﾊﾁ ｸﾞﾗｼ ﾆｭｳﾓﾝ,,,,,安藤 竜二 著,ｱﾝﾄﾞｳ ﾘｭｳｼﾞ,,646.9,ｱ,,農山漁村文化協会,2023,8 171p,26cm,1800,23001352,ハチの多くは実は温厚で、恐れなくていいハチたちがほとんど。蜜ろうキャンドルを製造する著者が、ハチと共生する「ハチ暮らし」の１年を紹介するとともに、ハチの種類ごとにその生態と付き合い方を解説する。,ハチ　はち（蜂）,図書費,佐藤教栄,1790,図書室,,,,,False,,,,False,,,,False,False,True,,
9784-560089712,80924,2023/06/12,カムイユカラを聞いてアイヌ語を学ぶ　読んでみよう聞いてみよう謡ってみよう,ｶﾑｲﾕｶﾗ ｵ ｷｲﾃ ｱｲﾇｺﾞ ｵ ﾏﾅﾌﾞ,,,,,中川 裕 著　中本 ムツ子 著,ﾅｶｶﾞﾜ ﾋﾛｼ ﾅｶﾓﾄ ﾑﾂｺ,,829.2,ﾅ,,白水社,2023,237p,21cm,3800,23016785,口承文芸「カムイユカラ（神謡）」を中心に、なぞなぞ、遊び歌など、アイヌ文化の世界観が見えてくるようなテキストを用いて、アイヌ語の基本的な文法事項を解説する。練習問題も収録。音声ダウンロード用のＱＲコード付き。,アイヌゴ　ユーカラ　アイヌ語　ユーカラ,図書費,佐藤教栄,3800,図書室,,,,,False,,,,False,,,,False,False,True,,
9784-562072613,52404,2023/09/01,知っておきたい！インドごはんの常識　イラストで見るマナー、文化、レシピ、ちょっといい話まで,ｼｯﾃｵｷﾀｲ ｲﾝﾄﾞ ｺﾞﾊﾝ ﾉ ｼﾞｮｳｼｷ,,,,,パンカジ・シャルマ 文　アリス・シャルバン 絵　サンドラ・サルマンジー レシピ　関根 光宏 訳,ｼｬﾙﾏ ﾊﾟﾝｶｼﾞ ｼｬﾙﾊﾞﾝ ｱﾘｽ ｻﾙﾏﾝｼﾞｰ ｻﾝﾄﾞﾗ ｾｷﾈ ﾐﾂﾋﾛ ﾊﾟﾝｶｼﾞｼｬﾙﾏ ｱﾘｽｼｬﾙﾊﾞﾝ ｻﾝﾄﾞﾗｻﾙﾏﾝｼﾞｰ,,383.8,シ,,原書房,2023,128p,22cm,1800,23009077,知っているようで知らないインドの食文化が見えてくる！　国民的飲み物となったチャイの意外な歴史、アーユルヴェーダ、儀式での料理、ストリートフードなど、インドの楽しい毎日の食事をイラストで解説します。,ショクセイカツ インド　リョウリ（インド）　食生活 インド　料理（インド）,図書費,ＴＲＣ,1800,図書室,,,,,False,,,,False,,,,False,False,False,,
9784-569854298,52351,2023/08/31,“好き”を仕事にする力　スモールビジネスを立ち上げた１００人の女性たちのリアル,ｽｷ ｵ ｼｺﾞﾄ ﾆ ｽﾙ ﾁｶﾗ,,,,,碓井 美樹 著,ｳｽｲ ﾐｷ,,335.1,ウ,,ＰＨＰ研究所（発売）,2023,351p,21cm,2000,23012588,好きなこと、やりたいことで起業した女性たちのインタビュー集。スモールビジネスを立ち上げた女性たちの本音から、雇われる以外の働き方を紹介する。独立・起業のヒントが満載。,ケイエイシャ　ジョセイロウドウシャ　経営者　女性労働者,図書費,ＴＲＣ,2000,図書室,,,,,False,,,,False,,,,False,False,False,,
9784-569854755,52352,2023/08/31,家系図で読み解く世界史　ヨーロッパを変えた結婚と離婚,ｶｹｲｽﾞ ﾃﾞ ﾖﾐ ﾄｸ ｾｶｲｼ,,,,,神野 正史 著,ｼﾞﾝﾉ ﾏｻﾌﾐ,,230,ジ,,ＰＨＰ研究所,2024,291p,21cm,1800,23020117,チャールズ３世即位によって王朝交代！？　「謎の王家グリュックスブルク家」とは？　系図に焦点を当てて、イギリス、フランス、ドイツ、オーストリア、ロシアなどの各国史と欧州史全体を解説する。,セイヨウシ　ケイフ　西洋史　系譜,図書費,ＴＲＣ,1800,図書室,,,,,False,,,,False,,,,False,False,False,,
9784-569881027,52353,2023/08/31,凹んでも大丈夫！「逆境力」が育つ５０の方法,ﾍｺﾝﾃﾞﾓ ﾀﾞｲｼﾞｮｳﾌﾞ ｷﾞｬｯｷｮｳﾘｮｸ ｶﾞ ｿﾀﾞﾂ ｺﾞｼﾞｭｳ ﾉ ﾎｳﾎｳ,,,,,足立 啓美 著,ｱﾀﾞﾁ ﾋﾛﾐ,,498.3,ア,,ＰＨＰ研究所,2023,175p,19cm,1300,23011624,変化の多い現代を幸せに生き抜くためには。「ネガティブ感情を大切にしよう」「物事を両面から見てみよう」「諦めずに取り組む力を育てよう」など、逆境を乗り越える力「レジリエンス」を身につける方法を伝える。,セイシンエイセイ　精神衛生,図書費,ＴＲＣ,1300,図書室,,,,,False,,,,False,,,,False,False,False,,
9784-575246193,52355,2023/08/31,それでも旅に出るカフェ,ｿﾚﾃﾞﾓ ﾀﾋﾞ ﾆ ﾃﾞﾙ ｶﾌｪ,,,,,近藤 史恵 著,ｺﾝﾄﾞｳ ﾌﾐｴ,,913.6,コ,,双葉社,2023,237p,20cm,1600,23016221,店主の円が海外で出会った珍しいスイーツが名物のカフェ・ルーズ。コロナ禍に負けじと営業を続ける店に集まるのは“事情”を抱えた客たちで…。読めば旅に出られる“おいしい”連作短編集。『小説推理』連載を加筆修正。,,図書費,ＴＲＣ,1600,図書室,,,,,False,,,,False,,,,False,False,False,,
9784-575246223,52356,2023/08/31,２７０００冊ガーデン,ﾆﾏﾝﾅﾅｾﾝ ｻﾂ ｶﾞｰﾃﾞﾝ,,,,,大崎 梢 著,ｵｵｻｷ ｺｽﾞｴ,,913.6,オ,,双葉社,2023,266p,19cm,1600,23016217,転落死体が発見された場所に本を落としてきてしまった－。男子生徒から相談を受けた、県立高校の学校司書・星川駒子は、書店員・針谷敬斗と共に、生徒が巻き込まれた事件の解決に一役買うが…。『小説推理』連載に加筆修正。,,図書費,ＴＲＣ,1600,図書室,,,,,False,,,,False,,,,False,False,False,,
9784-575246315,52357,2023/08/31,ヨモツイクサ,ﾖﾓﾂｲｸｻ,,,,,知念 実希人 著,ﾁﾈﾝ ﾐｷﾄ,,913.6,チ,,双葉社,2024,366p,19cm,1680,23019490,アイヌの人々が怖れた禁域〈黄泉の森〉を開発しようとする作業員達が行方不明になり、現場には〈何か〉に蹂躙された痕跡が残っていた。７年前の神隠し事件との繋がりは。作業員が死ぬ前に見た蒼い光とは…。バイオ・ホラー。,,図書費,ＴＲＣ,1680,図書室,,,,,False,,,,False,,,,False,False,False,,
9784-582860245,52368,2023/09/01,瞽女の世界を旅する,ｺﾞｾﾞ ﾉ ｾｶｲ ｵ ﾀﾋﾞ ｽﾙ,,,平凡社新書　１０２４,ﾍｲﾎﾞﾝｼｬｼﾝｼｮ 1024,大山 眞人 著,ｵｵﾔﾏ ﾏﾋﾄ,,384.3,オ,,平凡社,2023,253p,18cm,960,23010700,最盛期には１７軒の瞽女屋敷があった上越高田。旅先で受けた村人からの情け、瞽女同士の助け合い、出会いと別れなど、村々を門付けして歩く盲女の旅芸人、瞽女の生き様を、高田瞽女の親方・杉本キクエの言葉を通して描く。,ゴゼ　瞽女,図書費,ＴＲＣ,960,新書書架,,,,,False,,,,False,,,,False,False,False,,
9784-585300090,52371,2023/09/01,デジタルアーカイブの新展開,ﾃﾞｼﾞﾀﾙ ｱｰｶｲﾌﾞ ﾉ ｼﾝ ﾃﾝｶｲ,,,,,時実 象一 著,ﾄｷｻﾞﾈ ｿｳｲﾁ,,007.5,ト,,勉誠社,2023,12 304p,19cm,2100,23013225,文化財のデジタル化や、映画・新聞・テレビ・ウェブといったメディアのデジタルアーカイブ、３ＤやＡＩを始めとする革新的技術の動向など、具体的な事例を豊富な図とともに紹介。デジタルアーカイブの現状を解説する。,デジタルアーカイブ　デジタルアーカイブ,図書費,ＴＲＣ,2100,図書室,,,,,False,,,,False,,,,False,False,False,,
9784-591175354,80896,2023/06/06,月の立つ林で,ﾂｷ ﾉ ﾀﾂ ﾊﾔｼ ﾃﾞ,,,,,青山 美智子 著,ｱｵﾔﾏ ﾐﾁｺ,,913.6,ｱ,,ポプラ社,2022,262p,19cm,1600,22043488,元看護師、芸人、二輪自動車整備士、女子高生、アクセサリー作家。つまずいてばかりの日常の中、それぞれが耳にしたのは、タケトリ・オキナという男性のポッドキャスト「ツキない話」で…。,,図書費,佐藤共栄,1600,図書室,,,,,False,,,,False,,,,False,False,True,,
9784-591176122,52373,2023/09/01,つぎはぐ、さんかく,ﾂｷﾞﾊｸﾞ ｻﾝｶｸ,,,,,菰野 江名 著,ｺﾓﾉ ｴﾅ,,913.6,コ,,ポプラ社,2023,286p,19cm,1600,23003504,惣菜と珈琲のお店「△（さんかく）」を営むヒロは、晴太、中学３年生の蒼と、きょうだい３人だけで暮らしている。ある日、蒼は卒業したら家を出るといい始めヒロは激しく反発するが、３人はある複雑な事情を抱えていて…。,,図書費,ＴＲＣ,1600,図書室,,,,,False,,,,False,,,,False,False,False,,
9784-591176948,52374,2023/09/01,街に躍ねる,ﾏﾁ ﾆ ﾊﾈﾙ,,,,,川上 佐都 著,ｶﾜｶﾐ ｻﾄ,,913.6,カ,,ポプラ社,2023,238p,20cm,1600,23005752,高校生の達と小学５年生の晶は、仲良しな兄弟。物知りで絵が上手い達は、晶にとって最高の兄ちゃんだが、世間から見ると普通じゃないらしく…。「人と違うこと」の苦しさ、素晴らしさを描いた物語。,,図書費,ＴＲＣ,1600,図書室,,,,,False,,,,False,,,,False,False,False,,
9784-591177570,52372,2023/09/01,海外の大学に進学した人たちはどう英語を学んだのか,ｶｲｶﾞｲ ﾉ ﾀﾞｲｶﾞｸ ﾆ ｼﾝｶﾞｸ ｼﾀ ﾋﾄ ﾀﾁ ﾜ ﾄﾞｳ ｴｲｺﾞ ｵ ﾏﾅﾝﾀﾞ ﾉｶ,,,ポプラ新書　２３９,ﾎﾟﾌﾟﾗｼﾝｼｮ 239,加藤 紀子 著,ｶﾄｳ ﾉﾘｺ,,830.7,カ,,ポプラ社,2023,195p,18cm,890,23015103,「世界で使える英語」を身につけるには－。日本の高校から海外の大学に進学した１０人の英語学習の秘訣を伝える。また、英語力を飛躍させるコツや日本人が英語を身につける利点なども紹介する。,エイゴ　英語,図書費,ＴＲＣ,890,新書書架,,,,,False,,,,False,,,,False,False,False,,
9784-594093839,52354,2023/08/31,少しでもお金で得するのはどっち？　お金のことがわからない人のためにＥＳＳＥ編集部が全部調べました,ｽｺｼ ﾃﾞﾓ ｵｶﾈ ﾃﾞ ﾄｸ ｽﾙ ﾉﾜ ﾄﾞｯﾁ,,,ＥＳＳＥの本,ｴｯｾﾉﾎﾝ,,,,591,ス,,扶桑社,2023,175p,19cm,1400,23003584,お風呂のため直しｖｓ追い焚き、クルマを買うなら新車ｖｓ中古車、貯金するならメガバンクｖｓネット銀行…。日常のなかの「どっちがお得？」をお金のプロがズバリ解決。『ＥＳＳＥ』連載のデータを更新して書籍化。,カテイケイザイ　家庭経済,図書費,ＴＲＣ,1400,図書室,,,,,False,,,,False,,,,False,False,False,,
9784-596772176,52403,2023/09/01,チョプラ警部の思いがけない相続,ﾁｮﾌﾟﾗ ｹｲﾌﾞ ﾉ ｵﾓｲｶﾞｹﾅｲ ｿｳｿﾞｸ,,,ハーパーＢＯＯＫＳ　Ｍ・カ８・１,ﾊｰﾊﾟｰﾌﾞｯｸｽ M-ｶ-8-1,ヴァシーム・カーン 著　舩山 むつみ 訳,ｶｰﾝ ｳﾞｧｼｰﾑ ﾌﾅﾔﾏ ﾑﾂﾐ ｳﾞｧｼｰﾑｶｰﾝ,,933.7,カ,,ハーパーコリンズ・ジャパン,2024,374p,15cm,1018,23019561,少年の水死体。それはインド国内を震撼させる大事件の始まり－。現代の大都市ムンバイを舞台に、チョプラ（元）警部と赤ちゃん象ガネーシャの探偵コンビが凶悪な犯罪者と戦う、異色のインドミステリ！,,図書費,ＴＲＣ,1018,文庫書架,,,,,False,,,,False,,,,False,False,False,,
9784-620108643,52375,2023/09/01,永遠と横道世之介　上,ｴｲｴﾝ ﾄ ﾖｺﾐﾁ ﾖﾉｽｹ,,,,,吉田 修一 著,ﾖｼﾀﾞ ｼｭｳｲﾁ,,913.6,ヨ,１,毎日新聞出版,2024,347p,20cm,1600,23020618,３９歳になったカメラマン・横道世之介が暮らすのは、東京郊外に建つ下宿「ドーミー吉祥寺の南」。住人らとゆるーっと暮らす毎日に、知り合いの引きこもりの息子が入居することになり…。『毎日新聞』連載を加筆修正。,,図書費,ＴＲＣ,1600,図書室,,,,,False,,,,False,,,,False,False,False,,
9784-620108650,52376,2023/09/01,永遠と横道世之介　下,ｴｲｴﾝ ﾄ ﾖｺﾐﾁ ﾖﾉｽｹ,,,,,吉田 修一 著,ﾖｼﾀﾞ ｼｭｳｲﾁ,,913.6,ヨ,２,毎日新聞出版,2024,382p,20cm,1600,23020619,湘南のカフェ店員に一目惚れ、相手をふり向かせたくてサーフィンを始めた下宿人の谷尻。その恋を応援する傍らで、世之介は、最愛の人二千花と過ごした日々を幾度となく反芻し…。『毎日新聞』連載を加筆修正。,,図書費,ＴＲＣ,1600,図書室,,,,,False,,,,False,,,,False,False,False,,
9784-623095070,52377,2023/09/01,大学の歩き方・学問のはじめ方　新しい「自分」の可能性を見つけよう,ﾀﾞｲｶﾞｸ ﾉ ｱﾙｷｶﾀ ｶﾞｸﾓﾝ ﾉ ﾊｼﾞﾒｶﾀ,,,,,大島 寿美子 著　柿原 久仁佳 著　金子 大輔 著　平野 恵子 著　松浦 年男 著,ｵｵｼﾏ ｽﾐｺ ｶｷﾊﾗ ｸﾆｶ ｶﾈｺ ﾀﾞｲｽｹ ﾋﾗﾉ ｹｲｺ ﾏﾂｳﾗ ﾄｼｵ,,377.9,ダ,,ミネルヴァ書房,2023,6 201p,21cm,2200,23006424,大学という場所で大学生としての時間をどう過ごすかを自ら考えるためのガイドブック。大学での学びの特徴や大学生活の過ごし方、「場所」としての大学と大学生の暮らし、身につけたいスタディスキルについて解説する。,ガクセイ　学生,図書費,ＴＲＣ,2200,図書室,,,,,False,,,,False,,,,False,False,False,,
9784-635049672,52379,2023/09/01,日本人は、どんな肉を喰ってきたのか？　完全版,ﾆﾎﾝｼﾞﾝ ﾜ ﾄﾞﾝﾅ ﾆｸ ｵ ｸｯﾃｷﾀ ﾉｶ,,,ヤマケイ文庫,ﾔﾏｹｲﾌﾞﾝｺ,田中 康弘 著,ﾀﾅｶ ﾔｽﾋﾛ,,659,タ,,山と溪谷社,2024,365p 図版8枚,15cm,1050,23019583,日本でどのように猟が行われ、獲物を食べているのか。西表島のカマイから、本州のクマ、シカ、イノシシ、ノウサギ、ハクビシン、カモ、ヤマドリ、礼文島のトドまで、日本各地の狩猟の現場を長年記録してきた著者のジビエ紀行。,シュリョウ　ニクニクセイヒン　リョウリ ニク　狩猟　肉・肉製品　料理 肉,図書費,ＴＲＣ,1050,文庫書架,,,,,False,,,,False,,,,False,False,False,,
9784-635450638,52380,2023/09/01,レモンの料理とお菓子　さわやかがあふれるレシピと仕込みもの７３,ﾚﾓﾝ ﾉ ﾘｮｳﾘ ﾄ ｵｶｼ,,,料理とお菓子,ﾘｮｳﾘ ﾄ ｵｶｼ,こてら みや 著,ｺﾃﾗ ﾐﾔ,,596,コ,,山と溪谷社,2023,95p,26cm,1800,23010671,レモンクリームパスタにレモンチキンカレー、レモンミートボール、レモンドーナッツ…。料理からお菓子、作っておけば便利な保存食まで、さわやかでさっぱりおいしいレモンのレシピを７３種類紹介。,リョウリ　カシ　レモン　料理　菓子　レモン,図書費,ＴＲＣ,1800,図書室,,,,,False,,,,False,,,,False,False,False,,
9784-750355405,52268,2023/08/31,「難民」とは誰か　本質的理解のための３４の論点,ﾅﾝﾐﾝ ﾄﾜ ﾀﾞﾚ ｶ,,,,,小泉 康一 著,ｺｲｽﾞﾐ ｺｳｲﾁ,,369.3,コ,,明石書店,2023,259p,20cm,2700,23011103,個人は、移住を通じて自らの望みを追求する自由をもつ。一方、人口流入に対して国家が懸念を抱くことも避けがたい。では、両者の葛藤は克服しえないものなのか。難民問題の本質的理解のための論点をわかりやすく記す。,ナンミン　難民,図書費,ＴＲＣ,2700,図書室,,,,,False,,,,False,,,,False,False,False,,
9784-756922663,52270,2023/08/31,本当はおもしろい中学英語　ルールを覚えるだけじゃなかったんだ！,ﾎﾝﾄｳ ﾜ ｵﾓｼﾛｲ ﾁｭｳｶﾞｸ ｴｲｺﾞ,,,,,時吉 秀弥 著,ﾄｷﾖｼ ﾋﾃﾞﾔ,,835,ト,,明日香出版社,2023,294p,15×15cm,1650,23016442,英文法を「よくわからない決まりごと」ではなく、「英語を話す人の心のしくみ」としてイラストとともにわかりやすく解説する。練習問題も収録。折り込みのページあり。音声データのダウンロードサービス付き。,エイゴ ブンポウ　英語 文法,図書費,ＴＲＣ,1650,図書室,,,,,False,,,,False,,,,False,False,False,,
9784-761276621,52292,2023/08/31,ダンドリと予定の立て方　限られた時間で必ず仕事が終わる,ﾀﾞﾝﾄﾞﾘ ﾄ ﾖﾃｲ ﾉ ﾀﾃｶﾀ,,,,,井出 元子 著,ｲﾃﾞ ﾓﾄｺ,,336.2,イ,,かんき出版,2023,207p,19cm,1500,23013944,終える時間を決める、「復唱」で精度を高める、記憶が新しいうちにやる、書類は溜めずに整理整頓する、ミスは反省より対策を考える…。仕事をダンドリよく正確に行うためのメソッドを図とともにわかりやすく紹介する。,ノウリツ　能率,図書費,ＴＲＣ,1500,図書室,,,,,False,,,,False,,,,False,False,False,,
9784-761509248,52278,2023/08/31,空き家改修の教科書　古民家×ＤＩＹで自分らしい暮らしを実現！,ｱｷﾔ ｶｲｼｭｳ ﾉ ｷｮｳｶｼｮ,,,,,フクイ アサト 著・イラスト　結びめ 企画・編集,ﾌｸｲ ｱｻﾄ ﾑｽﾋﾞﾒ,,527,フ,,学芸出版社（発売）,2023,111p,26cm,2000,23014833,古民家などの空き家を自分で直して住みたい！　でも何から始めればよいかわからない・知りたい初心者向けのセルフリノベーションの入門書。全工程と改修事例をイラストや写真を用いて解説。見学時の空き家チェックリストつき。,リフォーム（ジュウタク）　アキヤ　リフォーム（住宅）　空き家,図書費,ＴＲＣ,2000,図書室,,,,,False,,,,False,,,,False,False,False,,
9784-761528430,52279,2023/08/31,マニア流！まちを楽しむ「別視点」入門,ﾏﾆｱ ﾘｭｳ ﾏﾁ ｵ ﾀﾉｼﾑ ﾍﾞﾂｼﾃﾝ ﾆｭｳﾓﾝ,,,,,別視点 編,ﾍﾞﾂｼﾃﾝ,,291.0,マ,,学芸出版社,2023,223p,19cm,2000,23013139,「うちの地域には何もない」なんて本当だろうか？　いつもの何気ない風景もマニアたちから見れば面白さにあふれている！　片手袋、電線、路上園芸等、「別視点」でまちの魅力を観察・発信するコツやまちづくりのヒントを紹介。,キョウドケンキュウ　トシ　郷土研究　都市,図書費,ＴＲＣ,2000,図書室,,,,,False,,,,False,,,,False,False,False,,
9784-763140142,80858,2023/04/26,運動脳　ＢＲＡＩＮ,ｳﾝﾄﾞｳ ﾉｳ,,,,,アンデシュ・ハンセン 著　御舩 由美子 訳,ﾊﾝｾﾝ ｱﾝﾃﾞｼｭ ﾐﾌﾈ ﾕﾐｺ ｱﾝﾃﾞｼｭﾊﾝｾﾝ,,491.371,ﾊ,,サンマーク出版,2022,366p,18cm,1500,22032273,脳は頭を働かせようとするより、身体を動かすことでこそ威力を発揮する器官。「歩く・走る」で、学力、集中力、記憶力、意欲、創造性、すべてがアップする。運動が脳におよぼす絶大な効果を紹介し、その理由を解説する。,ノウ　ケンノウホウ　脳　健脳法,図書費,佐藤教栄,1490,図書室,,,,,False,,,,False,,,,False,False,True,,
9784-763140395,52317,2023/08/31,やさしさを忘れぬうちに,ﾔｻｼｻ ｵ ﾜｽﾚﾇ ｳﾁ ﾆ,,,〔「コーヒーが冷めないうちに」シリーズ〕　〔５〕,ｺｰﾋｰｶﾞｻﾒﾅｲｳﾁﾆｼﾘｰｽﾞ 5,川口 俊和 著,ｶﾜｸﾞﾁ ﾄｼｶｽﾞ,,913.6,カ,,サンマーク出版,2023,283p,19cm,1400,23009975,娘に結婚を許してやれなかった父、バレンタインチョコを渡せなかった女、名前のない子供を抱いた妻…。未来に向かって歩みだすために、過去に戻る４人の勇気の物語。「コーヒーが冷めないうちに」シリーズ。,,図書費,ＴＲＣ,1400,図書室,,,,,False,,,,False,,,,False,False,False,,
9784-766134032,80903,2023/06/06,ノスタルジア食堂　東欧旧社会主義国のレシピ６３　労働者の在りし日の食卓,ﾉｽﾀﾙｼﾞｱ ｼｮｸﾄﾞｳ,,,,,イスクラ 著,ｲｽｸﾗ,,596.23,ｲ,,グラフィック社,2020,159p,15×21cm,1600,20028324,ビーツとじゃがいものサラダ、牛肉のパプリカスープ、チキンストロガノフ、目玉焼きのオープンサンド、ヨーグルト風味の揚げパン、麦とくるみの甘煮…。東欧旧社会主義国の家庭料理レシピを紹介します。,リョウリ（セイヨウ）　料理（西洋）,図書費,佐藤共栄,1600,図書室,,,,,False,,,,False,,,,False,False,True,,
9784-766135800,80904,2023/06/06,ノスタルジア喫茶　ソヴィエト連邦のおやつ事情＆レシピ５６　子どもの頃の懐かしい味,ﾉｽﾀﾙｼﾞｱ ｷｯｻ,,,,,イスクラ 著,ｲｽｸﾗ,,596.65,ｲ,,グラフィック社,2021,175p,15×21cm,1600,21049931,８０年代後半、食糧不足のソ連では、人々は加工品を駆使して家庭でおやつを作り、受け継いでいった。ラズベリーの甘味水、ワルシャワ風カッテージチーズのケーキ…。ソヴィエト連邦のおやつ事情＆レシピを写真と共に紹介。,カシ　菓子,図書費,佐藤共栄,1600,図書室,,,,,False,,,,False,,,,False,False,True,,
9784-766136098,52294,2023/08/31,パッケージデザインのひみつ　いつも見ているパッケージには、デザインの工夫が満載,ﾊﾟｯｹｰｼﾞ ﾃﾞｻﾞｲﾝ ﾉ ﾋﾐﾂ,,,,,日本パッケージデザイン協会 監修,ﾆﾎﾝﾊﾟｯｹｰｼﾞﾃﾞｻﾞｲﾝｷｮｳｶｲ,,675.1,パ,,グラフィック社,2024,139p,19cm,1800,23018848,フタにヨーグルトが付かないひみつ、いろいろな光から中身を守る容器の技術、裏面にこめられたコミュニケーションの工夫…。身近なパッケージに秘められたデザインの創意工夫を紹介する。,ホウソウ　デザイン　包装　デザイン,図書費,ＴＲＣ,1800,図書室,,,,,False,,,,False,,,,False,False,False,,
9784-767831145,52275,2023/08/31,シャーロック・ホームズ人物解剖図鑑,ｼｬｰﾛｯｸﾎｰﾑｽﾞ ｼﾞﾝﾌﾞﾂ ｶｲﾎﾞｳ ｽﾞｶﾝ,,,,,えのころ工房 絵と文,ｴﾉｺﾛｺｳﾎﾞｳ,,930.2,シ,,エクスナレッジ,2023,221p,21cm,1800,23004207,シャーロック・ホームズの原作小説に登場する人物たちに焦点をあて、書かれている描写に出来るだけ忠実に、時には映像化作品などの力を借りつつ、独自の解釈を加えながらヴィジュアル化。物語のあらすじや注目ポイントも収録。,ドイル アーサー・コナン　シャーロックホームズ　シャーロック・ホームズ,図書費,ＴＲＣ,1800,図書室,,,,,False,,,,False,,,,False,False,False,,
9784-772615242,52305,2023/08/31,『女の子だから』のない世界へ　おしえてジェンダー！,ｵﾝﾅﾉｺ ﾀﾞｶﾗ ﾉ ﾅｲ ｾｶｲ ｴ,,,,,プラン・インターナショナル・ジャパン 編,ﾌﾟﾗﾝｲﾝﾀｰﾅｼｮﾅﾙｼﾞｬﾊﾟﾝ,,367.1,オ,,合同出版,2024,134p,21cm,1800,23019785,女の子は可愛らしく、女の子は料理が上手、リーダーは男性が向いている…。そんな思い込みを捨てて、もっと自由に生きよう！　社会的・文化的な役割としての性差「ジェンダー」についてマンガを交えてわかりやすく解説します。,ジョセイモンダイ　女性問題,図書費,ＴＲＣ,1800,図書室,,,,,False,,,,False,,,,False,False,False,,
9784-772615303,52306,2023/08/31,１３歳からのアンガーマネジメント　ガマンしない・傷つけない上手な気持ちの伝え方,ｼﾞｭｳｻﾝｻｲ ｶﾗ ﾉ ｱﾝｶﾞｰﾏﾈｼﾞﾒﾝﾄ,,,,,松井 晴香 著　日本アンガーマネジメント協会 監修,ﾏﾂｲ ﾊﾙｶ ﾆﾎﾝｱﾝｶﾞｰﾏﾈｼﾞﾒﾝﾄｷｮｳｶｲ,,141.6,マ,,合同出版,2023,102p,21cm,1800,23018943,「怒りで後悔しない」人生を送るために－。怒りの感情と上手に付き合うための心理トレーニング「アンガーマネジメント」の考え方を基本に、怒りの上手な伝え方について、イラストや書き込み式のワークとともに解説する。,キモチ　イキカタカンガエカタ　セイシンホケン　ハナシカタ　コミュニケーション　気持ち　生き方・考え方　精神保健　話し方　コミュニケーション　イカリ　怒り,図書費,ＴＲＣ,1800,図書室,,,,,False,,,,False,,,,False,False,False,,
9784-776212638,52271,2023/08/31,歯周病になったらどうする？　小さな町で評判の歯科医が解説,ｼｼｭｳﾋﾞｮｳ ﾆ ﾅｯﾀﾗ ﾄﾞｳ ｽﾙ,,,,,亀井 孝一朗 著,ｶﾒｲ ｺｳｲﾁﾛｳ,,497.2,カ,,アスコム,2023,271p,19cm,1450,23010990,全身に影響を及ぼす可能性のある感染症・歯周病。その正体や、歯科クリニックでの治療、歯科衛生士が教える「正しいケア」、歯と歯ぐきを長持ちさせるために必要な栄養や生活習慣について解説する。,シシュウシッカン　歯周疾患,図書費,ＴＲＣ,1450,図書室,,,,,False,,,,False,,,,False,False,False,,
9784-777522378,52299,2023/08/31,身につく！「ロボット」＆「ドローン」の基礎知識　「ロボット」と「ドローン」をやさしく解説,ﾐ ﾆ ﾂｸ ﾛﾎﾞｯﾄ ｱﾝﾄﾞ ﾄﾞﾛｰﾝ ﾉ ｷｿ ﾁｼｷ,,,Ｉ／Ｏ　ＢＯＯＫＳ,ｱｲｵｰﾌﾞｯｸｽ,ｎｅｋｏｓａｎ 著　本間 一 著,ﾈｺｻﾝ ﾎﾝﾏ ﾊｼﾞﾒ,,548.3,ネ,,工学社,2023,143p,21cm,2500,23003313,日常の生活や社会に浸透したロボットと、手軽に始められるホビーとして人気が高まるドローン。さまざまなロボットの技術や、安全にドローンを飛ばすために覚えておきたい知識、関連情報などを紹介する。,ロボット　ムジンコウクウキ　ロボット　無人航空機,図書費,ＴＲＣ,2500,図書室,,,,,False,,,,False,,,,False,False,False,,
9784-777828258,52338,2023/08/31,師弟百景　“技”をつないでいく職人という生き方,ｼﾃｲ ﾋｬｯｹｲ,,,,,井上 理津子 著,ｲﾉｳｴ ﾘﾂｺ,,502.1,イ,,辰巳出版,2023,215p,19cm,1600,23007914,庭師、染織家、刀匠、江戸切子職人、宮大工…。若き弟子はいかにして職人の世界に飛び込み、師匠はどのように技術と伝統を伝えたのか。師弟関係が紡ぐ１６のライフストーリー。『なごみ』等掲載に書き下ろしを加えて書籍化。,ショクニン　トテイセイド　職人　徒弟制度,図書費,ＴＲＣ,1600,図書室,,,,,False,,,,False,,,,False,False,False,,
9784-779127526,80952,2023/06/21,フライトナースの秘密　ドクターヘリで出動する救急看護師の仕事,ﾌﾗｲﾄ ﾅｰｽ ﾉ ﾋﾐﾂ,,,,,菱沼 秀一 著,ﾋｼﾇﾏ ﾋﾃﾞｶｽﾞ,,492.916,ﾋ,,彩流社,2021,149p,21cm,1800,21028907,ドクターヘリに乗り、災害や事故など緊急現場で活動する救急看護師、フライトナース。現役フライトナースが、その仕事と苦労、魅力から、フライトナースになるための道のりまでを紹介する。ケーススタディも豊富に掲載。,キュウキュウカンゴ　ドクターヘリ　救急看護　ドクターヘリ,図書費,佐藤教栄,1800,図書室,,,,,False,,,,False,,,,False,False,True,,
9784-787274557,52330,2023/08/31,音楽ライターになろう！,ｵﾝｶﾞｸ ﾗｲﾀｰ ﾆ ﾅﾛｳ,,,,,妹尾 みえ 著,ｾﾉｵ ﾐｴ,,764.7,セ,,青弓社,2024,212p,19cm,1800,23021095,アルバムレビューやアーティストへのインタビューなど、文章で楽曲やアーティストの魅力を伝える音楽ライター。音楽ライターへの一歩を踏み出したい人に、音楽を「聴く力」と、それを伝わるように「書く力」を磨く方法を伝授。,ケイオンガク　チョサクカ　軽音楽　著作家,図書費,ＴＲＣ,1800,図書室,,,,,False,,,,False,,,,False,False,False,,
9784-789518451,52398,2023/09/01,めざせ塩分マイナス２ｇコンビニ・総菜も活用かんたん！減塩めし,ﾒｻﾞｾ ｴﾝﾌﾞﾝ ﾏｲﾅｽ ﾆ ｸﾞﾗﾑ ｺﾝﾋﾞﾆ ｿｳｻﾞｲ ﾓ ｶﾂﾖｳ ｶﾝﾀﾝ ｹﾞﾝｴﾝ ﾒｼ,,,,,本田 よう一 料理,ﾎﾝﾀﾞ ﾖｳｲﾁ,,596,ホ,,女子栄養大学出版部,2023,111p,26cm,1500,23002837,焼きそばが塩分３５％オフ！　料理が不慣れな人に向けて、１日当たりの塩分を２～３ｇ減らせるかんたん減塩レシピを紹介。無理なくできる減塩アイデア、市販品を活用して減塩するくふうも掲載する。,リョウリ　料理,図書費,ＴＲＣ,1500,図書室,,,,,False,,,,False,,,,False,False,False,,
9784-794600127,80846,2023/04/26,高慢と偏見　Ｌｅｖｅｌ　４（２０００－ｗｏｒｄ）,ｺｳﾏﾝ ﾄ ﾍﾝｹﾝ,,,ラダーシリーズ,ﾗﾀﾞｰｼﾘｰｽﾞ,ジェイン・オースティン 著　寺沢 美紀 リライト,ｵｰｽﾃｨﾝ ｼﾞｪｰﾝ ﾃﾗｻﾜ ﾐｷ ｼﾞｪｲﾝｵｰｽﾃｨﾝ,,837.7,ｵ,,ＩＢＣパブリッシング,2009,170p,18cm,1000,09708194,,エイゴ トクホン　英語 読本,図書費,佐藤教栄,990,図書室,,,,,False,,,,False,,,,False,False,True,,
9784-794600592,80893,2023/06/06,日本人が誤解される１００の言動　国際交流やビジネスで日本を再生するヒント,ﾆﾎﾝｼﾞﾝ ｶﾞ ｺﾞｶｲ ｻﾚﾙ ﾋｬｸ ﾉ ｹﾞﾝﾄﾞｳ,,,対訳ニッポン双書,ﾀｲﾔｸﾆｯﾎﾟﾝｿｳｼｮ,山久瀬 洋二 著　ジェイク・ロナルドソン 訳,ﾔﾏｸｾ ﾖｳｼﾞ ﾛﾅﾙﾄﾞｿﾝ ｼﾞｪｲｸ ｼﾞｪｲｸﾛﾅﾙﾄﾞｿﾝ,,837.7,ﾔ,,ＩＢＣパブリッシング,2011,255p,19cm,1400,10716899,,エイゴ トクホン　英語 読本,図書費,佐藤共栄,1400,図書室,,,,,False,,,,False,,,,False,False,True,,
9784-794600967,80943,2023/06/21,心に響く英語のことわざ・名言１００　Ｌｅｖｅｌ　３（１６００－ｗｏｒｄ）,ｺｺﾛ ﾆ ﾋﾋﾞｸ ｴｲｺﾞ ﾉ ｺﾄﾜｻﾞ ﾒｲｹﾞﾝ ﾋｬｸ,,,ラダーシリーズ,ﾗﾀﾞｰｼﾘｰｽﾞ,レベッカ・ミルナー 著,ﾐﾙﾅｰ ﾚﾍﾞｯｶ ﾚﾍﾞｯｶﾐﾙﾅｰ,,837.7,ﾐ,,ＩＢＣパブリッシング,2011,126p,18cm,900,11712184,,エイゴ トクホン　英語 読本,図書費,佐藤教栄,900,図書室,,,,,False,,,,False,,,,False,False,True,,
9784-794601926,80920,2023/06/12,１日１０分超音読レッスン　「英語回路」育成計画　スティーブ・ジョブズスピーチ編,ｲﾁﾆﾁ ｼﾞｯﾌﾟﾝ ﾁｮｳ ｵﾝﾄﾞｸ ﾚｯｽﾝ  ｽﾃｨｰﾌﾞ ｼﾞｮﾌﾞｽﾞ ｽﾋﾟｰﾁ ﾍﾝ,,,,,鹿野 晴夫 著　川島 隆太 監修,ｶﾉ ﾊﾙｵ ｶﾜｼﾏ ﾘｭｳﾀ,,837.5,ｶ,,ＩＢＣパブリッシング,2013,173p,19cm,1800,13702019,書き込み式。,エイゴ カイシャク　エイゴ ハツオン　英語 解釈　英語 発音,図書費,佐藤教栄,1800,図書室,,,,,False,,,,False,,,,False,False,True,,
9784-794602565,80900,2023/06/06,英語で読むジェフ・ベゾス,ｴｲｺﾞ ﾃﾞ ﾖﾑ ｼﾞｪﾌ ﾍﾞｿﾞｽ,,,ＩＢＣ対訳ライブラリー,ｱｲﾋﾞｰｼｰﾀｲﾔｸﾗｲﾌﾞﾗﾘｰ,マイケル・ブレーズ 著　北村 みちよ 訳　出水田 隆文 英語解説,ﾌﾞﾚｰｽﾞ ﾏｲｹﾙ ｷﾀﾑﾗ ﾐﾁﾖ ｲｽﾞﾐﾀﾞ ﾀｶﾌﾐ ﾏｲｹﾙﾌﾞﾚｰｽﾞ,,837.7,ﾌﾞ,,ＩＢＣパブリッシング,2014,143p,19cm,1600,14700869,,エイゴ トクホン　英語 読本,図書費,佐藤共栄,1600,図書室,,,,,False,,,,False,,,,False,False,True,,
9784-794604613,80944,2023/06/21,カラマーゾフの兄弟　Ｌｅｖｅｌ　４（２０００‐ｗｏｒｄ）,ｶﾗﾏｰｿﾞﾌ ﾉ ｷｮｳﾀﾞｲ,,,ラダーシリーズ,ﾗﾀﾞｰｼﾘｰｽﾞ,フョードル・ドストエフスキー 原著　ニーナ・ウェグナー リライト,ﾄﾞｽﾄｴﾌｽｷｰ ﾌｮｰﾄﾞﾙ･ﾐﾊｲﾛｳﾞｨﾁ ｳｪｸﾞﾅｰ N. ﾌｮｰﾄﾞﾙﾄﾞｽﾄｴﾌｽｷｰ ﾆｰﾅｳｪｸﾞﾅｰ,,837.7,ﾄﾞ,,ＩＢＣパブリッシング,2017,156p,18cm,1000,17702131,文豪ドストエフスキーの超大作をシンプルな英語で楽しもう！,エイゴ トクホン　英語 読本,図書費,佐藤教栄,1000,図書室,,,,,False,,,,False,,,,False,False,True,,
9784-794604712,80965,2023/08/29,日本奥地紀行　縮約版,ﾆﾎﾝ ｵｸﾁ ｷｺｳ,,,対訳ニッポン双書,ﾀｲﾔｸﾆｯﾎﾟﾝｿｳｼｮ,イザベラ・バード 著　ニーナ・ウェグナー 英文リライト　牛原 眞弓 日本語訳,ﾊﾞｰﾄﾞ ｲｻﾍﾞﾗ L. ｳｪｸﾞﾅｰ N. ｳｼﾊﾗ ﾏﾕﾐ ｲｻﾞﾍﾞﾗﾊﾞｰﾄﾞ ﾆｰﾅｳｪｸﾞﾅｰ,,837.7,ﾊﾞ,,ＩＢＣパブリッシング,2017,223p,19cm,1600,17703663,近代以前の日本の情勢を知ることのできる貴重な資料である旅行記を日英対訳で楽しむ一冊。,エイゴ トクホン　英語 読本,図書費,佐藤教栄,1600,図書室,,,,,False,,,,False,,,,False,False,True,,
9784-794605153,80844,2023/04/26,忍者まるごと事典,ﾆﾝｼﾞｬ ﾏﾙｺﾞﾄ ｼﾞﾃﾝ,,,対訳ニッポン双書,ﾀｲﾔｸﾆｯﾎﾟﾝｿｳｼｮ,土屋 晴仁 著　坂本 真実子 訳,ﾂﾁﾔ ﾊﾙﾋﾄ ｻｶﾓﾄ ﾏﾐｺ,,837.7,ﾂ,,ＩＢＣパブリッシング,2018,157p,19cm,1600,17058841,忍者はどうして生まれたのか、武器やコスチュームは？　いまや世界中で大人気の忍者の歴史や得意技、道具、思想、伝説などを、わかりやすい英語も併記してＱ＆Ａ形式でコンパクトにまとめる。,ニンジャ　エイゴ トクホン　忍者　英語 読本,図書費,佐藤教栄,1590,図書室,,,,,False,,,,False,,,,False,False,True,,
9784-794605191,80921,2023/06/12,英語で読む羽生結弦　世界の英知が身に付き英語力がアップする,ｴｲｺﾞ ﾃﾞ ﾖﾑ ﾊﾆｭｳ ﾕｽﾞﾙ,,,ＩＢＣ対訳ライブラリー,ｱｲﾋﾞｰｼｰﾀｲﾔｸﾗｲﾌﾞﾗﾘｰ,土屋 晴仁 著　佐藤 和枝 訳　出水田 隆文 英語解説,ﾂﾁﾔ ﾊﾙﾋﾄ ｻﾄｳ ｶｽﾞｴ ｲｽﾞﾐﾀﾞ ﾀｶﾌﾐ,,837.7,ﾂ,,ＩＢＣパブリッシング,2018,213p,19cm,1800,17058740,フィギュアスケートで世界の人々を魅了する選手となった羽生結弦のこれまでのストーリーを英日対訳で掲載。覚えておきたい英語表現も収録。ＭＰ３形式の音声データを収録したＣＤ－ＲＯＭ付き。,エイゴ トクホン　英語 読本,図書費,佐藤教栄,1800,図書室,,,,,False,,,,False,,,,False,False,True,,
9784-794606587,80971,2023/08/29,通訳ガイドがナビする東京歩き　新版,ﾂｳﾔｸ ｶﾞｲﾄﾞ ｶﾞ ﾅﾋﾞ ｽﾙ ﾄｳｷｮｳ ｱﾙｷ,,,対訳ニッポン双書,ﾀｲﾔｸﾆｯﾎﾟﾝｿｳｼｮ,松岡 明子 著　ジョン・タラント 訳,ﾏﾂｵｶ ｱｷｺ ﾀﾗﾝﾄ ｼﾞｮﾝ ｼﾞｮﾝﾀﾗﾝﾄ,,837.7,ﾏ,,ＩＢＣパブリッシング,2021,223p,19cm,1500,21017531,江戸情緒から、ポップでクールな東京まで。外国人に人気のスポットを英語で案内しよう！　カリスマ通訳ガイドが、東京の魅力をナビゲート。英語で語る“うんちく”や外国人との世間話のネタなど、話題を広げるヒントも伝える。,トウキョウト キコウアンナイキ　エイゴ トクホン　東京都 紀行・案内記　英語 読本,図書費,佐藤教栄,1500,図書室,,,,,False,,,,False,,,,False,False,True,,
9784-794607225,80845,2023/04/26,音読ＪＡＰＡＮ　英語でニッポンを語ろう！　改訂版,ｵﾝﾄﾞｸ ｼﾞｬﾊﾟﾝ,,,,,浦島 久 著,ｳﾗｼﾏ ﾋｻｼ,,837.8,ｳ,,ＩＢＣパブリッシング,2022,165p,21cm,1600,22028226,交番、秋葉原、結婚…。現代の日本を語る上で外せない３５のトピックを、英検準２～２級レベルの英文とその日本語訳で紹介。各トピックには肯定的意見と否定的意見も掲載する。音声がダウンロードできるＱＲコード付き。,エイゴ カイワ　ニホン　英語 会話　日本,図書費,佐藤教栄,1590,図書室,,,,,False,,,,False,,,,False,False,True,,
9784-794607515,80901,2023/06/06,英語で話す世界情勢　日英対訳,ｴｲｺﾞ ﾃﾞ ﾊﾅｽ ｾｶｲ ｼﾞｮｳｾｲ,,,,,山久瀬 洋二 著,ﾔﾏｸｾ ﾖｳｼﾞ,,837.7,ﾔ,,ＩＢＣパブリッシング,2023,280p,21cm,2500,23006403,ウクライナ問題と世界情勢、アメリカ外交と民主主義など、ますます混沌とする世界情勢を理解するために知っておきたい世界の課題を、日英対訳で解説。重要なキーワード、自分の意見を考えて伝えるためのヒントも掲載する。,コクサイセイジ　エイゴ トクホン　国際政治　英語 読本,図書費,佐藤共栄,2500,図書室,,,,,False,,,,False,,,,False,False,True,,
9784-797674255,52321,2023/08/31,ムラブリ　文字も暦も持たない狩猟採集民から言語学者が教わったこと,ﾑﾗﾌﾞﾘ,,,,,伊藤 雄馬 著,ｲﾄｳ ﾕｳﾏ,,829.3,イ,,集英社（発売）,2023,255p,19cm,1800,23007879,言葉とは、自由とはなにか？　インドシナ最後の狩猟採集民・ムラブリ。タイとラオスの山奥に住む彼らの言語は消滅の危機にある。ムラブリ語に青春をささげた言語学者が、人間と言葉の新たな可能性を拓くノンフィクション。,ムラブリゴ　ムラブリ語,図書費,ＴＲＣ,1800,図書室,,,,,False,,,,False,,,,False,False,False,,
9784-797681215,52320,2023/08/31,亜宗教　オカルト、スピリチュアル、疑似科学から陰謀論まで,ｱｼｭｳｷｮｳ,,,インターナショナル新書　１２１,ｲﾝﾀｰﾅｼｮﾅﾙｼﾝｼｮ 121,中村 圭志 著,ﾅｶﾑﾗ ｹｲｼ,,147,ナ,,集英社（発売）,2023,300p,18cm,960,23015090,亜宗教とは、近現代に生まれた、非科学的で宗教めいた信念や言説のこと。宗教研究者が１９世紀から現在までの西洋・日本の亜宗教の数々をたどり、人間の非合理な“妄想力”の系譜を明らかにする。,シンレイケンキュウ　シンコウシュウキョウ　ギジカガク　心霊研究　新興宗教　疑似科学,図書費,ＴＲＣ,960,新書書架,,,,,False,,,,False,,,,False,False,False,,
9784-798066301,52323,2023/08/31,新しい高校教科書に学ぶ大人の教養公共　いまどきの高校生は知っている。社会との関わり方課題解決！持続可能な社会主体となる私たち,ｱﾀﾗｼｲ ｺｳｺｳ ｷｮｳｶｼｮ ﾆ ﾏﾅﾌﾞ ｵﾄﾅ ﾉ ｷｮｳﾖｳ ｺｳｷｮｳ,,,,,神坪 浩喜 著,ｶﾐﾂﾎﾞ ﾋﾛｷ,,307,カ,,秀和システム,2023,171p,21cm,1500,23010034,新しい高校教科書の内容に興味のある一般の社会人や先生、生徒向けに、新科目「公共」の内容をわかりやすく解説。課題解決力が身につき、現代社会で生き抜く力を養える。,シャカイカ　社会科,図書費,ＴＲＣ,1500,図書室,,,,,False,,,,False,,,,False,False,False,,
9784-801401181,52392,2023/09/01,いとエモし。　超訳日本の美しい文学,ｲﾄ ｴﾓ ｼ,,,,,ｋｏｔｏ 訳著,ｺﾄ,,918,イ,,サンクチュアリ出版,2023,283p,19cm,1480,23014526,心がゆさぶられ何ともいえない気持ちになることを指すことば「エモい」。「枕草子」「万葉集」「方丈記」「紫式部日記」などの古典を、いまを生きる私たちの感覚に寄せた現代語訳（エモ訳）で紹介。エモいイラストも掲載する。,,図書費,ＴＲＣ,1480,図書室,,,,,False,,,,False,,,,False,False,False,,
9784-806716457,52343,2023/08/31,先生、ヒキガエルが目移りしてダンゴムシを食べられません！,ｾﾝｾｲ ﾋｷｶﾞｴﾙ ｶﾞ ﾒｳﾂﾘ ｼﾃ ﾀﾞﾝｺﾞﾑｼ ｵ ﾀﾍﾞﾗﾚﾏｾﾝ,,,鳥取環境大学の森の人間動物行動学,ﾄｯﾄﾘｶﾝｷｮｳﾀﾞｲｶﾞｸﾉﾓﾘﾉﾆﾝｹﾞﾝﾄﾞｳﾌﾞﾂｺｳﾄﾞｳｶﾞｸ,小林 朋道 著,ｺﾊﾞﾔｼ ﾄﾓﾐﾁ,,481.7,コ,,築地書館,2023,182p,19cm,1600,23000835,脱走ヤギは働きヤギに変身し、逃げ出した子モモンガは自ら“お縄”になり、砂丘のスナガニは求愛ダンスで宙を舞う…。自然豊かな大学を舞台に起こる動物と人間をめぐる事件の数々を人間動物行動学の視点で描く。,ドウブツ シュウセイ　動物 習性,図書費,ＴＲＣ,1600,図書室,,,,,False,,,,False,,,,False,False,False,,
9784-815616328,52276,2023/08/31,一度読んだら絶対に忘れない地理の教科書　公立高校教師ＹｏｕＴｕｂｅｒが書いた,ｲﾁﾄﾞ ﾖﾝﾀﾞﾗ ｾﾞｯﾀｲ ﾆ ﾜｽﾚﾅｲ ﾁﾘ ﾉ ｷｮｳｶｼｮ,,,,,山崎 圭一 著,ﾔﾏｻｷ ｹｲｲﾁ,,290,ヤ,,ＳＢクリエイティブ,2023,351p,21cm,1540,23005015,用語の丸暗記は一切ナシの高校地理の入門書。地形や気候、産業や社会のなりたちの理由や筋道にクローズアップした「地理のストーリー」に加え、ひと目で理解できるオリジナルのムンディ式図解を多用してわかりやすく解説する。,チリガク　地理学,図書費,ＴＲＣ,1540,図書室,,,,,False,,,,False,,,,False,False,False,,
9784-815617844,52385,2023/09/01,２０歳の自分に教えたい日本国憲法の教室,ﾆｼﾞｯｻｲ ﾉ ｼﾞﾌﾞﾝ ﾆ ｵｼｴﾀｲ ﾆﾎﾝｺｸｹﾝﾎﾟｳ ﾉ ｷｮｳｼﾂ,,,ＳＢ新書　６０８,ｴｽﾋﾞｰｼﾝｼｮ 608,齋藤 孝 著,ｻｲﾄｳ ﾀｶｼ,,323.1,サ,,ＳＢクリエイティブ,2023,270p,18cm,900,23004885,「日本の行く末」や「私たち個人がどう生きるか」といった問題に深く関わっている日本国憲法。斎藤孝が、歴史を振り返り、今を見つめ、未来を見据える助けとなる憲法を学ぶ意義と価値を伝える。憲法全文の現代語訳付き。,ケンポウ ニホン　憲法 日本,図書費,ＴＲＣ,900,新書書架,,,,,False,,,,False,,,,False,False,False,,
9784-816373411,52345,2023/08/31,中高生アスリートを応援！パフォーマンスがアップするラクうま部活弁当,ﾁｭｳｺｳｾｲ ｱｽﾘｰﾄ ｵ ｵｳｴﾝ ﾊﾟﾌｫｰﾏﾝｽ ｶﾞ ｱｯﾌﾟ ｽﾙ ﾗｸ ｳﾏ ﾌﾞｶﾂ ﾍﾞﾝﾄｳ,,,,,ほりえ さちこ 著　田澤 梓 栄養監修,ﾎﾘｴ ｻﾁｺ ﾀｻﾞﾜ ｱｽﾞｻ,,780.1,ホ,,ナツメ社,2023,143p,24cm,1500,23005988,スポーツを頑張る中高生が喜ぶ、おいしくて栄養満点のお弁当レシピ集。スポーツ＆男子・女子別基本部活弁当、たんぱく質たっぷりメインおかず、ビタミン・ミネラルたっぷりサブおかず等を収録。スポーツ栄養学の基本も解説。,スポーツエイヨウガク　ショウニエイヨウ　ベントウ　スポーツ栄養学　小児栄養　弁当,図書費,ＴＲＣ,1500,図書室,,,,,False,,,,False,,,,False,False,False,,
9784-828425160,80973,2023/08/29,おひとりさまの逆襲　「物わかりのよい老人」になんかならない,ｵﾋﾄﾘｻﾏ ﾉ ｷﾞｬｸｼｭｳ,,,,,上野 千鶴子 著　小島 美里 著,ｳｴﾉ ﾁｽﾞｺ ｺｼﾞﾏ ﾐｻﾄ,,369.26,ｳ,,ビジネス社,2023,238p,19cm,1500,23016405,介護保険制度改悪の先には、「在宅」という名の「放置」が待っている－。配偶者にも子どもにも頼らず自分らしい最期を迎えるために、「元祖おひとりさま」の社会学者と、介護事業２７年の現場のプロが徹底討論する。,コウレイシャフクシ　カイゴフクシ　カイゴホケン　高齢者福祉　介護福祉　介護保険,図書費,佐藤教栄,1500,図書室,,,,,False,,,,False,,,,False,False,True,,
9784-829981733,52359,2023/09/01,ハチハンドブック　増補改訂版,ﾊﾁ ﾊﾝﾄﾞﾌﾞｯｸ,,,,,藤丸 篤夫 著,ﾌｼﾞﾏﾙ ｱﾂｵ,,486.7,フ,,文一総合出版,2023,120p,19cm,1600,23009861,関東南部の里山から海浜で見られた蜂の中から、比較的よく知られた種、見られる種を選定し、種名、学名、大きさ、分布、見られる頻度、生態などを写真とともに紹介する。原寸標本一覧も掲載。,ハチ　はち（蜂）,図書費,ＴＲＣ,1600,図書室,,,,,False,,,,False,,,,False,False,False,,
9784-831516428,52369,2023/09/01,体育学部・スポーツ科学部　中高生のための学部選びガイド,ﾀｲｲｸ ｶﾞｸﾌﾞ ｽﾎﾟｰﾂ ｶｶﾞｸ ﾌﾞ,,,なるにはＢＯＯＫＳ,ﾅﾙﾆﾜﾌﾞｯｸｽ,山下 久猛 著,ﾔﾏｼﾀ ﾋｻﾀｹ,,376.8,ヤ,,ぺりかん社,2024,141p,19cm,1700,23016960,体育学部・スポーツ科学部をめざす人のための学部案内。学部で学ぶことやキャンパスライフ、資格取得や卒業後の就職先などを、実際の取材をもとに、わかりやすく説明する。教員・学生・卒業生インタビューも収録。,ニュウガクシケン（ダイガク）　入学試験（大学）,図書費,ＴＲＣ,1700,図書室,,,,,False,,,,False,,,,False,False,False,,
9784-833452113,52358,2023/09/01,「ジオ・サーチ」アズオンリーワン　真価を見つけ、進化する唯一無二の企業　アメリカが震撼した日本の技術！,ｼﾞｵｻｰﾁ ｱｽﾞ ｵﾝﾘｰ ﾜﾝ,,,,,冨田 洋 著,ﾄﾐﾀ ﾋﾛｼ,,511.2,ト,,プレジデント社,2023,177p,19cm,1500,23007669,独自の技術を活用して、地下の空洞や埋設物を探知し、災害を未然に防ぐ「減災事業」を行うジオ・サーチ株式会社。これまでの軌跡を振り返りながら、未来へのビジョンを発信する。,ジオサーチカブシキガイシャ　ジオ・サーチ株式会社,図書費,ＴＲＣ,1500,図書室,,,,,False,,,,False,,,,False,False,False,,
9784-845118250,52326,2023/08/31,僕の仕事は、世界を平和にすること。,ﾎﾞｸ ﾉ ｼｺﾞﾄ ﾜ ｾｶｲ ｵ ﾍｲﾜ ﾆ ｽﾙ ｺﾄ,,,探究のＤＯＯＲ　１,ﾀﾝｷｭｳﾉﾄﾞｱ 1,川崎 哲 著,ｶﾜｻｷ ｱｷﾗ,,319.8,カ,,旬報社,2024,177p,19cm,1600,23021093,僕たちは、戦争という病気を治す医者－。外交官や国連職員でなくても世界を平和にする活動をできることを、ノーベル平和賞を受賞したＩＣＡＮの中心メンバーが語る。世界を平和にするために大事な１３のことも伝える。,ヘイワウンドウ　ピースボート　カクヘイキキンシジョウヤク　平和運動　ピースボート　核兵器禁止条約,図書費,ＴＲＣ,1600,図書室,,,,,False,,,,False,,,,False,False,False,,
9784-846021979,52382,2023/09/01,終わらない戦後　フィリピン残留日本人が見つめた太平洋戦争,ｵﾜﾗﾅｲ ｾﾝｺﾞ,,,論創ノンフィクション　０３９,ﾛﾝｿｳﾉﾝﾌｨｸｼｮﾝ 39,船尾 修 著,ﾌﾅｵ ｵｻﾑ,,334.4,フ,,論創社,2024,311p,19cm,2000,23021284,戦前の移民政策で３万人を超える日本人がフィリピンに移住した。その多くは、現地で結婚し、地域社会と共存。だが、太平洋戦争の勃発で、彼らとその子どもたちの運命は大きく変わり…。忘れられてきた残留日本人の姿を追う。,ニホンジン（フィリピンザイリュウ）　タイヘイヨウセンソウ　日本人（フィリピン在留）　太平洋戦争（１９４１～１９４５）,図書費,ＴＲＣ,2000,図書室,,,,,False,,,,False,,,,False,False,False,,
9784-860647216,52370,2023/09/01,文章を書くのが苦手な人は「下書きメモ」を作りなさい,ﾌﾞﾝｼｮｳ ｵ ｶｸ ﾉｶﾞ ﾆｶﾞﾃ ﾅ ﾋﾄ ﾜ ｼﾀｶﾞｷ ﾒﾓ ｵ ﾂｸﾘﾅｻｲ,,,,,南 英世 著,ﾐﾅﾐ ﾋﾃﾞﾖ,,816,ミ,,ベレ出版,2023,222p,19cm,1400,23016350,「下書きメモ」の作成こそが文章を書く秘訣！　思考プロセスを文章化する「下書きメモ」の作成方法を中心に、文章を書くための型と手順を紹介。よい文章を書くために必要な知識と教養の備え方も論じる。,ブンショウ　文章,図書費,ＴＲＣ,1400,図書室,,,,,False,,,,False,,,,False,False,False,,
9784-862555960,52293,2023/08/31,霞が関の人になってみた　知られざる国家公務員の世界,ｶｽﾐｶﾞｾｷ ﾉ ﾋﾄ ﾆ ﾅｯﾃﾐﾀ,,,,,霞 いちか 著,ｶｽﾐ ｲﾁｶ,,317.3,カ,,カンゼン,2023,255p,19cm,1700,23006215,官僚ってどんな人？　国会期間中は何をする？　政策はどう作られる？　他業種から転職し、霞が関で国家公務員として勤務する著者が、霞が関の不思議でゆかいな日常をゆるっと語る。,コッカコウムイン　国家公務員,図書費,ＴＲＣ,1700,図書室,,,,,False,,,,False,,,,False,False,False,,
9784-862556134,80860,2023/04/26,こどもロジカル思考　なぜ論理的に考えることが大切なのかがわかる本,ｺﾄﾞﾓ ﾛｼﾞｶﾙ ｼｺｳ,,,,,茂木 秀昭 監修　バウンド 著,ﾓﾃｷﾞ ﾋﾃﾞｱｷ ﾊﾞｳﾝﾄﾞ,,141.5,ﾊﾞ,,カンゼン,2021,127p,21cm,1300,21037546,ロジカル思考を身に付けるための入門書。探究のための討論手法・ディベートから学べるロジカル思考のエッセンスを、小学生でもわかるようにやさしく解説する。,シコウ　モノノミカタカンガエカタ　思考　物の見方・考え方　シコウ　思考,図書費,佐藤教栄,1290,図書室,,,,,False,,,,False,,,,False,False,True,,
9784-862556257,80859,2023/04/26,こどもお金ルール,ｺﾄﾞﾓ ｵｶﾈ ﾙｰﾙ,,,,,高濱 正伸 著　伊井 哲朗 監修,ﾀｶﾊﾏ ﾏｻﾉﾌﾞ ｲｲ ﾃﾂﾛｳ,,337,ﾀ,,カンゼン,2022,157p,19cm,1400,22006886,メシが食える大人になるには、小学生のうちからお金について学ぶことが大切。こどもたち自身が「お金の哲学（マイルール）」を作れるよう、「教育の専門家」と「お金の専門家」の２つの視点からお金との付き合い方を教える。,ケイザイ　オカネ　ロウドウ　キンリ　トウシ　カケイ　カカク　ブッカ　ジュヨウトキョウキュウ　クレジットカード　デンシマネー　キフ　ショウヒ　チョキン　カブシキ　コクサイ　コクナイソウセイサン　ギンコウ　ニホンギンコウ　ケイキ　インフレーション　デフレーション　エン（ツウカ）　ゼイ　シャカイホショウ　ネンキン　ホケン　経済　お金　労働　金利　投資　家計　価格　物価　需要と供給　クレジットカード　電子マネー　寄付　消費　貯金　株式　国債　国内総生産　銀行　日本銀行　景気　インフレーション　デフレーション　円（,図書費,佐藤教栄,1390,図書室,,,,,False,,,,False,,,,False,False,True,,
9784-865813784,52314,2023/08/31,古代ローマごくふつうの５０人の歴史　無名の人々の暮らしの物語,ｺﾀﾞｲ ﾛｰﾏ ｺﾞｸ ﾌﾂｳ ﾉ ｺﾞｼﾞｭｳﾆﾝ ﾉ ﾚｷｼ,,,,,河島 思朗 著,ｶﾜｼﾏ ｼﾛｳ,,232,カ,,さくら舎,2023,286 14p,19cm,2000,23009361,居酒屋の女将アセッリナ、靴職人ヘリウス、配管工ウェルス、図書館司書カッリステネス…。碑文・文学・遺物・美術作品など、さまざまな資料を多角的に扱い、２０００年前の古代ローマの日常を紹介する。写真や図版も多数収録。,ローマ（コダイ）　ローマ（古代）,図書費,ＴＲＣ,2000,図書室,,,,,False,,,,False,,,,False,False,False,,
9784-866674995,80930,2023/06/20,ズルい腹筋　１日１分！座ったままでＯＫ！,ｽﾞﾙｲ ﾌｯｷﾝ,,,,,星野 光一 著　東 英子 監修,ﾎｼﾉ ｺｳｲﾁ ｱｽﾞﾏ ｴｲｺ,,595.6,ﾎ,,あさ出版,2023,111p,21cm,1350,23014790,１日たった１分だけ。イスに座ったままでできる。「姿勢がよくなる」「背中がスッキリする」「体力がつく」超カンタン腹筋運動を紹介する。効果が増す食事法も掲載。動画を視聴できるＱＲコード付き。,ソウシンホウ　キンリョクトレーニング　コキュウ　痩身法　筋力トレーニング　呼吸,図書費,佐藤教栄,1350,図書室,,,,,False,,,,False,,,,False,False,True,,
9784-875491545,80951,2023/06/21,日本国勢図会　日本がわかるデータブック　２０２３／２４,ﾆﾎﾝ ｺｸｾｲ ｽﾞｴ,,,,,矢野恒太記念会 編集,ﾔﾉﾂﾈﾀｷﾈﾝｶｲ,,351,ﾆ,2023,矢野恒太記念会,2023,527p,21cm,3000,23020833,厳選した最新のデータをもとに、日本の社会・経済情勢を表とグラフでわかりやすく解説したデータブック。国土と気候、人口、工業、財政など、さまざまな分野の基本統計を収録する。府県別主要・生産統計も収載。,ニホン トウケイ　日本 統計,図書費,佐藤教栄,3000,事典棚,,,,,False,,,,False,,,,False,False,True,,
9784-883673766,52324,2023/08/31,アンフォーレのつくりかた　図書館を核としたにぎわいの複合施設,ｱﾝﾌｫｰﾚ ﾉ ﾂｸﾘｶﾀ,,,,,岡部 晋典 編,ｵｶﾍﾞ ﾕｷﾉﾘ,,016.2,ア,,樹村房,2023,12 320p,21cm,2800,23005658,安城市に開館した、図書館と商業施設から成る複合施設「アンフォーレ」。市長、建築家、職員、利用者など、さまざまな立場からの記述に基づいて、構想から運用に至るまでの経緯と、それらから得られた成果などを紹介する。,アンジョウシトショジョウホウカン　アンフォーレ　安城市図書情報館　アンフォーレ,図書費,ＴＲＣ,2800,図書室,,,,,False,,,,False,,,,False,False,False,,
9784-895318716,80899,2023/06/06,狩女のすすめ　獲る…だけじゃないジビエの魅力を教えます,ｶﾘｼﾞｮ ﾉ ｽｽﾒ,,,,,ジビエふじこ 著,ｼﾞﾋﾞｴ ﾌｼﾞｺ,,659,ｼﾞ,,緑書房,2022,127p,19cm,1700,22043111,魚は捌けず、虫も苦手、運動音痴、４０歳を超えてから猟師になった著者が、ジビエになぜ魅了されるのか、ジビエを軸に生活をするなかで感じたことなどを綴る。狩猟ファッション、ジビエの美味しい調理法なども紹介。,シュリョウ　狩猟,図書費,佐藤共栄,1700,図書室,,,,,False,,,,False,,,,False,False,True,,
9784-896424584,80929,2023/06/20,亡命ロシア料理,ﾎﾞｳﾒｲ ﾛｼｱ ﾘｮｳﾘ,,,,,Ｐ．ワイリ 著　Ａ．ゲニス 著　沼野 充義 訳　北川 和美 訳　守屋 愛 訳,ﾜｲﾘ ﾋﾟｮｰﾄﾙ ｹﾞﾆｽ ｱﾚｸｻﾝﾄﾞﾙ ﾇﾏﾉ ﾐﾂﾖｼ ｷﾀｶﾞﾜ ｶｽﾞﾐ ﾓﾘﾔ ｱｲ Pﾜｲﾘ Aｹﾞﾆｽ,,596.23,ﾜ,,未知谷,2014,231p,20cm,2000,14058203,ソ連から亡命してアメリカにやってきたロシア人の文芸批評家が、故郷の味を懐かしみ、本物のロシア料理の作り方を伝授。同時に、ロシアとアメリカの両者を視野に入れた文明批評を行う。,リョウリ（セイヨウ） ロシア　料理（西洋） ロシア,図書費,佐藤教栄,2000,図書室,,,,,False,,,,False,,,,False,False,True,,
9784-897372938,80953,2023/06/28,ひとりで学ぶフラワーデザイン　Ｖｏｌ．１　アレンジメント＆花束,ﾋﾄﾘ ﾃﾞ ﾏﾅﾌﾞ ﾌﾗﾜｰ ﾃﾞｻﾞｲﾝ  ｱﾚﾝｼﾞﾒﾝﾄ ｱﾝﾄﾞ ﾊﾅﾀﾊﾞ,,,,,なかむら ふみ 著,ﾅｶﾑﾗ ﾌﾐ,,793,ﾅ,1,六耀社,1998,95p,26cm,2200,98010059,,カキソウショク　花卉装飾,寄付,,2200,図書室,,,,,False,,,,False,,,,False,False,True,,
9784-897372945,80954,2023/06/28,ひとりで学ぶフラワーデザイン　Ｖｏｌ．２　ウエディングブーケ＆行事の花,ﾋﾄﾘ ﾃﾞ ﾏﾅﾌﾞ ﾌﾗﾜｰ ﾃﾞｻﾞｲﾝ  ｳｴﾃﾞｨﾝｸﾞ ﾌﾞｰｹ ｱﾝﾄﾞ ｷﾞｮｳｼﾞ ﾉ ﾊﾅ,,,,,なかむら ふみ 著,ﾅｶﾑﾗ ﾌﾐ,,793,ﾅ,2,六耀社,1998,95p,26cm,2200,98019203,,カキソウショク　花卉装飾,寄付,,2200,図書室,,,,,False,,,,False,,,,False,False,True,,
9784-901638487,80857,2023/04/26,卓球天国の扉　卓球マニア濃縮エキス,ﾀｯｷｭｳ ﾃﾝｺﾞｸ ﾉ ﾄﾋﾞﾗ,,,卓球王国ブックス,ﾀｯｷｭｳｵｳｺｸﾌﾞｯｸｽ,伊藤 条太 著,ｲﾄｳ ｼﾞｮｳﾀ,,783.6,ｲ,,卓球王国,2015,302p,19cm,1300,15028328,不可解でクレイジーで面白すぎる卓球の世界へ誘う！　希代の卓球コラムニストが放つ「ようこそ卓球地獄へ」の続編。「卓球本悦楽主義」など、『卓球王国』掲載のコラム、４コママンガなどを収録する。,タッキュウ　卓球,図書費,佐藤教栄,1290,図書室,,,,,False,,,,False,,,,False,False,True,,
9784-905158530,80976,2023/08/29,ボードゲームカタログ２０２,ﾎﾞｰﾄﾞｹﾞｰﾑ ｶﾀﾛｸﾞ ﾆﾋｬｸﾆ,,,,,すごろくや 編,ｽｺﾞﾛｸﾔ,,798,ﾎ,,スモール出版,2018,135p,21cm,1800,18014851,ボードゲームの専門店「すごろくや」が選ぶ、おすすめボードゲーム２０２タイトル。「運が楽しい」「心理・感受性」「戦術・戦略系」など１１のジャンルに分けて、オールカラーで紹介します。,ユウギ　遊戯,図書費,佐藤教栄,1800,図書室,,,,,False,,,,False,,,,False,False,True,,
9784-909044433,52381,2023/09/01,温かいテクノロジー　ＡＩの見え方が変わる　人類のこれからが知れる　２２世紀への知的冒険,ｱﾀﾀｶｲ ﾃｸﾉﾛｼﾞｰ,,,,,林 要 著,ﾊﾔｼ ｶﾅﾒ,,548.3,ハ,,ライツ社,2024,415p,19cm,1900,23020020,ロボットを開発することは、人間を知ることだった－。世界初の家族型ロボット「ＬＯＶＯＴ（らぼっと）」の開発者が、「温かいテクノロジー」と人類が共生する世界線について語る。,ロボット　ジンコウチノウ　ロボット　人工知能,図書費,ＴＲＣ,1900,図書室,,,,,False,,,,False,,,,False,False,False,,
9784-910739250,52350,2023/08/31,アドベンチャーレースが未来をつくる　自然をフル活用したスポーツが、地方と教育を元気にする！,ｱﾄﾞﾍﾞﾝﾁｬｰﾚｰｽ ｶﾞ ﾐﾗｲ ｵ ﾂｸﾙ,,,,,我部 乱 著,ｶﾞﾍﾞ ﾗﾝ,,786,ガ,,ＰＨＰエディターズ・グループ,2023,199p,19cm,1400,23016413,チームで地図を読みながら複数のアウトドア種目に挑み、ゴールを目指す「アドベンチャーレース」。この異次元じみた競技とは何なのか、著者が設立したアドベンチャーレースの会社「エクストレモ」の歩みとともに紹介する。,ヤガイカツドウ　野外活動,図書費,ＴＲＣ,1400,図書室,,,,,False,,,,False,,,,False,False,False,,
