ISBN	rgtn	title	auth	series	pub	pub_year	page	size	cls1	cls2	cls3
9780-194230612	81343	The Dead of Jericho	Colin Dexter	Oxford Booksworms Library 6	Oxford University Press	2000	120	20cm	837.7	OX	
9780-194230711	81344	King's Ransom	Ed McBain	Oxford Booksworms Library 6	Oxford University Press	2000	104	20cm	837.7	OX	
9780-194792158	81345	The Accidental Tourist	Anne Tyler	Oxford Bookworms Library Stage 5	Oxford Unniversity Press	2004	104p	20cm	837.7	OX	
9780-194792233	81346	Far from the Madding Crowd	Thomas Hardy	Oxford Booksworms Library Stage 5	Oxford University Press	1992	104p	20cm	837.7	OX	
9788-877548603	81347	A tale of two cities	Charles Dickens	Reading and training  intermediate	Black Cat	2002	160p	21cm	837.7	RE	
9788-877548603	81348	A tale of two cities	Charles Dickens	Reading and training  intermediate	Black Cat	2002	160p	21cm	837.7	RE	
9788-853001702	81349	Sons and lovers	D. H. Lawrence	Reading and training  intermediate	Black Cat	2005	144p	21cm	837.7	RE	
9788-853001702	81350	Sons and lovers	D. H. Lawrence	Reading and training  intermediate	Black Cat	2005	144p	21cm	837.7	RE	
9788-853001702	81351	Sons and lovers	D. H. Lawrence	Reading and training  intermediate	Black Cat	2005	144p	21cm	837.7	RE	
9788-853001702	81352	Sons and lovers	D. H. Lawrence	Reading and training  intermediate	Black Cat	2005	144p	21cm	837.7	RE	
9788-853003874	81353	Sense and sensibility	Jane Austen	Reading and training Step 5	Black Cat	2006	128p	21cm	837.7	RE	
9788-853003874	81354	Sense and sensibility	Jane Austen	Reading and training Step 5	Black Cat	2006	128p	21cm	837.7	RE	
9788-853003874	81355	Sense and sensibility	Jane Austen	Reading and training Step 5	Black Cat	2006	128p	21cm	837.7	RE	
9788-853003874	81356	Sense and sensibility	Jane Austen	Reading and training Step 5	Black Cat	2006	128p	21cm	837.7	RE	
9788-853008411	81357	Robinson Crusoe	Daniel Defoe	Reading and training  Step 5	Black Cat	2008	143p	21cm	837.7	RE	
9788-853001252	81358	Robinson Crusoe	Daniel Defoe	Reading and training  intermediate	Black Cat	2003	144p	21cm	837.7	RE	
9788-853001252	81359	Robinson Crusoe	Daniel Defoe	Reading and training  intermediate	Black Cat	2003	144p	21cm	837.7	RE	
9788-853001252	81360	Robinson Crusoe	Daniel Defoe	Reading and training  intermediate	Black Cat	2003	144p	21cm	837.7	RE	
9788-853001252	81361	Robinson Crusoe	Daniel Defoe	Reading and training  intermediate	Black Cat	2003	144p	21cm	837.7	RE	
9788-877549341	81362	Silas Marner	George Eliot	Reading and training  upper-intermediate	Black Cat	2003	112p	21cm	837.7	RE	
9788-877549341	81363	Silas Marner	George Eliot	Reading and training  upper-intermediate	Black Cat	2003	112p	21cm	837.7	RE	
9788-853001764	81364	Gothic short stories	W. W. Jacobs ... [et al.]	Reading and training  intermediate	Black Cat	2004	128p	21cm	837.7	RE	
9788-877547798	81365	The murders in the Rue Morgue and the purloined letter	Edgar Allan Poe	Reading and training  intermediate	Black Cat	1999	112p	21cm	837.7	RE	
9788-877547798	81366	The murders in the Rue Morgue and the purloined letter	Edgar Allan Poe	Reading and training  intermediate	Black Cat	1999	112p	21cm	837.7	RE	
9788-877549341	81367	Silas Marner	George Eliot	Reading and training  upper-intermediate	Black Cat	2003	112p	21cm	837.7	RE	
9788-877547798	81368	The murders in the Rue Morgue and the purloined letter	Edgar Allan Poe	Reading and training  intermediate	Black Cat	1999	112p	21cm	837.7	RE	
9788-853007667	81369	The murders in the Rue Morgue ; and  The purloined letter	Edgar Allan Poe	Reading and training  step 5  B2.2	Black Cat	2007	111p	21cm	837.7	RE	
9788-877547996	81370	Wuthering heights	Emily Bronte	Reading and training  upper-intermediate	Black Cat	2002	128p	21cm	837.7	RE	
9788-877547996	81371	Wuthering heights	Emily Bronte	Reading and training  Step Six C1	Black Cat	2002	128p	21cm	837.7	RE	
9788-877547996	81372	Wuthering heights	Emily Bronte	Reading and training  Step Six C1	Black Cat	2002	128p	21cm	837.7	RE	
9788-853003249	81373	Wuthering heights	Emily Bronte	Reading and training  Step 5 B2.2	Black Cat	2006	143p	21cm	837.7	RE	
9788-877547996	81374	Wuthering heights	Emily Bronte	Reading and training  Step Six C1	Black Cat	2002	128p	21cm	837.7	RE	
9788-877547996	81375	Wuthering heights	Emily Bronte	Reading and training  Step Six C1	Black Cat	2002	128p	21cm	837.7	RE	
9788-853005687	81376	Wuthering heights	Emily Bronte	Reading and training  Step Six C1	Black Cat	2006	142p	21cm	837.7	RE	
9788-853005687	81377	Wuthering heights	Emily Bronte	Reading and training  Step Six C1	Black Cat	2006	142p	21cm	837.7	RE	
9788-853005687	81378	Wuthering heights	Emily Bronte	Reading and training  Step 6 C1	Black Cat	2006	142p	21cm	837.7	RE	
9788-853007889	81379	The great Gatsby	F. Scott Fitzgerald	Reading and training  step 5	Black Cat	2007	159p	21cm	837.7	RE	
9788-877549341	81380	Silas Marner	George Eliot	Reading and training  upper-intermediate	Black Cat	2003	112p	21cm	837.7	RE	
9788-853001665	81381	Middlemarch	George Eliot	Reading and training  intermediate	Black Cat	2004	160p	21cm	837.7	RE	
9788-853001665	81382	Middlemarch	George Eliot	Reading and training  intermediate	Black Cat	2004	160p	21cm	837.7	RE	
9788-853001665	81383	Middlemarch	George Eliot	Reading and training  intermediate	Black Cat	2004	160p	21cm	837.7	RE	
9788-877547989	81384	The mill on the floss	George Eliot	Reading and training  upper-intermediate	Black Cat	2002	160p	21cm	837.7	RE	
9788-877547989	81385	The mill on the floss	George Eliot	Reading and training  upper-intermediate	Black Cat	2002	160p	21cm	837.7	RE	
9788-877547989	81386	The mill on the floss	George Eliot	Reading and training  upper-intermediate	Black Cat	2002	160p	21cm	837.7	RE	
9788-853001689	81387	The portrait of a lady	Henry James	Reading and training  Step 5	Black Cat	2006	160p	21cm	837.7	RE	
9788-853001689	81388	The portrait of a lady	Henry James	Reading and training  Step 5 B2.2	Black Cat	2006	160p	21cm	837.7	RE	
9788-853001689	81389	The portrait of a lady	Henry James	Reading and training  Step 5 B2.2	Black Cat	2006	160p	21cm	837.7	RE	
9788-853001689	81390	The portrait of a lady	Henry James	Reading and training  Step 5 B2.2	Black Cat	2006	160p	21cm	837.7	RE	
9788-853001689	81391	The portrait of a lady	Henry James	Reading and training  Step 5 B2.2	Black Cat	2006	160p	21cm	837.7	RE	
9788-877549754	81392	Emma	Jane Austen	Reading and training  intermediate	Black Cat	2003	144p	21cm	837.7	RE	
9788-877549754	81393	Emma	Jane Austen	Reading and training  Step 5 B2.2	Black Cat	2003	144p	21cm	837.7	RE	
9788-877549327	81394	Tess of the d'Urbervilles	Thomas Hardy	Reading and training  intermediate	Black Cat	2003	160p	21cm	837.7	RE	
9788-877549327	81395	Tess of the d'Urbervilles	Thomas Hardy	Reading and training  intermediate	Black Cat	2003	160p	21cm	837.7	RE	
9788-877549327	81396	Tess of the d'Urbervilles	Thomas Hardy	Reading and training  intermediate	Black Cat	2003	160p	21cm	837.7	RE	
9788-853001764	81397	Gothic short stories	W. W. Jacobs ... [et al.]	Reading and training  Step 5 B2.2	Black Cat	2004	128p	21cm	837.7	RE	
9788-853001764	81398	Gothic short stories	W. W. Jacobs ... [et al.]	Reading and training  Step 5 B2.2	Black Cat	2004	128p	21cm	837.7	RE	
9788-853001764	81399	Gothic short stories	W. W. Jacobs ... [et al.]	Reading and training  Step 5 B2.2	Black Cat	2004	128p	21cm	837.7	RE	
9788-877549754	81400	Emma	Jane Austen	Reading and training  intermediate	Black Cat	2003	144p	21cm	837.7	RE	
9788-877549754	81401	Emma	Jane Austen	Reading and training  Step 5 B2.2	Black Cat	2003	144p	21cm	837.7	RE	
9788-853001351	81402	Pride and prejudice	Jane Austen	Reading and training  intermediate	Black Cat	2003	160p	21cm	837.7	RE	
9788-853001351	81403	Pride and prejudice	Jane Austen	Reading and training  intermediate	Black Cat	2003	160p	21cm	837.7	RE	
9788-853001351	81404	Pride and prejudice	Jane Austen	Reading and training  intermediate	Black Cat	2003	160p	21cm	837.7	RE	
9788-877545602	81405	Board games	James Butler	Reading and training  intermediate	Black Cat	2000	111p	21cm	837.7	RE	
9788-877545602	81406	Board games	James Butler	Reading and training  intermediate	Black Cat	2000	111p	21cm	837.7	RE	
9788-853006387	81407	The Canterbury tales	Geoffrey Chaucer	Reading and training  step 4  B2.1	Black Cat	2007	111p	21cm	837.7	RE	
9788-853004833	81408	The woman in white	Wilkie Collins	Reading and training  Step 4 B2.1	Black Cat	2007	111p	21cm	837.7	RE	
9788-853004833	81409	The woman in white	Wilkie Collins	Reading and training  Step 4 B2.1	Black Cat	2007	111p	21cm	837.7	RE	
9788-853004833	81410	The woman in white	Wilkie Collins	Reading and training  Step 4 B2.1	Black Cat	2007	111p	21cm	837.7	RE	
9788-853004833	81411	The woman in white	Wilkie Collins	Reading and training  Step 4 B2.1	Black Cat	2007	111p	21cm	837.7	RE	
9788-877546012	81412	Great expectations	Charles Dickens	Reading and training  intermediate	Black Cat	2002	159p	21cm	837.7	RE	
9788-877546012	81413	Great expectations	Charles Dickens	Reading and training  intermediate	Black Cat	2002	159p	21cm	837.7	RE	
9788-877546012	81414	Great expectations	Charles Dickens	Reading and training  intermediate	Black Cat	2002	159p	21cm	837.7	RE	
9788-853000255	81415	A Christmas Carol	Charles Dickens	Reading and training  pre-intermediate  step 4	Black Cat	2003	111p	21cm	837.7	RE	
9788-853000255	81416	A Christmas Carol	Charles Dickens	Reading and training  pre-intermediate  step 4	Black Cat	2003	111p	21cm	837.7	RE	
9788-853000255	81417	A Christmas Carol	Charles Dickens	Reading and training  pre-intermediate  step 4	Black Cat	2003	111p	21cm	837.7	RE	
9788-853000255	81418	A Christmas Carol	Charles Dickens	Reading and training  pre-intermediate  step 4	Black Cat	2003	111p	21cm	837.7	RE	
9788-877549341	81419	Silas Marner	George Eliot	Reading and training  Step6　C1	Black Cat	2003	112p	21cm	837.7	RE	
9788-877547590	81420	The problem of cell 13	Jacques Futrelle	Reading and training  intermediate	Black Cat	1999	96p	21cm	837.7	RE	
9788-853000903	81421	The scarlet letter	Nathaniel Hawthorne 	Reading and training  intermediate	Black Cat	2004	159p	21cm	837.7	RE	
9788-853003331	81422	Pamela	Samuel Richardson	Reading and training  Step 5 B2.2	Black Cat	2006	144p	21cm	837.7	RE	
9788-853003331	81423	Pamela	Samuel Richardson	Reading and training  Step 5 B2.2	Black Cat	2006	144p	21cm	837.7	RE	
9788-853003331	81424	Pamela	Samuel Richardson	Reading and training  Step 5 B2.2	Black Cat	2006	144p	21cm	837.7	RE	
9788-877549327	81425	Tess of the d'Urbervilles	Thomas Hardy	Reading and training  intermediate	Black Cat	2003	160p	21cm	837.7	RE	
9788-877549327	81426	Tess of the d'Urbervilles	Thomas Hardy	Reading and training  intermediate	Black Cat	2003	160p	21cm	837.7	RE	
9788-853000903	81427	The scarlet letter	Nathaniel Hawthorne	Reading and training  Step5 B2.2	Black Cat	2004	159p	21cm	837.7	RE	
9788-853000903	81428	The scarlet letter	Nathaniel Hawthorne	Reading and training  Step5 B2.2	Black Cat	2004	159p	21cm	837.7	RE	
9788-853001337	81429	Washington Square	Henry James	Reading and training  pre-intermediate	Black Cat	2003	160p	21cm	837.7	RE	
9788-853001337	81430	Washington Square	Henry James	Reading and training  pre-intermediate	Black Cat	2003	160p	21cm	837.7	RE	
9788-877547972	81431	Le morte d'Arthur	Sir Thomas Malory	Reading and training  pre-intermediate	Black Cat	2002	144p	21cm	837.7	RE	
9788-877547972	81432	Le morte d'Arthur	Sir Thomas Malory	Reading and training  pre-intermediate	Black Cat	2002	144p	21cm	837.7	RE	
9788-877547972	81433	Le morte d'Arthur	Sir Thomas Malory	Reading and training  pre-intermediate	Black Cat	2002	144p	21cm	837.7	RE	
9788-877547965	81434	The tragedy of Dr Faustus	Christopher Marlowe	Reading and training  pre-intermediate	Black Cat	2002	128p	21cm	837.7	RE	
9788-877547965	81435	The tragedy of Dr Faustus	Christopher Marlowe	Reading and training  pre-intermediate	Black Cat	2002	128p	21cm	837.7	RE	
9788-877547965	81436	The tragedy of Dr Faustus	Christopher Marlowe	Reading and training  pre-intermediate	Black Cat	2002	128p	21cm	837.7	RE	
9788-877547965	81437	The tragedy of Dr Faustus	Christopher Marlowe	Reading and training  pre-intermediate	Black Cat	2002	128p	21cm	837.7	RE	
9788-853000217	81438	American horror : three terrifying tales	Edgar Allan Poe	Reading and training  pre-intermediate	Black Cat	2003	110p	21cm	837.7	RE	
9788-853000217	81439	American horror : three terrifying tales	Edgar Allan Poe	Reading and training  Step4 B2.1	Black Cat	2003	110p	21cm	837.7	RE	
9788-853000217	81440	American horror : three terrifying tales	Edgar Allan Poe	Reading and training  Step4 B2.1	Black Cat	2003	110p	21cm	837.7	RE	
9788-853010223	81441	American horror	Edgar Allan Poe	Reading and training  step 4 B2.1	Black Cat	2010	111p	21cm	837.7	RE	
9788-853010223	81442	American horror	Edgar Allan Poe	Reading and training  step 4 B2.1	Black Cat	2010	111p	21cm	837.7	RE	
9788-853000378	81443	The picture of Dorian Gray	Oscar Wilde	Reading and training  intermediate	Black Cat	2003	144p	21cm	837.7	RE	
9788-853000279	81444	Dracula	Bram Stoker	Reading and training  pre-intermediate  step 4	Black Cat	2003	128p	21cm	837.7	RE	
9788-853000279	81445	Dracula	Bram Stoker	Reading and training  pre-intermediate  step 4	Black Cat	2003	128p	21cm	837.7	RE	
9788-853001405	81446	Wicked and humorous tales	Saki	Reading and training  pre-intermediate  step 4	Black Cat	2004	128p	21cm	837.7	RE	
9788-877547958	81447	Beowulf	Victoria Spence	Reading and training  pre-intermediate	Black Cat	2002	112p	21cm	837.7	RE	
9788-877547958	81448	Beowulf	Victoria Spence	Reading and training  pre-intermediate	Black Cat	2002	112p	21cm	837.7	RE	
9788-877547958	81449	Beowulf	Victoria Spence	Reading and training  pre-intermediate	Black Cat	2002	112p	21cm	837.7	RE	
9788-853004833	81450	The woman in white	Wilkie Collins	Reading and training  Step 4 B2.1	Black Cat	2007	111p	21cm	837.7	RE	
9788-853003201	81451	Jack the Ripper	Peter Foreman	Reading and training  pre-intermediate  step 4　B2.1	Black Cat	2005	96p	21cm	837.7	RE	
9788-853000279	81452	Dracula	Bram Stoker	Reading and training  pre-intermediate  step 4	Black Cat	2003	128p	21cm	837.7	RE	
9788-853001405	81453	Wicked and humorous tales	Saki	Reading and training  pre-intermediate  step 4	Black Cat	2004	128p	21cm	837.7	RE	
9788-853001405	81454	Wicked and humorous tales	Saki	Reading and training  pre-intermediate  step 4	Black Cat	2004	128p	21cm	837.7	RE	
9788-853001405	81455	Wicked and humorous tales	Saki	Reading and training  pre-intermediate  step 4	Black Cat	2004	128p	21cm	837.7	RE	
9788-877549297	81456	Tom Jones	Henry Fielding	Reading and training  pre-intermediate	Black Cat	2003	144p	21cm	837.7	RE	
9788-877547972	81457	Le morte d'Arthur	Sir Thomas Malory	Reading and training  pre-intermediate	Black Cat	2002	144p	21cm	837.7	RE	
9788-853003201	81458	Jack the Ripper	Peter Foreman	Reading and training  pre-intermediate  step 4　B2.1	Black Cat	2005	96p	21cm	837.7	RE	
9788-853003201	81459	Jack the Ripper	Peter Foreman	Reading and training  pre-intermediate  step 4　B2.1	Black Cat	2005	96p	21cm	837.7	RE	
9788-853003201	81460	Jack the Ripper	Peter Foreman	Reading and training  pre-intermediate  step 4　B2.1	Black Cat	2005	96p	21cm	837.7	RE	
9788-853006103	81461	Moby Dick	Herman Melville	Reading and training  Step 4	Black Cat	2007	127p	21cm	837.7	RE	
9788-853006103	81462	Moby Dick	Herman Melville	Reading and training  Step 4	Black Cat	2007	127p	21cm	837.7	RE	
9788-877549297	81463	Tom Jones	Henry Fielding	Reading and training  pre-intermediate	Black Cat	2003	144p	21cm	837.7	RE	
9788-877549297	81464	Tom Jones	Henry Fielding	Reading and training  pre-intermediate	Black Cat	2003	144p	21cm	837.7	RE	
9788-877549297	81465	Tom Jones	Henry Fielding	Reading and training  pre-intermediate	Black Cat	2003	144p	21cm	837.7	RE	
9788-853006103	81466	Moby Dick	Herman Melville	Reading and training  Step 4　B2.1	Black Cat	2007	127p	21cm	837.7	RE	
9788-877547750	81467	The big mistake and other stories	Nella Burnett-Stuart  Bruna Deriu	Reading and training  pre-intermediate	Black Cat	1998	128p	21cm	837.7	RE	
9788-877547750	81468	The big mistake and other stories	Nella Burnett-Stuart  Bruna Deriu	Reading and training  Step 4 B2.1	Black Cat	1998	128p	21cm	837.7	RE	
9788-877546418	81469	Frankenstein	Mary Shelley	Reading and training	Black Cat	1997	160p	21cm	837.7	RE	
9788-877546418	81470	Frankenstein	Mary Shelley	Reading and training	Black Cat	1997	160p	21cm	837.7	RE	
9788-877547972	81471	Le morte d'Arthur	Sir Thomas Malory	Reading and training  Step4 B2.1	Black Cat	2002	144p	21cm	837.7	RE	
9788-853003201	81472	Jack the Ripper	Peter Foreman	Reading and training  pre-intermediate  step 4　B2.1	Black Cat	2005	96p	21cm	837.7	RE	
9788-877548603	81473	A tale of two cities	Charles Dickens	Reading and training  intermediate	Black Cat	2002	160p	21cm	837.7	RE	
9788-853001764	81474	Gothic short stories	W. W. Jacobs ... [et al.]	Reading and training  intermediate	Black Cat	2004	128p	21cm	837.7	RE	
9788-853001702	81475	Sons and lovers	D. H. Lawrence	Reading and training  intermediate	Black Cat	2005	144p	21cm	837.7	RE	
9788-853001641	81476	Famous British criminals from The Newgate calendar	Victoria Spence	Reading and training  step 4 B2.1	Black Cat	2005	112p	21cm	837.7	RE	
9788-853001641	81477	Famous British criminals from The Newgate calendar	Victoria Spence	Reading and training  pre-intermediate  step 4	Black Cat	2005	112p	21cm	837.7	RE	
9788-877547590	81478	The problem of cell 13	Jacques Futrelle	Reading and training  intermediate	Black Cat	1999	96p	21cm	837.7	RE	
9788-877547590	81479	The problem of cell 13	Jacques Futrelle	Reading and training  intermediate	Black Cat	1999	96p	21cm	837.7	RE	
9788-877547590	81480	The problem of cell 13	Jacques Futrelle	Reading and training  intermediate	Black Cat	1999	96p	21cm	837.7	RE	
9788-877547590	81481	The problem of cell 13	Jacques Futrelle	Reading and training  intermediate	Black Cat	1999	96p	21cm	837.7	RE	
9788-853000231	81482	The Canterbury tales	Geoffrey Chaucer	Reading and training  pre-intermediate  step 4	Black Cat	2003	111p	21cm	837.7	RE	
9788-853000231	81483	The Canterbury tales	Geoffrey Chaucer	Reading and training  pre-intermediate  step 4	Black Cat	2003	111p	21cm	837.7	RE	
9788-853003133	81484	The secret agent	Joseph Conrad	Reading and training  Step 4	Black Cat	2006	111p	21cm	837.7	RE	
9788-853003133	81485	The secret agent	Joseph Conrad	Reading and training  Step 4 B2.1	Black Cat	2006	111p	21cm	837.7	RE	
9788-853000293	81486	The last of the Mohicans	James Fenimore Cooper	Reading and training  pre-intermediate  step 4 B2.1	Black Cat	2003	143p	21cm	837.7	RE	
9788-853000293	81487	The last of the Mohicans	James Fenimore Cooper	Reading and training  pre-intermediate  step 4 B2.1	Black Cat	2003	143p	21cm	837.7	RE	
9788-853000293	81488	The last of the Mohicans	James Fenimore Cooper	Reading and training  pre-intermediate  step 4 B2.1	Black Cat	2003	143p	21cm	837.7	RE	
9788-853000293	81489	The last of the Mohicans	James Fenimore Cooper	Reading and training  pre-intermediate  step 4 B2.1	Black Cat	2003	143p	21cm	837.7	RE	
9788-853000354	81490	Frankenstein	Mary Shelley	Reading and training  intermediate	Black Cat	2003	143p	21cm	837.7	RE	
9788-853000354	81491	Frankenstein	Mary Shelley	Reading and training  intermediate	Black Cat	2003	143p	21cm	837.7	RE	
9788-853000354	81492	Frankenstein	Mary Shelley	Reading and training  intermediate	Black Cat	2003	143p	21cm	837.7	RE	
9788-853000354	81493	Frankenstein	Mary Shelley	Reading and training  intermediate	Black Cat	2003	143p	21cm	837.7	RE	
9788-853001641	81494	Famous British criminals from The Newgate calendar	Victoria Spence	Reading and training  pre-intermediate  step 4 B2.1	Black Cat	2005	112p	21cm	837.7	RE	
9788-853001641	81495	Famous British criminals from The Newgate calendar	Victoria Spence	Reading and training  step 4 B2.1	Black Cat	2005	112p	21cm	837.7	RE	
9788-853002952	81496	A study in scarlet	Sir Arthur Conan Doyle	Reading and training  Step 4	Black Cat	2006	111p	21cm	837.7	RE	
9788-853002952	81497	A study in scarlet	Sir Arthur Conan Doyle	Reading and training  Step 4　B2.1	Black Cat	2006	111p	21cm	837.7	RE	
9788-853004130	81498	Daisy Miller	Henry James	Reading and training  Step 4　B2.1	Black Cat	2006	94p	21cm	837.7	RE	
9788-853000378	81499	The picture of Dorian Gray	Oscar Wilde	Reading and training  intermediate	Black Cat	2003	144p	21cm	837.7	RE	
9788-853000378	81500	The picture of Dorian Gray	Oscar Wilde	Reading and training  intermediate	Black Cat	2003	144p	21cm	837.7	RE	
9788-853000378	81501	The picture of Dorian Gray	Oscar Wilde	Reading and training  intermediate	Black Cat	2003	144p	21cm	837.7	RE	
9788-853000378	81502	The picture of Dorian Gray	Oscar Wilde	Reading and training  intermediate	Black Cat	2003	144p	21cm	837.7	RE	
9788-877549334	81503	Vanity fair	William Makepeace Thackeray	Reading and training  intermediate	Black Cat	2004	144p	21cm	837.7	RE	
9788-877549334	81504	Vanity fair	William Makepeace Thackeray	Reading and training  intermediate	Black Cat	2004	144p	21cm	837.7	RE	
9788-877549334	81505	Vanity fair	William Makepeace Thackeray	Reading and training  intermediate	Black Cat	2004	144p	21cm	837.7	RE	
9788-877546227	81506	The phantom of the opera	Gaston Leroux	Reading and training  elementary  step 3	Black Cat	2002	128p	21cm	837.7	RE	
9788-877546227	81507	The phantom of the opera	Gaston Leroux	Reading and training  elementary  step 3 B1.2	Black Cat	2002	128p	21cm	837.7	RE	
9788-877546227	81508	The phantom of the opera	Gaston Leroux	Reading and training  elementary  step 3 B1.2	Black Cat	2002	128p	21cm	837.7	RE	
9788-877546227	81509	The phantom of the opera	Gaston Leroux	Reading and training  elementary  step 3 B1.2	Black Cat	2002	128p	21cm	837.7	RE	
9788-853001627	81510	Lord Arthur Savile's crime and other stories	Oscar Wilde 	Reading and training  elementary  step 3	Black Cat	2005	112p	21cm	837.7	RE	
9788-853001627	81511	Lord Arthur Savile's crime and other stories	Oscar Wilde 	Reading and training  elementary  step 3 B1.2	Black Cat	2005	112p	21cm	837.7	RE	
9788-853001627	81512	Lord Arthur Savile's crime and other stories	Oscar Wilde 	Reading and training  elementary  step 3 B1.2	Black Cat	2005	112p	21cm	837.7	RE	
9788-853001627	81513	Lord Arthur Savile's crime and other stories	Oscar Wilde 	Reading and training  elementary  step 3 B1.2	Black Cat	2005	112p	21cm	837.7	RE	
9788-853003669	81514	The diamond as big as the Ritz	F. Scott Fitzgerald	Reading and training  Step 3 B1.2	Black Cat	2006	96p	21cm	837.7	RE	
9788-853003669	81515	The diamond as big as the Ritz	F. Scott Fitzgerald	Reading and training  Step 3 B1.2	Black Cat	2006	96p	21cm	837.7	RE	
9788-853003669	81516	The diamond as big as the Ritz	F. Scott Fitzgerald	Reading and training  Step 3 B1.2	Black Cat	2006	96p	21cm	837.7	RE	
9788-853003669	81517	The diamond as big as the Ritz	F. Scott Fitzgerald	Reading and training  Step 3 B1.2	Black Cat	2006	96p	21cm	837.7	RE	
9788-853008350	81518	The strange case of Dr. Jekyll and Mr. Hyde	Robert Louis Stevenson	Reading and training  step 3  B1.2	Black Cat	2008	85p	21cm	837.7	RE	
9788-853008350	81519	The strange case of Dr. Jekyll and Mr. Hyde	Robert Louis Stevenson	Reading and training  step 3  B1.2	Black Cat	2008	85p	21cm	837.7	RE	
9788-853006592	81520	The Canterville ghost	Oscar Wilde	Reading and training  step 3  B1.2	Black Cat	2007	111p	21cm	837.7	RE	
9788-853002914	81521	Great mysteries of our world	Gina D. B. Clemen	Reading and training  elementary  step 3 B1.2	Black Cat	2005	96p	21cm	837.7	RE	
9788-877547576	81522	Alien at school	Michelle Brown 	Reading and training  elementary  step 3 B1.2	Black Cat	1998	96p	21cm	837.7	RE	
9788-853000194	81523	The strange case of Dr Jekyll and Mr Hyde	Robert Louis Stevenson	Reading and training  elementary  step 3	Black Cat	2003	96p	21cm	837.7	RE	
9788-853005977	81524	The sign of four	Sir Arthur Conan Doyle	Reading and training  Step 4 B2.1	Black Cat	2007	126p	21cm	837.7	RE	
9788-853001641	81525	Famous British criminals from The Newgate calendar	Victoria Spence	Reading and training  step 4 B2.1	Black Cat	2005	112p	21cm	837.7	RE	
9788-853000217	81526	American horror : three terrifying tales	Edgar Allan Poe	Reading and training  Step4 B2.1	Black Cat	2003	110p	21cm	837.7	RE	
9788-853000217	81527	American horror : three terrifying tales	Edgar Allan Poe	Reading and training  Step4 B2.1	Black Cat	2003	110p	21cm	837.7	RE	
9788-877549297	81528	Tom Jones	Henry Fielding	Reading and training  pre-intermediate	Black Cat	2003	144p	21cm	837.7	RE	
9788-853001214	81529	The turn of the screw	Henry James	Reading and training  pre-intermediate	Black Cat	2004	128p	21cm	837.7	RE	
9788-853001214	81530	The turn of the screw	Henry James	Reading and training  pre-intermediate	Black Cat	2004	128p	21cm	837.7	RE	
9788-853001214	81531	The turn of the screw	Henry James	Reading and training  pre-intermediate	Black Cat	2004	128p	21cm	837.7	RE	
9788-853001214	81532	The turn of the screw	Henry James	Reading and training  pre-intermediate	Black Cat	2004	128p	21cm	837.7	RE	
9788-853004130	81533	Daisy Miller	Henry James	Reading and training  Step 4　B2.1	Black Cat	2006	94p	21cm	837.7	RE	
9788-853004130	81534	Daisy Miller	Henry James	Reading and training  Step 4　B2.1	Black Cat	2006	94p	21cm	837.7	RE	
9788-853004130	81535	Daisy Miller	Henry James	Reading and training  Step 4　B2.1	Black Cat	2006	94p	21cm	837.7	RE	
9788-853001351	81536	Pride and prejudice	Jane Austen	Reading and training  intermediate	Black Cat	2003	160p	21cm	837.7	RE	
9788-853001351	81537	Pride and prejudice	Jane Austen	Reading and training  intermediate	Black Cat	2003	160p	21cm	837.7	RE	
9788-853009562	81538	Kim	Rudyard Kipling	Reading and training  step 3  B1.2	Black Cat	2009	127p	21cm	837.7	RE	
9788-853008305	81539	True adventures stories	Peter Foreman	Reading and training  step 3  B1.2	Black Cat	2008	111p	21cm	837.7	RE	
9788-877549334	81540	Vanity fair	William Makepeace Thackeray	Reading and training  intermediate	Black Cat	2004	144p	21cm	837.7	RE	
9788-877549334	81541	Vanity fair	William Makepeace Thackeray	Reading and training  intermediate	Black Cat	2004	144p	21cm	837.7	RE	
9788-853002952	81542	A study in scarlet	Sir Arthur Conan Doyle	Reading and training  Step 4　B2.1	Black Cat	2006	111p	21cm	837.7	RE	
9788-853002952	81543	A study in scarlet	Sir Arthur Conan Doyle	Reading and training  Step 4　B2.1	Black Cat	2006	111p	21cm	837.7	RE	
9788-853001542	81544	Much ado about nothing	William Shakespeare	Reading and training  pre-intermediate	Black Cat	2003	128p	24cm	837.7	RE	
9788-853000330	81545	A midsummer night's dream	William Shakespeare	Reading and training  pre-intermediate  step 4	Black Cat	2003	95p	24cm	837.7	RE	
9788-877546081	81546	The taming of the shrew	William Shakespeare	Reading and training  intermediate	Black Cat	2000	127p	24cm	837.7	RE	
9788-877549105	81547	Heart of darkness	Joseph Conrad	Reading and training  intermediate	Black Cat	2003	112p	24cm	837.7	RE	
9788-877549105	81548	Heart of darkness	Joseph Conrad	Reading and training  intermediate	Black Cat	2003	112p	24cm	837.7	RE	
9788-877549105	81549	Heart of darkness	Joseph Conrad	Reading and training  intermediate	Black Cat	2003	112p	24cm	837.7	RE	
9788-877549105	81550	Heart of darkness	Joseph Conrad	Reading and training  intermediate	Black Cat	2003	112p	24cm	837.7	RE	
9780-439559638	81551	Lost treasure of the emerald eye	Geronimo Stilton	Geronimo Stilton  1	Scholastic	2004	116p	20cm	837.7	ST	
9780-439559638	81552	Lost treasure of the emerald eye	Geronimo Stilton	Geronimo Stilton  1	Scholastic	2004	116p	20cm	837.7	ST	
9780-439559638	81553	Lost treasure of the emerald eye	Geronimo Stilton	Geronimo Stilton  1	Scholastic	2004	116p	20cm	837.7	ST	
9780-439559638	81554	Lost treasure of the emerald eye	Geronimo Stilton	Geronimo Stilton  1	Scholastic	2004	116p	20cm	837.7	ST	
9780-439559638	81555	Lost treasure of the emerald eye	Geronimo Stilton	Geronimo Stilton  1	Scholastic	2004	116p	20cm	837.7	ST	
9780-439559645	81556	The curse of the cheese pyramid	Geronimo Stilton	Geronimo Stilton  2	Scholastic	2004	112p	20cm	837.7	ST	
9780-439559645	81557	The curse of the cheese pyramid	Geronimo Stilton	Geronimo Stilton  2	Scholastic	2004	112p	20cm	837.7	ST	
9780-439559645	81558	The curse of the cheese pyramid	Geronimo Stilton	Geronimo Stilton  2	Scholastic	2004	112p	20cm	837.7	ST	
9780-439559645	81559	The curse of the cheese pyramid	Geronimo Stilton	Geronimo Stilton  2	Scholastic	2004	112p	20cm	837.7	ST	
9788-073005993	81560	The curse of the cheese pyramid	Geronimo Stilton	Geronimo Stilton  2	Scholastic	2004	112p	20cm	837.7	ST	
9780-439559652	81561	Cat and mouse in a haunted house	Geronimo Stilton	Geronimo Stilton  3	Scholastic	2004	111p	20cm	837.7	ST	
9780-439559652	81562	Cat and mouse in a haunted house	Geronimo Stilton	Geronimo Stilton  3	Scholastic	2004	111p	20cm	837.7	ST	
9780-439559652	81563	Cat and mouse in a haunted house	Geronimo Stilton	Geronimo Stilton  3	Scholastic	2004	111p	20cm	837.7	ST	
9780-439559652	81564	Cat and mouse in a haunted house	Geronimo Stilton	Geronimo Stilton  3	Scholastic	2004	111p	20cm	837.7	ST	
9780-439559652	81565	Cat and mouse in a haunted house	Geronimo Stilton	Geronimo Stilton  3	Scholastic	2004	111p	20cm	837.7	ST	
9780-439559669	81566	I'm too fond of my fur!	Geronimo Stilton	Geronimo Stilton  4	Scholastic	2004	116p	20cm	837.7	ST	
9780-439559690	81567	Red pizzas for a blue count	Geronimo Stilton	Geronimo Stilton  7	Scholastic	2004	116p	20cm	837.7	ST	
9780-439559706	81568	Attack of the bandit cats	Geronimo Stilton	Geronimo Stilton  8	Scholastic	2004	113p	20cm	837.7	ST	
9780-439559706	81569	Attack of the bandit cats	Geronimo Stilton	Geronimo Stilton  8	Scholastic	2004	113p	20cm	837.7	ST	
9780-439559706	81570	Attack of the bandit cats	Geronimo Stilton	Geronimo Stilton  8	Scholastic	2004	113p	20cm	837.7	ST	
9780-439559706	81571	Attack of the bandit cats	Geronimo Stilton	Geronimo Stilton  8	Scholastic	2004	113p	20cm	837.7	ST	
9780-439559706	81572	Attack of the bandit cats	Geronimo Stilton	Geronimo Stilton  8	Scholastic	2004	113p	20cm	837.7	ST	
9780-439559713	81573	A fabumouse vacation for geronimo	Geronimo Stilton	Geronimo Stilton  9	Scholastic	2004	112p	20cm	837.7	ST	
9780-439559713	81574	A fabumouse vacation for geronimo	Geronimo Stilton	Geronimo Stilton  9	Scholastic	2004	112p	20cm	837.7	ST	
9780-439559713	81575	A fabumouse vacation for geronimo	Geronimo Stilton	Geronimo Stilton  9	Scholastic	2004	112p	20cm	837.7	ST	
9780-439559713	81576	A fabumouse vacation for geronimo	Geronimo Stilton	Geronimo Stilton  9	Scholastic	2004	112p	20cm	837.7	ST	
9780-439559713	81577	A fabumouse vacation for geronimo	Geronimo Stilton	Geronimo Stilton  9	Scholastic	2004	112p	20cm	837.7	ST	
9780-439559720	81578	All because of a cup of coffee	Geronimo Stilton	Geronimo Stilton  10	Scholastic	2004	112p	20cm	837.7	ST	
9780-439559720	81579	All because of a cup of coffee	Geronimo Stilton	Geronimo Stilton  10	Scholastic	2004	112p	20cm	837.7	ST	
9780-439559720	81580	All because of a cup of coffee	Geronimo Stilton	Geronimo Stilton  10	Scholastic	2004	112p	20cm	837.7	ST	
9780-439559720	81581	All because of a cup of coffee	Geronimo Stilton	Geronimo Stilton  10	Scholastic	2004	112p	20cm	837.7	ST	
9780-439559720	81582	All because of a cup of coffee	Geronimo Stilton	Geronimo Stilton  10	Scholastic	2004	112p	20cm	837.7	ST	
9780-439559737	81583	It's Halloween  you 'fraidy mouse!	Geronimo Stilton	Geronimo Stilton  11	Scholastic	2004	113p	20cm	837.7	ST	
9780-439559737	81584	It's Halloween  you 'fraidy mouse!	Geronimo Stilton	Geronimo Stilton  11	Scholastic	2004	113p	20cm	837.7	ST	
9780-439559737	81585	It's Halloween  you 'fraidy mouse!	Geronimo Stilton	Geronimo Stilton  11	Scholastic	2004	113p	20cm	837.7	ST	
9780-439559737	81586	It's Halloween  you 'fraidy mouse!	Geronimo Stilton	Geronimo Stilton  11	Scholastic	2004	113p	20cm	837.7	ST	
9780-439559737	81587	It's Halloween  you 'fraidy mouse!	Geronimo Stilton	Geronimo Stilton  11	Scholastic	2004	113p	20cm	837.7	ST	
9780-439559744	81588	Merry christmas Geronimo!	Geronimo Stilton	Geronimo Stilton  12	Scholastic	2004	113p	20cm	837.7	ST	
9780-439559744	81589	Merry christmas Geronimo!	Geronimo Stilton	Geronimo Stilton  12	Scholastic	2004	113p	20cm	837.7	ST	
9780-439559744	81590	Merry christmas Geronimo!	Geronimo Stilton	Geronimo Stilton  12	Scholastic	2004	113p	20cm	837.7	ST	
9780-439559744	81591	Merry christmas Geronimo!	Geronimo Stilton	Geronimo Stilton  12	Scholastic	2004	113p	20cm	837.7	ST	
9780-439559744	81592	Merry christmas Geronimo!	Geronimo Stilton	Geronimo Stilton  12	Scholastic	2004	113p	20cm	837.7	ST	
9780-439661621	81593	The phantom of the subway	Geronimo Stilton	Geronimo Stilton  13	Scholastic	2004	112p	20cm	837.7	ST	
9780-439661621	81594	The phantom of the subway	Geronimo Stilton	Geronimo Stilton  13	Scholastic	2004	112p	20cm	837.7	ST	
9780-439661621	81595	The phantom of the subway	Geronimo Stilton	Geronimo Stilton  13	Scholastic	2004	112p	20cm	837.7	ST	
9780-439661621	81596	The phantom of the subway	Geronimo Stilton	Geronimo Stilton  13	Scholastic	2004	112p	20cm	837.7	ST	
9780-439661645	81597	The mona mousa code	Geronimo stilton	Geronimo Stilton  15	Scholastic	2005	112p	20cm	837.7	ST	
9780-439661645	81598	The mona mousa code	Geronimo stilton	Geronimo Stilton  15	Scholastic	2005	112p	20cm	837.7	ST	
9780-439661645	81599	The mona mousa code	Geronimo stilton	Geronimo Stilton  15	Scholastic	2005	112p	20cm	837.7	ST	
9780-439661645	81600	The mona mousa code	Geronimo stilton	Geronimo Stilton  15	Scholastic	2005	112p	20cm	837.7	ST	
9780-439661645	81601	The mona mousa code	Geronimo stilton	Geronimo Stilton  15	Scholastic	2005	112p	20cm	837.7	ST	
9780-439691390	81602	A cheese-colored camper	Geronimo Stilton	Geronimo Stilton  16	Scholastic	2005	111p	20cm	837.7	ST	
9780-439691390	81603	A cheese-colored camper	Geronimo Stilton	Geronimo Stilton  16	Scholastic	2005	111p	20cm	837.7	ST	
9780-439691390	81604	A cheese-colored camper	Geronimo Stilton	Geronimo Stilton  16	Scholastic	2005	111p	20cm	837.7	ST	
9780-439691390	81605	A cheese-colored camper	Geronimo Stilton	Geronimo Stilton  16	Scholastic	2005	111p	20cm	837.7	ST	
9780-439691437	81606	Surf's up  Geronimo!	Geronimo Stilton	Geronimo Stilton  20	Scholastic	2005	109p	20cm	837.7	ST	
9780-439691437	81607	Surf's up  Geronimo!	Geronimo Stilton	Geronimo Stilton  20	Scholastic	2005	109p	20cm	837.7	ST	
9780-439691437	81608	Surf's up  Geronimo!	Geronimo Stilton	Geronimo Stilton  20	Scholastic	2005	109p	20cm	837.7	ST	
9780-439691437	81609	Surf's up  Geronimo!	Geronimo Stilton	Geronimo Stilton  20	Scholastic	2005	109p	20cm	837.7	ST	
9780-439691437	81610	Surf's up  Geronimo!	Geronimo Stilton	Geronimo Stilton  20	Scholastic	2005	109p	20cm	837.7	ST	
9780-439691444	81611	The wild  wild West	Geronimo Stilton	Geronimo Stilton  #21	Scholastic	2005	106p	20cm	837.7	ST	
9780-439691444	81612	The wild  wild West	Geronimo Stilton	Geronimo Stilton  #21	Scholastic	2005	106p	20cm	837.7	ST	
9780-439691444	81613	The wild  wild West	Geronimo Stilton	Geronimo Stilton  #21	Scholastic	2005	106p	20cm	837.7	ST	
9780-439691444	81614	The wild  wild West	Geronimo Stilton	Geronimo Stilton  #21	Scholastic	2005	106p	20cm	837.7	ST	
9780-439691444	81615	The wild  wild West	Geronimo Stilton	Geronimo Stilton  #21	Scholastic	2005	106p	20cm	837.7	ST	
9780-439691451	81616	The secret of Cacklefur Castle	Geronimo Stilton 	Geronimo Stilton  #22	Scholastic	2005	109p	20cm	837.7	ST	
9780-439691451	81617	The secret of Cacklefur Castle	Geronimo Stilton 	Geronimo Stilton  #22	Scholastic	2005	109p	20cm	837.7	ST	
9780-439691451	81618	The secret of Cacklefur Castle	Geronimo Stilton 	Geronimo Stilton  #22	Scholastic	2005	109p	20cm	837.7	ST	
9780-439691451	81619	The secret of Cacklefur Castle	Geronimo Stilton 	Geronimo Stilton  #22	Scholastic	2005	109p	20cm	837.7	ST	
9780-439691451	81620	The secret of Cacklefur Castle	Geronimo Stilton 	Geronimo Stilton  #22	Scholastic	2005	109p	20cm	837.7	ST	
9780-439661621	81621	The phantom of the subway	Geronimo Stilton	Geronimo Stilton  13	Scholastic	2004	112p	20cm	837.7	ST	
9780-439661621	81622	The phantom of the subway	Geronimo Stilton	Geronimo Stilton  13	Scholastic	2004	112p	20cm	837.7	ST	
9780-439661638	81623	The temple of the ruby of fire	Geronimo Stilton	Geronimo Stilton  14	Scholastic	2004	106p	20cm	837.7	ST	
9780-439661638	81624	The temple of the ruby of fire	Geronimo Stilton	Geronimo Stilton  14	Scholastic	2004	106p	20cm	837.7	ST	
9780-439661638	81625	The temple of the ruby of fire	Geronimo Stilton	Geronimo Stilton  14	Scholastic	2004	106p	20cm	837.7	ST	
9780-439661638	81626	The temple of the ruby of fire	Geronimo Stilton	Geronimo Stilton  14	Scholastic	2004	106p	20cm	837.7	ST	
9780-439661638	81627	The temple of the ruby of fire	Geronimo Stilton	Geronimo Stilton  14	Scholastic	2004	106p	20cm	837.7	ST	
9780-439691475	81628	Valentine's day disaster	Geronimo Stilton	Geronimo Stilton  23	Scholastic	2006	91p	20cm	837.7	ST	
9780-439691475	81629	Valentine's day disaster	Geronimo Stilton	Geronimo Stilton  23	Scholastic	2006	91p	20cm	837.7	ST	
9780-439691475	81630	Valentine's day disaster	Geronimo Stilton	Geronimo Stilton  23	Scholastic	2006	91p	20cm	837.7	ST	
9780-439691475	81631	Valentine's day disaster	Geronimo Stilton	Geronimo Stilton  23	Scholastic	2006	91p	20cm	837.7	ST	
9780-439691475	81632	Valentine's day disaster	Geronimo Stilton	Geronimo Stilton  23	Scholastic	2006	91p	20cm	837.7	ST	
9780-439691468	81633	Field trip to Niagara Falls	Geronimo Stilton	Geronimo Stilton  24	Scholastic	2005	110p	20cm	837.7	ST	
9780-439691468	81634	Field trip to Niagara Falls	Geronimo Stilton	Geronimo Stilton  24	Scholastic	2005	110p	20cm	837.7	ST	
9780-439691468	81635	Field trip to Niagara Falls	Geronimo Stilton	Geronimo Stilton  24	Scholastic	2005	110p	20cm	837.7	ST	
9780-439691468	81636	Field trip to Niagara Falls	Geronimo Stilton	Geronimo Stilton  24	Scholastic	2005	110p	20cm	837.7	ST	
9780-439691468	81637	Field trip to Niagara Falls	Geronimo Stilton	Geronimo Stilton  24	Scholastic	2005	110p	20cm	837.7	ST	
9780-439841160	81638	The search for sunken treasure	Geronimo Stilton	Geronimo Stilton  25	Scholastic	2006	110p	20cm	837.7	ST	
9780-439841160	81639	The search for sunken treasure	Geronimo Stilton	Geronimo Stilton  25	Scholastic	2006	110p	20cm	837.7	ST	
9780-439841160	81640	The search for sunken treasure	Geronimo Stilton	Geronimo Stilton  25	Scholastic	2006	110p	20cm	837.7	ST	
9780-439841160	81641	The search for sunken treasure	Geronimo Stilton	Geronimo Stilton  25	Scholastic	2006	110p	20cm	837.7	ST	
9780-439841160	81642	The search for sunken treasure	Geronimo Stilton	Geronimo Stilton  25	Scholastic	2006	110p	20cm	837.7	ST	
9780-545021333	81643	Geronimo and the gold medal mystery	Geronimo Stilton	eronimo Stilton  33	Scholastic	2007	87p	20cm	837.7	ST	
9780-439841177	81644	The mummy with no name	Geronimo Stilton	Geronimo Stilton  26	Scholastic	2005	94p	20cm	837.7	ST	
9780-439841177	81645	The mummy with no name	Geronimo Stilton	Geronimo Stilton  26	Scholastic	2005	94p	20cm	837.7	ST	
9780-439841177	81646	The mummy with no name	Geronimo Stilton	Geronimo Stilton  26	Scholastic	2005	94p	20cm	837.7	ST	
9780-439841177	81647	The mummy with no name	Geronimo Stilton	Geronimo Stilton  26	Scholastic	2005	94p	20cm	837.7	ST	
9780-439841177	81648	The mummy with no name	Geronimo Stilton	Geronimo Stilton  26	Scholastic	2005	94p	20cm	837.7	ST	
9780-439841184	81649	The Christmas toy factory	Geronimo Stilton	Geronimo Stilton  27	Scholastic	2006	95p	20cm	837.7	ST	
9780-439841184	81650	The Christmas toy factory	Geronimo Stilton	Geronimo Stilton  27	Scholastic	2006	95p	20cm	837.7	ST	
9780-439841184	81651	The Christmas toy factory	Geronimo Stilton	Geronimo Stilton  27	Scholastic	2006	95p	20cm	837.7	ST	
9780-439841184	81652	The Christmas toy factory	Geronimo Stilton	Geronimo Stilton  27	Scholastic	2006	95p	20cm	837.7	ST	
9780-439841184	81653	The Christmas toy factory	Geronimo Stilton	Geronimo Stilton  27	Scholastic	2006	95p	20cm	837.7	ST	
9780-439841184	81654	The Christmas toy factory	Geronimo Stilton	Geronimo Stilton  27	Scholastic	2006	95p	20cm	837.7	ST	
9780-439841191	81655	Wedding crasher	Geronimo Stilton	Geronimo Stilton  28	Scholastic	2007	111p	20cm	837.7	ST	
9780-439841191	81656	Wedding crasher	Geronimo Stilton	Geronimo Stilton  28	Scholastic	2007	111p	20cm	837.7	ST	
9780-439841191	81657	Wedding crasher	Geronimo Stilton	Geronimo Stilton  28	Scholastic	2007	111p	20cm	837.7	ST	
9780-439841191	81658	Wedding crasher	Geronimo Stilton	Geronimo Stilton  28	Scholastic	2007	111p	20cm	837.7	ST	
9780-439841191	81659	Wedding crasher	Geronimo Stilton	Geronimo Stilton  28	Scholastic	2007	111p	20cm	837.7	ST	
9780-439841207	81660	Down and out down under	Geronimo Stilton	Geronimo Stilton  v. 29	Scholastic	2007	105p	20cm	837.7	ST	
9780-439841207	81661	Down and out down under	Geronimo Stilton	Geronimo Stilton  v. 29	Scholastic	2007	105p	20cm	837.7	ST	
9780-439841207	81662	Down and out down under	Geronimo Stilton	Geronimo Stilton  v. 29	Scholastic	2007	105p	20cm	837.7	ST	
9780-439841207	81663	Down and out down under	Geronimo Stilton	Geronimo Stilton  v. 29	Scholastic	2007	105p	20cm	837.7	ST	
9780-439841207	81664	Down and out down under	Geronimo Stilton	Geronimo Stilton  v. 29	Scholastic	2007	105p	20cm	837.7	ST	
9780-439841214	81665	The Mouse Island Marathon	Geronimo Stilton	Geronimo Stilton  30	Scholastic	2007	98p	20cm	837.7	ST	
9780-439841214	81666	The Mouse Island Marathon	Geronimo Stilton	Geronimo Stilton  30	Scholastic	2007	98p	20cm	837.7	ST	
9780-439841214	81667	The Mouse Island Marathon	Geronimo Stilton	Geronimo Stilton  30	Scholastic	2007	98p	20cm	837.7	ST	
9780-439841214	81668	The Mouse Island Marathon	Geronimo Stilton	Geronimo Stilton  30	Scholastic	2007	98p	20cm	837.7	ST	
9780-439841214	81669	The Mouse Island Marathon	Geronimo Stilton	Geronimo Stilton  30	Scholastic	2007	98p	20cm	837.7	ST	
9780-439841214	81670	The Mouse Island Marathon	Geronimo Stilton	Geronimo Stilton  30	Scholastic	2007	98p	20cm	837.7	ST	
9780-439023122	81671	The mysterious cheese thief	Geronimo Stilton	Geronimo Stilton  31	Scholastic	2007	111p	20cm	837.7	ST	
9780-439023122	81672	The mysterious cheese thief	Geronimo Stilton	Geronimo Stilton  31	Scholastic	2007	111p	20cm	837.7	ST	
9780-439023122	81673	The mysterious cheese thief	Geronimo Stilton	Geronimo Stilton  31	Scholastic	2007	111p	20cm	837.7	ST	
9780-439023122	81674	The mysterious cheese thief	Geronimo Stilton	Geronimo Stilton  31	Scholastic	2007	111p	20cm	837.7	ST	
9780-439023122	81675	The mysterious cheese thief	Geronimo Stilton	Geronimo Stilton  31	Scholastic	2007	111p	20cm	837.7	ST	
9780-545021326	81676	Valley of the giant skeletons	Geronimo Stilton	Geronimo Stilton  32	Scholastic	2006	110p	20cm	837.7	ST	
9780-545021326	81677	Valley of the giant skeletons	Geronimo Stilton	Geronimo Stilton  32	Scholastic	2006	110p	20cm	837.7	ST	
9780-545021326	81678	Valley of the giant skeletons	Geronimo Stilton	Geronimo Stilton  32	Scholastic	2006	110p	20cm	837.7	ST	
9780-545021326	81679	Valley of the giant skeletons	Geronimo Stilton	Geronimo Stilton  32	Scholastic	2006	110p	20cm	837.7	ST	
9780-545021326	81680	Valley of the giant skeletons	Geronimo Stilton	Geronimo Stilton  32	Scholastic	2006	110p	20cm	837.7	ST	
9780-545021333	81681	Geronimo and the gold medal mystery	Geronimo Stilton	Geronimo Stilton  33	Scholastic	2007	87p	20cm	837.7	ST	
9780-545021333	81682	Geronimo and the gold medal mystery	Geronimo Stilton	eronimo Stilton  33	Scholastic	2007	87p	20cm	837.7	ST	
9780-545021333	81683	Geronimo and the gold medal mystery	Geronimo Stilton	eronimo Stilton  33	Scholastic	2007	87p	20cm	837.7	ST	
9780-545021333	81684	Geronimo and the gold medal mystery	Geronimo Stilton	eronimo Stilton  33	Scholastic	2007	87p	20cm	837.7	ST	
9780-545021340	81685	Geronimo Stilton  sceret agent	Geronimo Stilton	Geronimo Stilton  34	Scholastic	2007	109p	20cm	837.7	ST	
9780-545021340	81686	Geronimo Stilton  sceret agent	Geronimo Stilton	Geronimo Stilton  34	Scholastic	2007	109p	20cm	837.7	ST	
9780-545021340	81687	Geronimo Stilton  sceret agent	Geronimo Stilton	Geronimo Stilton  34	Scholastic	2007	109p	20cm	837.7	ST	
9780-545021340	81688	Geronimo Stilton  sceret agent	Geronimo Stilton	Geronimo Stilton  34	Scholastic	2007	109p	20cm	837.7	ST	
9780-545021340	81689	Geronimo Stilton  sceret agent	Geronimo Stilton	Geronimo Stilton  34	Scholastic	2007	109p	20cm	837.7	ST	
9780-545021357	81690	A very merry Christmas	Geronimo Stilton	Geronimo Stilton  35	Scholastic	2007	102p	20cm	837.7	ST	
9780-545021357	81691	A very merry Christmas	Geronimo Stilton	Geronimo Stilton  35	Scholastic	2007	102p	20cm	837.7	ST	
9780-545021357	81692	A very merry Christmas	Geronimo Stilton	Geronimo Stilton  35	Scholastic	2007	102p	20cm	837.7	ST	
9780-545021357	81693	A very merry Christmas	Geronimo Stilton	Geronimo Stilton  35	Scholastic	2007	102p	20cm	837.7	ST	
9780-545021357	81694	A very merry Christmas	Geronimo Stilton	Geronimo Stilton  35	Scholastic	2007	102p	20cm	837.7	ST	
9780-545021364	81695	Geronimo's valentine	Geronimo Stilton	Geronimo Stilton  36	Scholastic	2009	103p	20cm	837.7	ST	
9780-545021364	81696	Geronimo's valentine	Geronimo Stilton	Geronimo Stilton  36	Scholastic	2009	103p	20cm	837.7	ST	
9780-545021364	81697	Geronimo's valentine	Geronimo Stilton	Geronimo Stilton  36	Scholastic	2009	103p	20cm	837.7	ST	
9780-545021364	81698	Geronimo's valentine	Geronimo Stilton	Geronimo Stilton  36	Scholastic	2009	103p	20cm	837.7	ST	
9780-545021364	81699	Geronimo's valentine	Geronimo Stilton	Geronimo Stilton  36	Scholastic	2009	103p	20cm	837.7	ST	
9780-545021371	81700	The race across America	Geronimo Stilton	Geronimo Stilton  37	Scholastic	2009	110p	20cm	837.7	ST	
9780-545021371	81701	The race across America	Geronimo Stilton	Geronimo Stilton  37	Scholastic	2009	110p	20cm	837.7	ST	
9780-545021371	81702	The race across America	Geronimo Stilton	Geronimo Stilton  37	Scholastic	2009	110p	20cm	837.7	ST	
9780-545021371	81703	The race across America	Geronimo Stilton	Geronimo Stilton  37	Scholastic	2009	110p	20cm	837.7	ST	
9780-545021371	81704	The race across America	Geronimo Stilton	Geronimo Stilton  37	Scholastic	2009	110p	20cm	837.7	ST	
9780-545021388	81705	A fabumouse school adventure	Geronimo Stilton	Geronimo Stilton  38	Scholastic	2007	111p	20cm	837.7	ST	
9780-545021388	81706	A fabumouse school adventure	Geronimo Stilton	Geronimo Stilton  38	Scholastic	2007	111p	20cm	837.7	ST	
9780-545021388	81707	A fabumouse school adventure	Geronimo Stilton	Geronimo Stilton  38	Scholastic	2007	111p	20cm	837.7	ST	
9780-545021388	81708	A fabumouse school adventure	Geronimo Stilton	Geronimo Stilton  38	Scholastic	2007	111p	20cm	837.7	ST	
9780-545021388	81709	A fabumouse school adventure	Geronimo Stilton	Geronimo Stilton  38	Scholastic	2007	111p	20cm	837.7	ST	
9780-545103688	81710	Singing sensation	Geronimo Stilton	Geronimo Stilton  39	Scholastic	2007	107p	20cm	837.7	ST	
9780-545103688	81711	Singing sensation	Geronimo Stilton	Geronimo Stilton  39	Scholastic	2007	107p	20cm	837.7	ST	
9780-545103688	81712	Singing sensation	Geronimo Stilton	Geronimo Stilton  39	Scholastic	2007	107p	20cm	837.7	ST	
9780-545103688	81713	Singing sensation	Geronimo Stilton	Geronimo Stilton  39	Scholastic	2007	107p	20cm	837.7	ST	
9780-545103688	81714	Singing sensation	Geronimo Stilton	Geronimo Stilton  39	Scholastic	2007	107p	20cm	837.7	ST	
9780-545103695	81715	The Karate mouse	Geronimo Stilton	Geronimo Stilton  40	Scholastic	2005	100p	20cm	837.7	ST	
9780-545103695	81716	The Karate mouse	Geronimo Stilton	Geronimo Stilton  40	Scholastic	2005	100p	20cm	837.7	ST	
9780-545103695	81717	The Karate mouse	Geronimo Stilton	Geronimo Stilton  40	Scholastic	2005	100p	20cm	837.7	ST	
9780-545103695	81718	The Karate mouse	Geronimo Stilton	Geronimo Stilton  40	Scholastic	2005	100p	20cm	837.7	ST	
9780-545103695	81719	The Karate mouse	Geronimo Stilton	Geronimo Stilton  40	Scholastic	2005	100p	20cm	837.7	ST	
9780-545103718	81720	Mighty Mount Kilimanjaro	Geronimo Stilton	Geronimo Stilton  41	Scholastic	2010	109p	20cm	837.7	ST	
9780-545103718	81721	Mighty Mount Kilimanjaro	Geronimo Stilton	Geronimo Stilton  41	Scholastic	2010	109p	20cm	837.7	ST	
9780-545103718	81722	Mighty Mount Kilimanjaro	Geronimo Stilton	Geronimo Stilton  41	Scholastic	2010	109p	20cm	837.7	ST	
9780-545103718	81723	Mighty Mount Kilimanjaro	Geronimo Stilton	Geronimo Stilton  41	Scholastic	2010	109p	20cm	837.7	ST	
9780-545103718	81724	Mighty Mount Kilimanjaro	Geronimo Stilton	Geronimo Stilton  41	Scholastic	2010	109p	20cm	837.7	ST	
9780-545103725	81725	The peculiar pumpkin thief	Geronimo Stilton	Geronimo Stilton  42	Scholastic	2010	95p	20cm	837.7	ST	
9780-545103725	81726	The peculiar pumpkin thief	Geronimo Stilton	Geronimo Stilton  42	Scholastic	2010	95p	20cm	837.7	ST	
9780-545103725	81727	The peculiar pumpkin thief	Geronimo Stilton	Geronimo Stilton  42	Scholastic	2010	95p	20cm	837.7	ST	
9780-545103725	81728	The peculiar pumpkin thief	Geronimo Stilton	Geronimo Stilton  42	Scholastic	2010	95p	20cm	837.7	ST	
9780-545103725	81729	The peculiar pumpkin thief	Geronimo Stilton	Geronimo Stilton  42	Scholastic	2010	95p	20cm	837.7	ST	
9780-545103756	81730	I'm not a supermouse!	Geronimo Stilton 	Geronimo Stilton  43	Scholastic	2010	108p	20cm	837.7	ST	
9780-545103756	81731	I'm not a supermouse!	Geronimo Stilton 	Geronimo Stilton  43	Scholastic	2010	108p	20cm	837.7	ST	
9780-545103756	81732	I'm not a supermouse!	Geronimo Stilton 	Geronimo Stilton  43	Scholastic	2010	108p	20cm	837.7	ST	
9780-545103756	81733	I'm not a supermouse!	Geronimo Stilton 	Geronimo Stilton  43	Scholastic	2010	108p	20cm	837.7	ST	
9780-545103756	81734	I'm not a supermouse!	Geronimo Stilton 	Geronimo Stilton  43	Scholastic	2010	108p	20cm	837.7	ST	
9780-545103763	81735	The giant diamond robbery	Geronimo Stilton	Geronimo Stilton  44	Scholastic	2011	105p	20cm	837.7	ST	
9780-545331326	81736	Run for the hills  Geronimo!	Geronimo Stilton	Geronimo Stilton  47	Scholastic	2011	108p	20cm	837.7	ST	
9780-545331326	81737	Run for the hills  Geronimo!	Geronimo Stilton	Geronimo Stilton  47	Scholastic	2011	108p	20cm	837.7	ST	
9780-545341011	81738	The way of the samurai	Geronimo Stilton	Geronimo Stilton  49	Scholastic	2012	106p	20cm	837.7	ST	
9780-545341011	81739	The way of the samurai	Geronimo Stilton	Geronimo Stilton  49	Scholastic	2012	106p	20cm	837.7	ST	
9780-545341011	81740	The way of the samurai	Geronimo Stilton	Geronimo Stilton  49	Scholastic	2012	106p	20cm	837.7	ST	
9780-545341011	81741	The way of the samurai	Geronimo Stilton	Geronimo Stilton  49	Scholastic	2012	106p	20cm	837.7	ST	
9780-545341035	81742	The enormouse pearl heist	Geronimo Stilton	Geronimo Stilton  51	Scholastic	2012	109p	20cm	837.7	ST	
9780-545341035	81743	The enormouse pearl heist	Geronimo Stilton	Geronimo Stilton  51	Scholastic	2012	109p	20cm	837.7	ST	
9780-545341035	81744	The enormouse pearl heist	Geronimo Stilton	Geronimo Stilton  51	Scholastic	2012	109p	20cm	837.7	ST	
9780-545341035	81745	The enormouse pearl heist	Geronimo Stilton	Geronimo Stilton  51	Scholastic	2012	109p	20cm	837.7	ST	
9780-545341035	81746	The enormouse pearl heist	Geronimo Stilton	Geronimo Stilton  51	Scholastic	2012	109p	20cm	837.7	ST	
9780-545481915	81747	Mouse in space!	Geronimo Stilton	Geronimo Stilton  52	Scholastic	2013	107	20cm	837.7	ST	
9780-545481915	81748	Mouse in space!	Geronimo Stilton	Geronimo Stilton  52	Scholastic	2013	107	20cm	837.7	ST	
9780-545481915	81749	Mouse in space!	Geronimo Stilton	Geronimo Stilton  52	Scholastic	2013	107	20cm	837.7	ST	
9780-545481915	81750	Mouse in space!	Geronimo Stilton	Geronimo Stilton  52	Scholastic	2013	107	20cm	837.7	ST	
9780-545481946	81751	Get into gear  Stilton!	Geronimo Stilton	Geronimo Stilton  54	Scholastic	2013	106p	20cm	837.7	ST	
9780-545481946	81752	Get into gear  Stilton!	Geronimo Stilton	Geronimo Stilton  54	Scholastic	2013	106p	20cm	837.7	ST	
9780-545556293	81753	The golden statue plot	Geronimo Stilton	Geronimo Stilton  55	Scholastic	2013	106p	20cm	837.7	ST	
9780-545556293	81754	The golden statue plot	Geronimo Stilton	Geronimo Stilton  55	Scholastic	2013	106p	20cm	837.7	ST	
9780-545556309	81755	Flight of the Red Bandit	Geronimo Stilton	Geronimo Stilton  56	Scholastic	2014	107p	20cm	837.7	ST	
9780-545556309	81756	Flight of the Red Bandit	Geronimo Stilton	Geronimo Stilton  56	Scholastic	2014	107p	20cm	837.7	ST	
9780-545556309	81757	Flight of the Red Bandit	Geronimo Stilton	Geronimo Stilton  56	Scholastic	2014	107p	20cm	837.7	ST	
9780-545556316	81758	The Stinky Cheese Vacation	Geronimo Stilton	Geronimo Stilton  57	Scholastic	2014	105p	20cm 9780545556316	837.7	ST	
9780-545556316	81759	The Stinky Cheese Vacation	Geronimo Stilton	Geronimo Stilton  57	Scholastic	2014	105p	20cm 9780545556316	837.7	ST	
9780-545556316	81760	The Stinky Cheese Vacation	Geronimo Stilton	Geronimo Stilton  57	Scholastic	2014	105p	20cm 9780545556316	837.7	ST	
9780-545447744	81761	Cavemice : the stone of fire	Geronimo Stilton	Geronimo Stilton  1	Scholastic	2013	115p	20cm	837.7	ST	
9780-545447744	81762	Cavemice : the stone of fire	Geronimo Stilton	Geronimo Stilton  1	Scholastic	2013	115p	20cm	837.7	ST	
9780-545447744	81763	Cavemice : the stone of fire	Geronimo Stilton	Geronimo Stilton  1	Scholastic	2013	115p	20cm	837.7	ST	
9780-545447744	81764	Cavemice : the stone of fire	Geronimo Stilton	Geronimo Stilton  1	Scholastic	2013	115p	20cm	837.7	ST	
9780-545447751	81765	Cavemice : watch your tail!	Geronimo Stilton	Geronimo Stilton  2	Scholastic	2013	114p	20cm	837.7	ST	
9780-545447751	81766	Cavemice : watch your tail!	Geronimo Stilton	Geronimo Stilton  2	Scholastic	2013	114p	20cm	837.7	ST	
9780-545447744	81767	Cavemice : the stone of fire	Geronimo Stilton	Geronimo Stilton  1	Scholastic	2013	115p	20cm	837.7	ST	
9780-545447751	81768	Cavemice : watch your tail!	Geronimo Stilton	Geronimo Stilton  2	Scholastic	2013	114p	20cm	837.7	ST	
9780-545447751	81769	Cavemice : watch your tail!	Geronimo Stilton	Geronimo Stilton  2	Scholastic	2013	114p	20cm	837.7	ST	
9780-545447751	81770	Cavemice : watch your tail!	Geronimo Stilton	Geronimo Stilton  2	Scholastic	2013	114p	20cm	837.7	ST	
9780-545447744	81771	Cavemice : the stone of fire	Geronimo Stilton	Geronimo Stilton  1	Scholastic	2013	115p	20cm	837.7	ST	
9780-545656016	81772	Thea Stilton and the missing myth	Geronimo Stilton	Geronimo Stilton	Scholastic	2014	158p	20cm	837.7	ST	
9780-545656016	81773	Thea Stilton and the missing myth	Geronimo Stilton	Geronimo Stilton	Scholastic	2014	158p	20cm	837.7	ST	
9780-060534509	81774	The High-Rise Private Eyes : the case of the baffled bear	Cynthia Rylant	An I Can Read BOOK	HarperCollins	2004	48p	22cm	837.7	IC	
9780-060510923	81775	Grandpa Spanielson's Chicken PoxStories story #1 : The octopus	Denys Cazet	An I Can Read Book	HarperCollins	2005	46p	22cm	837.7	IC	
9780-060544676	81776	Amazing Whales!	Sarah L. Thomson	An I Can Reaqd Book	HarperCollins	2005	1vol	22cm	837.7	IC	
9780-060544676	81777	Amazing Whales!	Sarah L. Thomson	An I Can Reaqd Book	HarperCollins	2005	1vol	22cm	837.7	IC	
9780-060080532	81778	Hanukkah lights : holiday poetry	Bennett Hopkins	An I Can Read Book	HarperCollins	2004	28p	22cm	837.7	IC	
9780-060080532	81779	Hanukkah lights : holiday poetry	Bennett Hopkins	An I Can Read Book	HarperCollins	2004	28p	22cm	837.7	IC	
9780-060080532	81780	Hanukkah lights : holiday poetry	Bennett Hopkins	An I Can Read Book	HarperCollins	2004	28p	22cm	837.7	IC	
9786-594003993	81781	Stuart Little : Stuart hides out	Susan Hill	An I Can Read Book	HarperCollins	2001	32p	22cm	837.7	IC	
9786-594003993	81782	Who's Afraid of the Dark?	Crosby Bonsall	An I Can Read Book	HarperCollins	2002	32p	22cm	837.7	IC	
9786-594004990	81783	Digby	Barbara Shook Hazen	An I Can Read Book	HarperCollins	1997	32p	22cm	837.7	IC	
9786-594003993	81784	Dinosaur Time	Peggy Parish	An I Can Read Book	HarperCollins	1974	30p	22cm	837.7	IC	
9780-064435970	81785	Drip  Drop	Sarah Weeks	An I Can Read Book	HarperCollins	2002	32p	22cm	837.7	IC	
9786-594003993	81786	Morris the Moose	B. Wiseman	An I Can Read Book	HarperCollins	1991	32p	22cm	837.7	IC	
9780-064441469	81787	Morris the Moose	B. Wiseman	An I Can Read Book	HarperCollins	1989	32p	22cm	837.7	IC	
9786-594003993	81788	Grandmas Trick-or－Treat	Arnold McCully	An I Can Read Book	HarperCollins	2002	47p	22cm	837.7	IC	
9780-064441735	81789	Two Silly Trolls	Nancy Jewell	An I Can Read Book	HarperCollins	1994	64p	22cm	837.7	IC	
9786-594003955	81790	The High-Rise Private Eyes #3 : the case of thePuzzling Possum	Cynthia Rylant	An I Can Read Book	HarperCollins	2002	48p	22cm	837.7	IC	
9786-594003955	81791	The High-Rise Private Eyes #3 : the case of thePuzzling Possum	Cynthia Rylant	An I Can Read Book	HarperCollins	2002	48p	22cm	837.7	IC	
