ISBN,登録番号,受入日,title,書名かな,副書名,副書名かな,series,叢書名等かな,著者名,著者名かな,媒体種別,分類記号,図書記号,巻冊記号,出版社,版年,頁数,判型,本体価格,TRCMARCNO,内容紹介,件名,財源,受入先,価格,保管場所,別置記号,備考,付記事項,注記,除籍フラグ,除籍年月日,除籍番号,除籍理由,不明図書フラグ,不明日,不明理由,未点検回数,帯出禁止フラグ,バーコード印刷済フラグ,背ラベル印刷済フラグ,任意項目,
9780-194230612,81343,2024/09/13,The Dead of Jericho,,,,Oxford Booksworms Library 6,,Colin Dexter,,,837.7,OX,,Oxford University Press,2000,120,20cm,,,,,寄贈,寄贈者,,英語多読図書,,,,YL4.5/5.0　27170words,False,,,,False,,,,False,False,True,,
9780-194230711,81344,2024/09/13,King's Ransom,,,,Oxford Booksworms Library 6,,Ed McBain,,,837.7,OX,,Oxford University Press,2000,104,20cm,,,,,寄贈,寄贈者,,英語多読図書,,,,YL4.5/5.0 24330words,False,,,,False,,,,False,False,True,,
9780-194792158,81345,2024/09/13,The Accidental Tourist,,,,Oxford Bookworms Library Stage 5,,Anne Tyler,,,837.7,OX,,Oxford Unniversity Press,2004,104p,20cm,,,,,寄贈,寄贈者,,英語多読図書,,,,YL4.5/5.0 24810words,False,,,,False,,,,False,False,True,,
9780-194792233,81346,2024/09/13,Far from the Madding Crowd,,,,Oxford Booksworms Library Stage 5,,Thomas Hardy,,,837.7,OX,,Oxford University Press,1992,104p,20cm,,,,,寄贈,寄贈者,,英語多読図書,,,,YL4.5/5.0 24490words,False,,,,False,,,,False,False,True,,
9788-877548603,81347,2024/09/13,A tale of two cities,,,,Reading and training  intermediate,,Charles Dickens,,,837.7,RE,,Black Cat,2002,160p,21cm,,,,,寄贈,寄贈者,,英語多読図書,,,,YL4.5　13700words,False,,,,False,,,,False,False,True,,
9788-877548603,81348,2024/09/13,A tale of two cities,,,,Reading and training  intermediate,,Charles Dickens,,,837.7,RE,,Black Cat,2002,160p,21cm,,,,,寄贈,寄贈者,,英語多読図書,,,,YL4.5　13700words,False,,,,False,,,,False,False,True,,
9788-853001702,81349,2024/09/13,Sons and lovers,,,,Reading and training  intermediate,,D. H. Lawrence,,,837.7,RE,,Black Cat,2005,144p,21cm,,,,,寄贈,寄贈者,,英語多読図書,,,,YL4.5/5.5 15300words,False,,,,False,,,,False,False,True,,
9788-853001702,81350,2024/09/13,Sons and lovers,,,,Reading and training  intermediate,,D. H. Lawrence,,,837.7,RE,,Black Cat,2005,144p,21cm,,,,,寄贈,寄贈者,,英語多読図書,,,,YL4.5/5.5 15300words,False,,,,False,,,,False,False,True,,
9788-853001702,81351,2024/09/13,Sons and lovers,,,,Reading and training  intermediate,,D. H. Lawrence,,,837.7,RE,,Black Cat,2005,144p,21cm,,,,,寄贈,寄贈者,,英語多読図書,,,,YL4.5/5.5 15300words,False,,,,False,,,,False,False,True,,
9788-853001702,81352,2024/09/13,Sons and lovers,,,,Reading and training  intermediate,,D. H. Lawrence,,,837.7,RE,,Black Cat,2005,144p,21cm,,,,,寄贈,寄贈者,,英語多読図書,,,,YL4.5/5.5 15300words,False,,,,False,,,,False,False,True,,
9788-853003874,81353,2024/09/13,Sense and sensibility,,,,Reading and training Step 5,,Jane Austen,,,837.7,RE,,Black Cat,2006,128p,21cm,,,,,寄贈,寄贈者,,英語多読図書,,,,YL4.5/5.5 17000words,False,,,,False,,,,False,False,True,,
9788-853003874,81354,2024/09/13,Sense and sensibility,,,,Reading and training Step 5,,Jane Austen,,,837.7,RE,,Black Cat,2006,128p,21cm,,,,,寄贈,寄贈者,,英語多読図書,,,,YL4.5/5.5 17000words,False,,,,False,,,,False,False,True,,
9788-853003874,81355,2024/09/13,Sense and sensibility,,,,Reading and training Step 5,  ,Jane Austen,,,837.7,RE,,Black Cat,2006,128p,21cm,,,,,寄贈,寄贈者,,英語多読図書,,,,YL4.5/5.5 17000words,False,,,,False,,,,False,False,True,,
9788-853003874,81356,2024/09/13,Sense and sensibility,,,,Reading and training Step 5,  ,Jane Austen,,,837.7,RE,,Black Cat,2006,128p,21cm,,,,,寄贈,寄贈者,,英語多読図書,,,,YL4.5/5.5 17000words,False,,,,False,,,,False,False,True,,
9788-853008411,81357,2024/09/13,Robinson Crusoe,,,,Reading and training  Step 5,,Daniel Defoe,,,837.7,RE,,Black Cat,2008,143p,21cm,,,,,寄贈,寄贈者,,英語多読図書,,,,YL4.5-55　14000words,False,,,,False,,,,False,False,True,,
9788-853001252,81358,2024/09/13,Robinson Crusoe,,,,Reading and training  intermediate,,Daniel Defoe,,,837.7,RE,,Black Cat,2003,144p,21cm,,,,,寄贈,寄贈者,,英語多読図書,,,,YL4.5-5.5 14000words,False,,,,False,,,,False,False,True,,
9788-853001252,81359,2024/09/13,Robinson Crusoe,,,,Reading and training  intermediate,,Daniel Defoe,,,837.7,RE,,Black Cat,2003,144p,21cm,,,,,寄贈,寄贈者,,英語多読図書,,,,YL4.5-5.5 14000words,False,,,,False,,,,False,False,True,,
9788-853001252,81360,2024/09/13,Robinson Crusoe,,,,Reading and training  intermediate,,Daniel Defoe,,,837.7,RE,,Black Cat,2003,144p,21cm,,,,,寄贈,寄贈者,,英語多読図書,,,,YL4.5-5.5 14000words,False,,,,False,,,,False,False,True,,
9788-853001252,81361,2024/09/13,Robinson Crusoe,,,,Reading and training  intermediate,,Daniel Defoe,,,837.7,RE,,Black Cat,2003,144p,21cm,,,,,寄贈,寄贈者,,英語多読図書,,,,YL4.5-5.5 14000words,False,,,,False,,,,False,False,True,,
9788-877549341,81362,2024/09/13,Silas Marner,,,,Reading and training  upper-intermediate,,George Eliot,,,837.7,RE,,Black Cat,2003,112p,21cm,,,,,寄贈,寄贈者,,英語多読図書,,,,YL5.5-6.5 14639w,False,,,,False,,,,False,False,True,,
9788-877549341,81363,2024/09/13,Silas Marner,,,,Reading and training  upper-intermediate,,George Eliot,,,837.7,RE,,Black Cat,2003,112p,21cm,,,,,寄贈,寄贈者,,英語多読図書,,,,YL5.5-6.5 14639w,False,,,,False,,,,False,False,True,,
9788-853001764,81364,2024/09/13,Gothic short stories,,,,Reading and training  intermediate,,W. W. Jacobs ... [et al.],,,837.7,RE,,Black Cat,2004,128p,21cm,,,,,寄贈,寄贈者,,英語多読図書,,,,BCT5 YL4.5-5.5 11800w,False,,,,False,,,,False,False,True,,
9788-877547798,81365,2024/09/13,The murders in the Rue Morgue and the purloined letter,,,,Reading and training  intermediate,,Edgar Allan Poe,,,837.7,RE,,Black Cat,1999,112p,21cm,,,,,寄贈,寄贈者,,英語多読図書,,,,BCT5 YL4.5-5.5 12200,False,,,,False,,,,False,False,True,,
9788-877547798,81366,2024/09/13,The murders in the Rue Morgue and the purloined letter,,,,Reading and training  intermediate,,Edgar Allan Poe,,,837.7,RE,,Black Cat,1999,112p,21cm,,,,,寄贈,寄贈者,,英語多読図書,,,,BCR5 YL4.5 12200w,False,,,,False,,,,False,False,True,,
9788-877549341,81367,2024/09/13,Silas Marner,,,,Reading and training  upper-intermediate,,George Eliot,,,837.7,RE,,Black Cat,2003,112p,21cm,,,,,寄贈,寄贈者,,英語多読図書,,,,BCT6 YL5.5-6.5 14639w,False,,,,False,,,,False,False,True,,
9788-877547798,81368,2024/09/13,The murders in the Rue Morgue and the purloined letter,,,,Reading and training  intermediate,,Edgar Allan Poe,,,837.7,RE,,Black Cat,1999,112p,21cm,,,,,寄贈,寄贈者,,英語多読図書,,,,BCT5 YL4.5-5.5 12200w,False,,,,False,,,,False,False,True,,
9788-853007667,81369,2024/09/13,The murders in the Rue Morgue ; and  The purloined letter,,,,Reading and training  step 5  B2.2,,Edgar Allan Poe,,,837.7,RE,,Black Cat,2007,111p,21cm,,,,,寄贈,寄贈者,,英語多読図書,,,,BCT5 YL4.5-5.5 12200w,False,,,,False,,,,False,False,True,,
9788-877547996,81370,2024/09/13,Wuthering heights,,,,Reading and training  upper-intermediate,,Emily Bronte,,,837.7,RE,,Black Cat,2002,128p,21cm,,,,,寄贈,寄贈者,,英語多読図書,,,,BCT6 YL5.5-6.5 25300W,False,,,,False,,,,False,False,True,,
9788-877547996,81371,2024/09/13,Wuthering heights,,,,Reading and training  Step Six C1,,Emily Bronte,,,837.7,RE,,Black Cat,2002,128p,21cm,,,,,寄贈,寄贈者,,英語多読図書,,,,BCR6 YL5.5 25300w,False,,,,False,,,,False,False,True,,
9788-877547996,81372,2024/09/13,Wuthering heights,,,,Reading and training  Step Six C1,,Emily Bronte,,,837.7,RE,,Black Cat,2002,128p,21cm,,,,,寄贈,寄贈者,,英語多読図書,,,,BCT6 YL5.5-6.5 25300w,False,,,,False,,,,False,False,True,,
9788-853003249,81373,2024/09/13,Wuthering heights,,,,Reading and training  Step 5 B2.2,,Emily Bronte,,,837.7,RE,,Black Cat,2006,143p,21cm,,,,,寄贈,寄贈者,,英語多読図書,,,,BCR5 YL4.5 19000w,False,,,,False,,,,False,False,True,,
9788-877547996,81374,2024/09/13,Wuthering heights,,,,Reading and training  Step Six C1,,Emily Bronte,,,837.7,RE,,Black Cat,2002,128p,21cm,,,,,寄贈,寄贈者,,英語多読図書,,,,BCR6 YL5.5 25300w,False,,,,False,,,,False,False,True,,
9788-877547996,81375,2024/09/13,Wuthering heights,,,,Reading and training  Step Six C1,,Emily Bronte,,,837.7,RE,,Black Cat,2002,128p,21cm,,,,,寄贈,寄贈者,,英語多読図書,,,,BCR6 YL5.5 25300w,False,,,,False,,,,False,False,True,,
9788-853005687,81376,2024/09/13,Wuthering heights,,,,Reading and training  Step Six C1,,Emily Bronte,,,837.7,RE,,Black Cat,2006,142p,21cm,,,,,寄贈,寄贈者,,英語多読図書,,,,BCT6 YL5.5-6.5 25300w,False,,,,False,,,,False,False,True,,
9788-853005687,81377,2024/09/13,Wuthering heights,,,,Reading and training  Step Six C1,,Emily Bronte,,,837.7,RE,,Black Cat,2006,142p,21cm,,,,,寄贈,寄贈者,,英語多読図書,,,,BCT6 YL5.5-6.5 25300w,False,,,,False,,,,False,False,True,,
9788-853005687,81378,2024/09/13,Wuthering heights,,,,Reading and training  Step 6 C1,,Emily Bronte,,,837.7,RE,,Black Cat,2006,142p,21cm,,,,,寄贈,寄贈者,,英語多読図書,,,,BCT6 YL5.5-6.5 25300w,False,,,,False,,,,False,False,True,,
,81379,2024/09/13,The great Gatsby,,,,Reading and training  step 5,,F. Scott Fitzgerald,,,837.7,RE,,Black Cat,2007,159p,21cm,,,,,寄贈,寄贈者,,英語多読図書,,,,BCT5 YL4.5-5.5 21000w,False,,,,False,,,,False,False,True,,
9788-877549341,81380,2024/09/13,Silas Marner,,,,Reading and training  upper-intermediate,,George Eliot,,,837.7,RE,,Black Cat,2003,112p,21cm,,,,,寄贈,寄贈者,,英語多読図書,,,,BCT6 YL5.5-6.5 14639w,False,,,,False,,,,False,False,True,,
9788-853001665,81381,2024/09/13,Middlemarch,,,,Reading and training  intermediate,,George Eliot,,,837.7,RE,,Black Cat,2004,160p,21cm,,,,,寄贈,寄贈者,,英語多読図書,,,,BCR5 YL4.5 21900w,False,,,,False,,,,False,False,True,,
9788-853001665,81382,2024/09/13,Middlemarch,,,,Reading and training  intermediate,,George Eliot,,,837.7,RE,,Black Cat,2004,160p,21cm,,,,,寄贈,寄贈者,,英語多読図書,,,,BCR5 YL4.5 21900w,False,,,,False,,,,False,False,True,,
9788-853001665,81383,2024/09/13,Middlemarch,,,,Reading and training  intermediate,,George Eliot,,,837.7,RE,,Black Cat,2004,160p,21cm,,,,,寄贈,寄贈者,,英語多読図書,,,,BCR5 YL4.5 21900w,False,,,,False,,,,False,False,True,,
9788-877547989,81384,2024/09/13,The mill on the floss,,,,Reading and training  upper-intermediate,,George Eliot,,,837.7,RE,,Black Cat,2002,160p,21cm,,,,,寄贈,寄贈者,,英語多読図書,,,,BCT6 YL5.5-6.5 34500w,False,,,,False,,,,False,False,True,,
9788-877547989,81385,2024/09/13,The mill on the floss,,,,Reading and training  upper-intermediate,,George Eliot,,,837.7,RE,,Black Cat,2002,160p,21cm,,,,,寄贈,寄贈者,,英語多読図書,,,,BCT6 YL5.5-6.5 34500w,False,,,,False,,,,False,False,True,,
9788-877547989,81386,2024/09/13,The mill on the floss,,,,Reading and training  upper-intermediate,,George Eliot,,,837.7,RE,,Black Cat,2002,160p,21cm,,,,,寄贈,寄贈者,,英語多読図書,,,,BCT6 YL5.5-6.5 34500w,False,,,,False,,,,False,False,True,,
9788-853001689,81387,2024/09/13,The portrait of a lady,,,,Reading and training  Step 5,,Henry James,,,837.7,RE,,Black Cat,2006,160p,21cm,,,,,寄贈,寄贈者,,英語多読図書,,,,BCR5 YL4.5 20000w,False,,,,False,,,,False,False,True,,
9788-853001689,81388,2024/09/13,The portrait of a lady,,,,Reading and training  Step 5 B2.2,,Henry James,,,837.7,RE,,Black Cat,2006,160p,21cm,,,,,寄贈,寄贈者,,英語多読図書,,,,BCR5 YL4.5-5.5 15000w,False,,,,False,,,,False,False,True,,
9788-853001689,81389,2024/09/13,The portrait of a lady,,,,Reading and training  Step 5 B2.2,,Henry James,,,837.7,RE,,Black Cat,2006,160p,21cm,,,,,寄贈,寄贈者,,英語多読図書,,,,BCR5 YL4.5 15000w,False,,,,False,,,,False,False,True,,
9788-853001689,81390,2024/09/13,The portrait of a lady,,,,Reading and training  Step 5 B2.2,,Henry James,,,837.7,RE,,Black Cat,2006,160p,21cm,,,,,寄贈,寄贈者,,英語多読図書,,,,BCR5 YL4.5 20000w,False,,,,False,,,,False,False,True,,
9788-853001689,81391,2024/09/13,The portrait of a lady,,,,Reading and training  Step 5 B2.2,,Henry James,,,837.7,RE,,Black Cat,2006,160p,21cm,,,,,寄贈,寄贈者,,英語多読図書,,,,BCR5 YL4.5 20000w,False,,,,False,,,,False,False,True,,
9788-877549754,81392,2024/09/13,Emma,,,,Reading and training  intermediate,,Jane Austen,,,837.7,RE,,Black Cat,2003,144p,21cm,,,,,寄贈,寄贈者,,英語多読図書,,,,BCT5 YL4.5-5.5 14000w,False,,,,False,,,,False,False,True,,
9788-877549754,81393,2024/09/13,Emma,,,,Reading and training  Step 5 B2.2,Step 5 B2.2,Jane Austen,,,837.7,RE,,Black Cat,2003,144p,21cm,,,,,寄贈,寄贈者,,英語多読図書,,,,BCT5 YL4.5-5.5 14000w,False,,,,False,,,,False,False,True,,
9788-877549327,81394,2024/09/13,Tess of the d'Urbervilles,,,,Reading and training  intermediate,,Thomas Hardy,,,837.7,RE,,Black Cat,2003,160p,21cm,,,,,寄贈,寄贈者,,英語多読図書,,,,BCR5 YL4.5 21200w,False,,,,False,,,,False,False,True,,
9788-877549327,81395,2024/09/13,Tess of the d'Urbervilles,,,,Reading and training  intermediate,,Thomas Hardy,,,837.7,RE,,Black Cat,2003,160p,21cm,,,,,寄贈,寄贈者,,英語多読図書,,,,BCR5 YL4.5 21200w,False,,,,False,,,,False,False,True,,
9788-877549327,81396,2024/09/13,Tess of the d'Urbervilles,,,,Reading and training  intermediate,,Thomas Hardy,,,837.7,RE,,Black Cat,2003,160p,21cm,,,,,寄贈,寄贈者,,英語多読図書,,,,BCR5 YL4.5 21200w,False,,,,False,,,,False,False,True,,
9788-853001764,81397,2024/09/13,Gothic short stories,,,,Reading and training  Step 5 B2.2,,W. W. Jacobs ... [et al.],,,837.7,RE,,Black Cat,2004,128p,21cm,,,,,寄贈,寄贈者,,英語多読図書,,,,BCR5 YL4.5 11800w,False,,,,False,,,,False,False,True,,
9788-853001764,81398,2024/09/13,Gothic short stories,,,,Reading and training  Step 5 B2.2,,W. W. Jacobs ... [et al.],,,837.7,RE,,Black Cat,2004,128p,21cm,,,,,寄贈,寄贈者,,英語多読図書,,,,BCT5 YL4.5-5.5 11800w,False,,,,False,,,,False,False,True,,
9788-853001764,81399,2024/09/13,Gothic short stories,,,,Reading and training  Step 5 B2.2,,W. W. Jacobs ... [et al.],,,837.7,RE,,Black Cat,2004,128p,21cm,,,,,寄贈,寄贈者,,英語多読図書,,,,BCR5 YL4.5 11800w,False,,,,False,,,,False,False,True,,
9788-877549754,81400,2024/09/13,Emma,,,,Reading and training  intermediate,,Jane Austen,,,837.7,RE,,Black Cat,2003,144p,21cm,,,,,寄贈,寄贈者,,英語多読図書,,,,BCR5 YL4.5 14000w,False,,,,False,,,,False,False,True,,
9788-877549754,81401,2024/09/13,Emma,,,,Reading and training  Step 5 B2.2,Step 5 B2.2,Jane Austen,,,837.7,RE,,Black Cat,2003,144p,21cm,,,,,寄贈,寄贈者,,英語多読図書,,,,BCT5 YL4.5 14000w,False,,,,False,,,,False,False,True,,
9788-853001351,81402,2024/09/13,Pride and prejudice,,,,Reading and training  intermediate,,Jane Austen,,,837.7,RE,,Black Cat,2003,160p,21cm,,,,,寄贈,寄贈者,,英語多読図書,,,,BCR5 4.5 200000w,False,,,,False,,,,False,False,True,,
9788-853001351,81403,2024/09/13,Pride and prejudice,,,,Reading and training  intermediate,,Jane Austen,,,837.7,RE,,Black Cat,2003,160p,21cm,,,,,寄贈,寄贈者,,英語多読図書,,,,BCR5 4.5 200000w,False,,,,False,,,,False,False,True,,
9788-853001351,81404,2024/09/13,Pride and prejudice,,,,Reading and training  intermediate,,Jane Austen,,,837.7,RE,,Black Cat,2003,160p,21cm,,,,,寄贈,寄贈者,,英語多読図書,,,,BCT5 YL4.5-5.5 200000w,False,,,,False,,,,False,False,True,,
9788-877545602,81405,2024/09/13,Board games,,,,Reading and training  intermediate,,James Butler,,,837.7,RE,,Black Cat,2000,111p,21cm,,,,,寄贈,寄贈者,,英語多読図書,,,,BCR5 YL4.5 11000w,False,,,,False,,,,False,False,True,,
9788-877545602,81406,2024/09/13,Board games,,,,Reading and training  intermediate,,James Butler,,,837.7,RE,,Black Cat,2000,111p,21cm,,,,,寄贈,寄贈者,,英語多読図書,,,,BCR5 YL4.5 11000w,False,,,,False,,,,False,False,True,,
9788-853006387,81407,2024/09/13,The Canterbury tales,,,,Reading and training  step 4  B2.1,,Geoffrey Chaucer,,,837.7,RE,,Black Cat,2007,111p,21cm,,,,,寄贈,寄贈者,,英語多読図書,,,,BCT4 YL3.5-4.5 9700w,False,,,,False,,,,False,False,True,,
9788-853004833,81408,2024/09/13,The woman in white,,,,Reading and training  Step 4 B2.1,,Wilkie Collins,,,837.7,RE,,Black Cat,2007,111p,21cm,,,,,寄贈,寄贈者,,英語多読図書,,,,BCT4 YL4.5 11400w,False,,,,False,,,,False,False,True,,
9788-853004833,81409,2024/09/13,The woman in white,,,,Reading and training  Step 4 B2.1,,Wilkie Collins,,,837.7,RE,,Black Cat,2007,111p,21cm,,,,,寄贈,寄贈者,,英語多読図書,,,,BCT4 YL4.5 11400w,False,,,,False,,,,False,False,True,,
9788-853004833,81410,2024/09/13,The woman in white,,,,Reading and training  Step 4 B2.1,,Wilkie Collins,,,837.7,RE,,Black Cat,2007,111p,21cm,,,,,寄贈,寄贈者,,英語多読図書,,,,BCT4 YL4.5 11400w,False,,,,False,,,,False,False,True,,
9788-853004833,81411,2024/09/13,The woman in white,,,,Reading and training  Step 4 B2.1,,Wilkie Collins,,,837.7,RE,,Black Cat,2007,111p,21cm,,,,,寄贈,寄贈者,,英語多読図書,,,,BCT4 YL3.5-4.5 11400w,False,,,,False,,,,False,False,True,,
9788-877546012,81412,2024/09/13,Great expectations,,,,Reading and training  intermediate,,Charles Dickens,,,837.7,RE,,Black Cat,2002,159p,21cm,,,,,寄贈,寄贈者,,英語多読図書,,,,BCT5 YL4.5-5.5 21000w,False,,,,False,,,,False,False,True,,
9788-877546012,81413,2024/09/17,Great expectations,,,,Reading and training  intermediate,,Charles Dickens,,,837.7,RE,,Black Cat,2002,159p,21cm,,,,,寄贈,寄贈者,,英語多読図書,,,,BCT5 YL4.5-5.5 21000w,False,,,,False,,,,False,False,True,,
9788-877546012,81414,2024/09/17,Great expectations,,,,Reading and training  intermediate,,Charles Dickens,,,837.7,RE,,Black Cat,2002,159p,21cm,,,,,寄贈,寄贈者,,英語多読図書,,,,BCT5 YL4.5 21000w,False,,,,False,,,,False,False,True,,
9788-853000255,81415,2024/09/17,A Christmas Carol,,,,Reading and training  pre-intermediate  step 4,,Charles Dickens,,,837.7,RE,,Black Cat,2003,111p,21cm,,,,,寄贈,寄贈者,,英語多読図書,,,,BCR4 YL4.5 9000w,False,,,,False,,,,False,False,True,,
9788-853000255,81416,2024/09/17,A Christmas Carol,,,,Reading and training  pre-intermediate  step 4,,Charles Dickens,,,837.7,RE,,Black Cat,2003,111p,21cm,,,,,寄贈,寄贈者,,英語多読図書,,,,BCR4 YL4.5 9000w,False,,,,False,,,,False,False,True,,
9788-853000255,81417,2024/09/17,A Christmas Carol,,,,Reading and training  pre-intermediate  step 4,,Charles Dickens,,,837.7,RE,,Black Cat,2003,111p,21cm,,,,,寄贈,寄贈者,,英語多読図書,,,,BCR4 YL4.5 9000w,False,,,,False,,,,False,False,True,,
9788-853000255,81418,2024/09/17,A Christmas Carol,,,,Reading and training  pre-intermediate  step 4,,Charles Dickens,,,837.7,RE,,Black Cat,2003,111p,21cm,,,,,寄贈,寄贈者,,英語多読図書,,,,BCR4 YL4.5 9000w,False,,,,False,,,,False,False,True,,
9788-877549341,81419,2024/09/17,Silas Marner,,,,Reading and training  Step6　C1,,George Eliot,,,837.7,RE,,Black Cat,2003,112p,21cm,,,,,寄贈,寄贈者,,英語多読図書,,,,,False,,,,False,,,,False,False,True,,
9788-877547590,81420,2024/09/17,The problem of cell 13,,,,Reading and training  intermediate,,Jacques Futrelle,,,837.7,RE,,Black Cat,1999,96p,21cm,,,,,寄贈,寄贈者,,英語多読図書,,,,,False,,,,False,,,,False,False,True,,
9788-853000903,81421,2024/09/17,The scarlet letter,,,,Reading and training  intermediate,,Nathaniel Hawthorne ,,,837.7,RE,,Black Cat,2004,159p,21cm,,,,,寄贈,寄贈者,,英語多読図書,,,,,False,,,,False,,,,False,False,True,,
9788-853003331,81422,2024/09/17,Pamela,,,,Reading and training  Step 5 B2.2,,Samuel Richardson,,,837.7,RE,,Black Cat,2006,144p,21cm,,,,,寄贈,寄贈者,,英語多読図書,,,,,False,,,,False,,,,False,False,True,,
9788-853003331,81423,2024/09/17,Pamela,,,,Reading and training  Step 5 B2.2, ,Samuel Richardson,,,837.7,RE,,Black Cat,2006,144p,21cm,,,,,寄贈,寄贈者,,英語多読図書,,,,,False,,,,False,,,,False,False,True,,
9788-853003331,81424,2024/09/17,Pamela,,,,Reading and training  Step 5 B2.2, ,Samuel Richardson,,,837.7,RE,,Black Cat,2006,144p,21cm,,,,,寄贈,寄贈者,,英語多読図書,,,,,False,,,,False,,,,False,False,True,,
9788-877549327,81425,2024/09/17,Tess of the d'Urbervilles,,,,Reading and training  intermediate,,Thomas Hardy,,,837.7,RE,,Black Cat,2003,160p,21cm,,,,,寄贈,寄贈者,,英語多読図書,,,,,False,,,,False,,,,False,False,True,,
9788-877549327,81426,2024/09/17,Tess of the d'Urbervilles,,,,Reading and training  intermediate,,Thomas Hardy,,,837.7,RE,,Black Cat,2003,160p,21cm,,,,,寄贈,寄贈者,,英語多読図書,,,,,False,,,,False,,,,False,False,True,,
9788-853000903,81427,2024/09/18,The scarlet letter,,,,Reading and training  Step5 B2.2,,Nathaniel Hawthorne,,,837.7,RE,,Black Cat,2004,159p,21cm,,,,,寄贈,寄贈者,,英語多読図書,,,,,False,,,,False,,,,False,False,True,,
9788-853000903,81428,2024/09/18,The scarlet letter,,,,Reading and training  Step5 B2.2,,Nathaniel Hawthorne,,,837.7,RE,,Black Cat,2004,159p,21cm,,,,,寄贈,寄贈者,,英語多読図書,,,,,False,,,,False,,,,False,False,True,,
9788-853001337,81429,2024/09/18,Washington Square,,,,Reading and training  pre-intermediate,,Henry James,,,837.7,RE,,Black Cat,2003,160p,21cm,,,,,寄贈,寄贈者,,英語多読図書,,,,,False,,,,False,,,,False,False,True,,
9788-853001337,81430,2024/09/18,Washington Square,,,,Reading and training  pre-intermediate,,Henry James,,,837.7,RE,,Black Cat,2003,160p,21cm,,,,,寄贈,寄贈者,,英語多読図書,,,,,False,,,,False,,,,False,False,True,,
9788-877547972,81431,2024/09/18,Le morte d'Arthur,,,,Reading and training  pre-intermediate,,Sir Thomas Malory,,,837.7,RE,,Black Cat,2002,144p,21cm,,,,,寄贈,寄贈者,,英語多読図書,,,,,False,,,,False,,,,False,False,True,,
9788-877547972,81432,2024/09/18,Le morte d'Arthur,,,,Reading and training  pre-intermediate,,Sir Thomas Malory,,,837.7,RE,,Black Cat,2002,144p,21cm,,,,,寄贈,寄贈者,,英語多読図書,,,,,False,,,,False,,,,False,False,True,,
9788-877547972,81433,2024/09/18,Le morte d'Arthur,,,,Reading and training  pre-intermediate,,Sir Thomas Malory,,,837.7,RE,,Black Cat,2002,144p,21cm,,,,,寄贈,寄贈者,,英語多読図書,,,,,False,,,,False,,,,False,False,True,,
9788-877547965,81434,2024/09/18,The tragedy of Dr Faustus,,,,Reading and training  pre-intermediate,,Christopher Marlowe,,,837.7,RE,,Black Cat,2002,128p,21cm,,,,,寄贈,寄贈者,,英語多読図書,,,,,False,,,,False,,,,False,False,True,,
9788-877547965,81435,2024/09/18,The tragedy of Dr Faustus,,,,Reading and training  pre-intermediate,,Christopher Marlowe,,,837.7,RE,,Black Cat,2002,128p,21cm,,,,,寄贈,寄贈者,,英語多読図書,,,,,False,,,,False,,,,False,False,True,,
9788-877547965,81436,2024/09/18,The tragedy of Dr Faustus,,,,Reading and training  pre-intermediate,,Christopher Marlowe,,,837.7,RE,,Black Cat,2002,128p,21cm,,,,,寄贈,寄贈者,,英語多読図書,,,,,False,,,,False,,,,False,False,True,,
9788-877547965,81437,2024/09/18,The tragedy of Dr Faustus,,,,Reading and training  pre-intermediate,,Christopher Marlowe,,,837.7,RE,,Black Cat,2002,128p,21cm,,,,,寄贈,寄贈者,,英語多読図書,,,,,False,,,,False,,,,False,False,True,,
9788-853000217,81438,2024/09/18,American horror : three terrifying tales,,,,Reading and training  pre-intermediate,,Edgar Allan Poe,,,837.7,RE,,Black Cat,2003,110p,21cm,,,,,寄贈,寄贈者,,英語多読図書,,,,,False,,,,False,,,,False,False,True,,
9788-853000217,81439,2024/09/18,American horror : three terrifying tales,,,,Reading and training  Step4 B2.1,Step4 B2.1,Edgar Allan Poe,,,837.7,RE,,Black Cat,2003,110p,21cm,,,,,寄贈,寄贈者,,英語多読図書,,,,,False,,,,False,,,,False,False,True,,
9788-853000217,81440,2024/09/18,American horror : three terrifying tales,,,,Reading and training  Step4 B2.1,Step4 B2.1,Edgar Allan Poe,,,837.7,RE,,Black Cat,2003,110p,21cm,,,,,寄贈,寄贈者,,英語多読図書,,,,,False,,,,False,,,,False,False,True,,
9788-853010223,81441,2024/09/18,American horror,,,,Reading and training  step 4 B2.1,,Edgar Allan Poe,,,837.7,RE,,Black Cat,2010,111p,21cm,,,,,寄贈,寄贈者,,英語多読図書,,,,,False,,,,False,,,,False,False,True,,
9788-853010223,81442,2024/09/18,American horror,,,,Reading and training  step 4 B2.1,,Edgar Allan Poe,,,837.7,RE,,Black Cat,2010,111p,21cm,,,,,寄贈,寄贈者,,英語多読図書,,,,,False,,,,False,,,,False,False,True,,
9788-853000378,81443,2024/09/18,The picture of Dorian Gray,,,,Reading and training  intermediate,,Oscar Wilde,,,837.7,RE,,Black Cat,2003,144p,21cm,,,,,寄贈,寄贈者,,英語多読図書,,,,,False,,,,False,,,,False,False,True,,
9788-853000279,81444,2024/09/18,Dracula,,,,Reading and training  pre-intermediate  step 4,,Bram Stoker,,,837.7,RE,,Black Cat,2003,128p,21cm,,,,,寄贈,寄贈者,,英語多読図書,,,,,False,,,,False,,,,False,False,True,,
9788-853000279,81445,2024/09/18,Dracula,,,,Reading and training  pre-intermediate  step 4,,Bram Stoker,,,837.7,RE,,Black Cat,,128p,21cm,,,,,寄贈,寄贈者,,英語多読図書,,,,,False,,,,False,,,,False,False,True,,
9788-853001405,81446,2024/09/19,Wicked and humorous tales,,,,Reading and training  pre-intermediate  step 4,,Saki,,,837.7,RE,,Black Cat,2004,128p,21cm,,,,,寄贈,寄贈者,,英語多読図書,,,,,False,,,,False,,,,False,False,True,,
9788-877547958,81447,2024/09/19,Beowulf,,,,Reading and training  pre-intermediate,,Victoria Spence,,,837.7,RE,,Black Cat,2002,112p,21cm,,,,,寄贈,寄贈者,,英語多読図書,,,,,False,,,,False,,,,False,False,True,,
9788-877547958,81448,2024/09/19,Beowulf,,,,Reading and training  pre-intermediate,,Victoria Spence,,,837.7,RE,,Black Cat,2002,112p,21cm,,,,,寄贈,寄贈者,,英語多読図書,,,,,False,,,,False,,,,False,False,True,,
9788-877547958,81449,2024/09/19,Beowulf,,,,Reading and training  pre-intermediate,,Victoria Spence,,,837.7,RE,,Black Cat,2002,112p,21cm,,,,,寄贈,寄贈者,,英語多読図書,,,,,False,,,,False,,,,False,False,True,,
9788-853004833,81450,2024/09/19,The woman in white,,,,Reading and training  Step 4 B2.1,,Wilkie Collins,,,837.7,RE,,Black Cat,2007,111p,21cm,,,,,寄贈,寄贈者,,英語多読図書,,,,BCT4 YL3.5-4.5 11400w,False,,,,False,,,,False,False,True,,
9788-853003201,81451,2024/09/19,Jack the Ripper,,,,Reading and training  pre-intermediate  step 4　B2.1,,Peter Foreman,,,837.7,RE,,Black Cat,2005,96p,21cm,,,,,寄贈,寄贈者,,英語多読図書,,,,,False,,,,False,,,,False,False,True,,
9788-853000279,81452,2024/09/19,Dracula,,,,Reading and training  pre-intermediate  step 4,,Bram Stoker,,,837.7,RE,,Black Cat,2003,128p,21cm,,,,,寄贈,寄贈者,,英語多読図書,,,,,False,,,,False,,,,False,False,True,,
9788-853001405,81453,2024/09/19,Wicked and humorous tales,,,,Reading and training  pre-intermediate  step 4,,Saki,,,837.7,RE,,Black Cat,2004,128p,21cm,,,,,寄贈,寄贈者,,英語多読図書,,,,,False,,,,False,,,,False,False,True,,
9788-853001405,81454,2024/09/19,Wicked and humorous tales,,,,Reading and training  pre-intermediate  step 4,,Saki,,,837.7,RE,,Black Cat,2004,128p,21cm,,,,,寄贈,寄贈者,,英語多読図書,,,,,False,,,,False,,,,False,False,True,,
9788-853001405,81455,2024/09/19,Wicked and humorous tales,,,,Reading and training  pre-intermediate  step 4,,Saki,,,837.7,RE,,Black Cat,2004,128p,21cm,,,,,寄贈,寄贈者,,英語多読図書,,,,,False,,,,False,,,,False,False,True,,
9788-877549297,81456,2024/09/19,Tom Jones,,,,Reading and training  pre-intermediate,,Henry Fielding,,,837.7,RE,,Black Cat,2003,144p,21cm,,,,,寄贈,寄贈者,,英語多読図書,,,,,False,,,,False,,,,False,False,True,,
9788-877547972,81457,2024/09/19,Le morte d'Arthur,,,,Reading and training  pre-intermediate,,Sir Thomas Malory,,,837.7,RE,,Black Cat,2002,144p,21cm,,,,,寄贈,寄贈者,,英語多読図書,,,,,False,,,,False,,,,False,False,True,,
9788-853003201,81458,2024/09/19,Jack the Ripper,,,,Reading and training  pre-intermediate  step 4　B2.1,,Peter Foreman,,,837.7,RE,,Black Cat,2005,96p,21cm,,,,,寄贈,寄贈者,,英語多読図書,,,,,False,,,,False,,,,False,False,True,,
9788-853003201,81459,2024/09/19,Jack the Ripper,,,,Reading and training  pre-intermediate  step 4　B2.1,,Peter Foreman,,,837.7,RE,,Black Cat,2005,96p,21cm,,,,,寄贈,寄贈者,,英語多読図書,,,,,False,,,,False,,,,False,False,True,,
9788-853003201,81460,2024/09/19,Jack the Ripper,,,,Reading and training  pre-intermediate  step 4　B2.1,,Peter Foreman,,,837.7,RE,,Black Cat,2005,96p,21cm,,,,,寄贈,寄贈者,,英語多読図書,,,,,False,,,,False,,,,False,False,True,,
9788-853006103,81461,2024/09/19,Moby Dick,,,,Reading and training  Step 4,,Herman Melville,,,837.7,RE,,Black Cat,2007,127p,21cm,,,,,寄贈,寄贈者,,英語多読図書,,,,,False,,,,False,,,,False,False,True,,
9788-853006103,81462,2024/09/19,Moby Dick,,,,Reading and training  Step 4,,Herman Melville,,,837.7,RE,,Black Cat,2007,127p,21cm,,,,,寄贈,寄贈者,,英語多読図書,,,,,False,,,,False,,,,False,False,True,,
9788-877549297,81463,2024/09/19,Tom Jones,,,,Reading and training  pre-intermediate,,Henry Fielding,,,837.7,RE,,Black Cat,2003,144p,21cm,,,,,寄贈,寄贈者,,英語多読図書,,,,,False,,,,False,,,,False,False,True,,
9788-877549297,81464,2024/09/19,Tom Jones,,,,Reading and training  pre-intermediate,,Henry Fielding,,,837.7,RE,,Black Cat,2003,144p,21cm,,,,,寄贈,寄贈者,,英語多読図書,,,,,False,,,,False,,,,False,False,True,,
9788-877549297,81465,2024/09/19,Tom Jones,,,,Reading and training  pre-intermediate,,Henry Fielding,,,837.7,RE,,Black Cat,2003,144p,21cm,,,,,寄贈,寄贈者,,英語多読図書,,,,,False,,,,False,,,,False,False,True,,
9788-853006103,81466,2024/09/19,Moby Dick,,,,Reading and training  Step 4　B2.1,,Herman Melville,,,837.7,RE,,Black Cat,2007,127p,21cm,,,,,寄贈,寄贈者,,英語多読図書,,,,,False,,,,False,,,,False,False,True,,
9788-877547750,81467,2024/09/19,The big mistake and other stories,,,,Reading and training  pre-intermediate,,Nella Burnett-Stuart  Bruna Deriu,,,837.7,RE,,Black Cat,1998,128p,21cm,,,,,寄贈,寄贈者,,英語多読図書,,,,,False,,,,False,,,,False,False,True,,
9788-877547750,81468,2024/09/19,The big mistake and other stories,,,,Reading and training  Step 4 B2.1,,Nella Burnett-Stuart  Bruna Deriu,,,837.7,RE,,Black Cat,1998,128p,21cm,,,,,寄贈,寄贈者,,英語多読図書,,,,,False,,,,False,,,,False,False,True,,
9788-877546418,81469,2024/09/19,Frankenstein,,,,Reading and training,,Mary Shelley,,,837.7,RE,,Black Cat,1997,160p,21cm,,,,,寄贈,寄贈者,,英語多読図書,,,,,False,,,,False,,,,False,False,True,,
9788-877546418,81470,2024/09/19,Frankenstein,,,,Reading and training,,Mary Shelley,,,837.7,RE,,Black Cat,1997,160p,21cm,,,,,寄贈,寄贈者,,英語多読図書,,,,,False,,,,False,,,,False,False,True,,
9788-877547972,81471,2024/09/19,Le morte d'Arthur,,,,Reading and training  Step4 B2.1,,Sir Thomas Malory,,,837.7,RE,,Black Cat,2002,144p,21cm,,,,,寄贈,寄贈者,,英語多読図書,,,,,False,,,,False,,,,False,False,True,,
9788-853003201,81472,2024/09/19,Jack the Ripper,,,,Reading and training  pre-intermediate  step 4　B2.1,,Peter Foreman,,,837.7,RE,,Black Cat,2005,96p,21cm,,,,,寄贈,寄贈者,,英語多読図書,,,,,False,,,,False,,,,False,False,True,,
9788-877548603,81473,2024/09/19,A tale of two cities,,,,Reading and training  intermediate,,Charles Dickens,,,837.7,RE,,Black Cat,2002,160p,21cm,,,,,寄贈,寄贈者,,英語多読図書,,,,YL4.5　13700words,False,,,,False,,,,False,False,True,,
9788-853001764,81474,2024/09/19,Gothic short stories,,,,Reading and training  intermediate,,W. W. Jacobs ... [et al.],,,837.7,RE,,Black Cat,2004,128p,21cm,,,,,寄贈,寄贈者,,英語多読図書,,,,BCT5 YL4.5-5.5 11800w,False,,,,False,,,,False,False,True,,
9788-853001702,81475,2024/09/19,Sons and lovers,,,,Reading and training  intermediate,,D. H. Lawrence,,,837.7,RE,,Black Cat,2005,144p,21cm,,,,,寄贈,寄贈者,,英語多読図書,,,,YL4.5/5.5 15300words,False,,,,False,,,,False,False,True,,
9788-853001641,81476,2024/09/19,Famous British criminals from The Newgate calendar,,,,Reading and training  step 4 B2.1,,Victoria Spence,,,837.7,RE,,Black Cat,2005,112p,21cm,,,,,寄贈,寄贈者,,英語多読図書,,,,,False,,,,False,,,,False,False,True,,
9788-853001641,81477,2024/09/19,Famous British criminals from The Newgate calendar,,,,Reading and training  pre-intermediate  step 4,,Victoria Spence,,,837.7,RE,,Black Cat,2005,112p,21cm,,,,,寄贈,寄贈者,,英語多読図書,,,,,False,,,,False,,,,False,False,True,,
9788-877547590,81478,2024/09/19,The problem of cell 13,,,,Reading and training  intermediate,,Jacques Futrelle,,,837.7,RE,,Black Cat,1999,96p,21cm,,,,,寄贈,寄贈者,,英語多読図書,,,,,False,,,,False,,,,False,False,True,,
9788-877547590,81479,2024/09/19,The problem of cell 13,,,,Reading and training  intermediate,,Jacques Futrelle,,,837.7,RE,,Black Cat,1999,96p,21cm,,,,,寄贈,寄贈者,,英語多読図書,,,,,False,,,,False,,,,False,False,True,,
9788-877547590,81480,2024/09/19,The problem of cell 13,,,,Reading and training  intermediate,,Jacques Futrelle,,,837.7,RE,,Black Cat,1999,96p,21cm,,,,,寄贈,寄贈者,,英語多読図書,,,,,False,,,,False,,,,False,False,True,,
9788-877547590,81481,2024/09/19,The problem of cell 13,,,,Reading and training  intermediate,,Jacques Futrelle,,,837.7,RE,,Black Cat,1999,96p,21cm,,,,,寄贈,寄贈者,,英語多読図書,,,,,False,,,,False,,,,False,False,True,,
9788-853000231,81482,2024/09/19,The Canterbury tales,,,,Reading and training  pre-intermediate  step 4,,Geoffrey Chaucer,,,837.7,RE,,Black Cat,2003,111p,21cm,,,,,寄贈,寄贈者,,英語多読図書,,,,,False,,,,False,,,,False,False,True,,
9788-853000231,81483,2024/09/19,The Canterbury tales,,,,Reading and training  pre-intermediate  step 4,,Geoffrey Chaucer,,,837.7,RE,,Black Cat,2003,111p,21cm,,,,,寄贈,寄贈者,,英語多読図書,,,,,False,,,,False,,,,False,False,True,,
9788-853003133,81484,2024/09/19,The secret agent,,,,Reading and training  Step 4,,Joseph Conrad,,,837.7,RE,,Black Cat,2006,111p,21cm,,,,,寄贈,寄贈者,,英語多読図書,,,,,False,,,,False,,,,False,False,True,,
9788-853003133,81485,2024/09/19,The secret agent,,,,Reading and training  Step 4 B2.1,,Joseph Conrad,,,837.7,RE,,Black Cat,2006,111p,21cm,,,,,寄贈,寄贈者,,英語多読図書,,,,,False,,,,False,,,,False,False,True,,
9788-853000293,81486,2024/09/19,The last of the Mohicans,,,,Reading and training  pre-intermediate  step 4 B2.1,,James Fenimore Cooper,,,837.7,RE,,Black Cat,2003,143p,21cm,,,,,寄贈,寄贈者,,英語多読図書,,,,,False,,,,False,,,,False,False,True,,
9788-853000293,81487,2024/09/19,The last of the Mohicans,,,,Reading and training  pre-intermediate  step 4 B2.1,,James Fenimore Cooper,,,837.7,RE,,Black Cat,2003,143p,21cm,,,,,寄贈,寄贈者,,英語多読図書,,,,,False,,,,False,,,,False,False,True,,
9788-853000293,81488,2024/09/19,The last of the Mohicans,,,,Reading and training  pre-intermediate  step 4 B2.1,,James Fenimore Cooper,,,837.7,RE,,Black Cat,2003,143p,21cm,,,,,寄贈,寄贈者,,英語多読図書,,,,,False,,,,False,,,,False,False,True,,
9788-853000293,81489,2024/09/19,The last of the Mohicans,,,,Reading and training  pre-intermediate  step 4 B2.1,,James Fenimore Cooper,,,837.7,RE,,Black Cat,2003,143p,21cm,,,,,寄贈,寄贈者,,英語多読図書,,,,,False,,,,False,,,,False,False,True,,
9788-853000354,81490,2024/09/19,Frankenstein,,,,Reading and training  intermediate,,Mary Shelley,,,837.7,RE,,Black Cat,2003,143p,21cm,,,,,寄贈,寄贈者,,英語多読図書,,,,,False,,,,False,,,,False,False,True,,
9788-853000354,81491,2024/09/19,Frankenstein,,,,Reading and training  intermediate,,Mary Shelley,,,837.7,RE,,Black Cat,2003,143p,21cm,,,,,寄贈,寄贈者,,英語多読図書,,,,,False,,,,False,,,,False,False,True,,
9788-853000354,81492,2024/09/19,Frankenstein,,,,Reading and training  intermediate,,Mary Shelley,,,837.7,RE,,Black Cat,2003,143p,21cm,,,,,寄贈,寄贈者,,英語多読図書,,,,,False,,,,False,,,,False,False,True,,
9788-853000354,81493,2024/09/19,Frankenstein,,,,Reading and training  intermediate,,Mary Shelley,,,837.7,RE,,Black Cat,2003,143p,21cm,,,,,寄贈,寄贈者,,英語多読図書,,,,,False,,,,False,,,,False,False,True,,
9788-853001641,81494,2024/09/19,Famous British criminals from The Newgate calendar,,,,Reading and training  pre-intermediate  step 4 B2.1,,Victoria Spence,,,837.7,RE,,Black Cat,2005,112p,21cm,,,,,寄贈,寄贈者,,英語多読図書,,,,,False,,,,False,,,,False,False,True,,
9788-853001641,81495,2024/09/19,Famous British criminals from The Newgate calendar,,,,Reading and training  step 4 B2.1,,Victoria Spence,,,837.7,RE,,Black Cat,2005,112p,21cm,,,,,寄贈,寄贈者,,英語多読図書,,,,,False,,,,False,,,,False,False,True,,
9788-853002952,81496,2024/09/20,A study in scarlet,,,,Reading and training  Step 4,,Sir Arthur Conan Doyle,,,837.7,RE,,Black Cat,2006,111p,21cm,,,,,寄贈,寄贈者,,英語多読図書,,,,,False,,,,False,,,,False,False,True,,
9788-853002952,81497,2024/09/20,A study in scarlet,,,,Reading and training  Step 4　B2.1,,Sir Arthur Conan Doyle,,,837.7,RE,,Black Cat,2006,111p,21cm,,,,,寄贈,寄贈者,,英語多読図書,,,,,False,,,,False,,,,False,False,True,,
9788-853004130,81498,2024/09/20,Daisy Miller,,,,Reading and training  Step 4　B2.1,,Henry James,,,837.7,RE,,Black Cat,2006,94p,21cm,,,,,寄贈,寄贈者,,英語多読図書,,,,,False,,,,False,,,,False,False,True,,
9788-853000378,81499,2024/09/20,The picture of Dorian Gray,,,,Reading and training  intermediate,,Oscar Wilde,,,837.7,RE,,Black Cat,2003,144p,21cm,,,,,寄贈,寄贈者,,英語多読図書,,,,,False,,,,False,,,,False,False,True,,
9788-853000378,81500,2024/09/20,The picture of Dorian Gray,,,,Reading and training  intermediate,,Oscar Wilde,,,837.7,RE,,Black Cat,2003,144p,21cm,,,,,寄贈,寄贈者,,英語多読図書,,,,,False,,,,False,,,,False,False,True,,
9788-853000378,81501,2024/09/20,The picture of Dorian Gray,,,,Reading and training  intermediate,,Oscar Wilde,,,837.7,RE,,Black Cat,2003,144p,21cm,,,,,寄贈,寄贈者,,英語多読図書,,,,,False,,,,False,,,,False,False,True,,
9788-853000378,81502,2024/09/20,The picture of Dorian Gray,,,,Reading and training  intermediate,,Oscar Wilde,,,837.7,RE,,Black Cat,2003,144p,21cm,,,,,寄贈,寄贈者,,英語多読図書,,,,,False,,,,False,,,,False,False,True,,
9788-877549334,81503,2024/09/20,Vanity fair,,,,Reading and training  intermediate,,William Makepeace Thackeray,,,837.7,RE,,Black Cat,2004,144p,21cm,,,,,寄贈,寄贈者,,英語多読図書,,,,,False,,,,False,,,,False,False,True,,
9788-877549334,81504,2024/09/20,Vanity fair,,,,Reading and training  intermediate,,William Makepeace Thackeray,,,837.7,RE,,Black Cat,2004,144p,21cm,,,,,寄贈,寄贈者,,英語多読図書,,,,,False,,,,False,,,,False,False,True,,
9788-877549334,81505,2024/09/20,Vanity fair,,,,Reading and training  intermediate,,William Makepeace Thackeray,,,837.7,RE,,Black Cat,2004,144p,21cm,,,,,寄贈,寄贈者,,英語多読図書,,,,,False,,,,False,,,,False,False,True,,
9788-877546227,81506,2024/09/20,The phantom of the opera,,,,Reading and training  elementary  step 3,,Gaston Leroux,,,837.7,RE,,Black Cat,2002,128p,21cm,,,,,寄贈,寄贈者,,英語多読図書,,,,,False,,,,False,,,,False,False,True,,
9788-877546227,81507,2024/09/20,The phantom of the opera,,,,Reading and training  elementary  step 3 B1.2,,Gaston Leroux,,,837.7,RE,,Black Cat,2002,128p,21cm,,,,,寄贈,寄贈者,,英語多読図書,,,,,False,,,,False,,,,False,False,True,,
9788-877546227,81508,2024/09/20,The phantom of the opera,,,,Reading and training  elementary  step 3 B1.2,,Gaston Leroux,,,837.7,RE,,Black Cat,2002,128p,21cm,,,,,寄贈,寄贈者,,英語多読図書,,,,,False,,,,False,,,,False,False,True,,
9788-877546227,81509,2024/09/20,The phantom of the opera,,,,Reading and training  elementary  step 3 B1.2,,Gaston Leroux,,,837.7,RE,,Black Cat,2002,128p,21cm,,,,,寄贈,寄贈者,,英語多読図書,,,,,False,,,,False,,,,False,False,True,,
9788-853001627,81510,2024/09/20,Lord Arthur Savile's crime and other stories,,,,Reading and training  elementary  step 3,,Oscar Wilde ,,,837.7,RE,,Black Cat,2005,112p,21cm,,,,,寄贈,寄贈者,,英語多読図書,,,,,False,,,,False,,,,False,False,True,,
9788-853001627,81511,2024/09/20,Lord Arthur Savile's crime and other stories,,,,Reading and training  elementary  step 3 B1.2,,Oscar Wilde ,,,837.7,RE,,Black Cat,2005,112p,21cm,,,,,寄贈,寄贈者,,英語多読図書,,,,,False,,,,False,,,,False,False,True,,
9788-853001627,81512,2024/09/20,Lord Arthur Savile's crime and other stories,,,,Reading and training  elementary  step 3 B1.2,,Oscar Wilde ,,,837.7,RE,,Black Cat,2005,112p,21cm,,,,,寄贈,寄贈者,,英語多読図書,,,,,False,,,,False,,,,False,False,True,,
9788-853001627,81513,2024/09/20,Lord Arthur Savile's crime and other stories,,,,Reading and training  elementary  step 3 B1.2,,Oscar Wilde ,,,837.7,RE,,Black Cat,2005,112p,21cm,,,,,寄贈,寄贈者,,英語多読図書,,,,,False,,,,False,,,,False,False,True,,
9788-853003669,81514,2024/09/20,The diamond as big as the Ritz,,,,Reading and training  Step 3 B1.2,,F. Scott Fitzgerald,,,837.7,RE,,Black Cat,2006,96p,21cm,,,,,寄贈,寄贈者,,英語多読図書,,,,,False,,,,False,,,,False,False,True,,
9788-853003669,81515,2024/09/20,The diamond as big as the Ritz,,,,Reading and training  Step 3 B1.2,,F. Scott Fitzgerald,,,837.7,RE,,Black Cat,2006,96p,21cm,,,,,寄贈,寄贈者,,英語多読図書,,,,,False,,,,False,,,,False,False,True,,
9788-853003669,81516,2024/09/20,The diamond as big as the Ritz,,,,Reading and training  Step 3 B1.2,,F. Scott Fitzgerald,,,837.7,RE,,Black Cat,2006,96p,21cm,,,,,寄贈,寄贈者,,英語多読図書,,,,,False,,,,False,,,,False,False,True,,
9788-853003669,81517,2024/09/20,The diamond as big as the Ritz,,,,Reading and training  Step 3 B1.2,,F. Scott Fitzgerald,,,837.7,RE,,Black Cat,2006,96p,21cm,,,,,寄贈,寄贈者,,英語多読図書,,,,,False,,,,False,,,,False,False,True,,
9788-853008350,81518,2024/09/20,The strange case of Dr. Jekyll and Mr. Hyde,,,,Reading and training  step 3  B1.2,,Robert Louis Stevenson,,,837.7,RE,,Black Cat,2008,85p,21cm,,,,,寄贈,寄贈者,,英語多読図書,,,,,False,,,,False,,,,False,False,True,,
9788-853008350,81519,2024/09/20,The strange case of Dr. Jekyll and Mr. Hyde,,,,Reading and training  step 3  B1.2,,Robert Louis Stevenson,,,837.7,RE,,Black Cat,2008,85p,21cm,,,,,寄贈,寄贈者,,英語多読図書,,,,,False,,,,False,,,,False,False,True,,
9788-853006592,81520,2024/09/20,The Canterville ghost,,,,Reading and training  step 3  B1.2,,Oscar Wilde,,,837.7,RE,,Black Cat,2007,111p,21cm,,,,,寄贈,寄贈者,,英語多読図書,,,,,False,,,,False,,,,False,False,True,,
9788-853002914,81521,2024/09/20,Great mysteries of our world,,,,Reading and training  elementary  step 3 B1.2,,Gina D. B. Clemen,,,837.7,RE,,Black Cat,2005,96p,21cm,,,,,寄贈,寄贈者,,英語多読図書,,,,,False,,,,False,,,,False,False,True,,
9788-877547576,81522,2024/09/20,Alien at school,,,,Reading and training  elementary  step 3 B1.2,,Michelle Brown ,,,837.7,RE,,Black Cat,1998,96p,21cm,,,,,寄贈,寄贈者,,英語多読図書,,,,,False,,,,False,,,,False,False,True,,
9788-853000194,81523,2024/09/20,The strange case of Dr Jekyll and Mr Hyde,,,,Reading and training  elementary  step 3,,Robert Louis Stevenson,,,837.7,RE,,Black Cat,2003,96p,21cm,,,,,寄贈,寄贈者,,英語多読図書,,,,,False,,,,False,,,,False,False,True,,
9788-853005977,81524,2024/09/20,The sign of four,,,,Reading and training  Step 4 B2.1,,Sir Arthur Conan Doyle,,,837.7,RE,,Black Cat,2007,126p,21cm,,,,,寄贈,寄贈者,,英語多読図書,,,,,False,,,,False,,,,False,False,True,,
9788-853001641,81525,2024/09/21,Famous British criminals from The Newgate calendar,,,,Reading and training  step 4 B2.1,,Victoria Spence,,,837.7,RE,,Black Cat,2005,112p,21cm,,,,,寄贈,寄贈者,,英語多読図書,,,,,False,,,,False,,,,False,False,True,,
9788-853000217,81526,2024/09/21,American horror : three terrifying tales,,,,Reading and training  Step4 B2.1,Step4 B2.1,Edgar Allan Poe,,,837.7,RE,,Black Cat,2003,110p,21cm,,,,,寄贈,寄贈者,,英語多読図書,,,,,False,,,,False,,,,False,False,True,,
9788-853000217,81527,2024/09/21,American horror : three terrifying tales,,,,Reading and training  Step4 B2.1,Step4 B2.1,Edgar Allan Poe,,,837.7,RE,,Black Cat,2003,110p,21cm,,,,,寄贈,寄贈者,,英語多読図書,,,,,False,,,,False,,,,False,False,True,,
9788-877549297,81528,2024/09/21,Tom Jones,,,,Reading and training  pre-intermediate,,Henry Fielding,,,837.7,RE,,Black Cat,2003,144p,21cm,,,,,寄贈,寄贈者,,英語多読図書,,,,,False,,,,False,,,,False,False,True,,
9788-853001214,81529,2024/09/21,The turn of the screw,,,,Reading and training  pre-intermediate,,Henry James,,,837.7,RE,,Black Cat,2004,128p,21cm,,,,,寄贈,寄贈者,,英語多読図書,,,,,False,,,,False,,,,False,False,True,,
9788-853001214,81530,2024/09/21,The turn of the screw,,,,Reading and training  pre-intermediate,,Henry James,,,837.7,RE,,Black Cat,2004,128p,21cm,,,,,寄贈,寄贈者,,英語多読図書,,,,,False,,,,False,,,,False,False,True,,
9788-853001214,81531,2024/09/21,The turn of the screw,,,,Reading and training  pre-intermediate,,Henry James,,,837.7,RE,,Black Cat,2004,128p,21cm,,,,,寄贈,寄贈者,,英語多読図書,,,,,False,,,,False,,,,False,False,True,,
9788-853001214,81532,2024/09/21,The turn of the screw,,,,Reading and training  pre-intermediate,,Henry James,,,837.7,RE,,Black Cat,2004,128p,21cm,,,,,寄贈,寄贈者,,英語多読図書,,,,,False,,,,False,,,,False,False,True,,
9788-853004130,81533,2024/09/21,Daisy Miller,,,,Reading and training  Step 4　B2.1,,Henry James,,,837.7,RE,,Black Cat,2006,94p,21cm,,,,,寄贈,寄贈者,,英語多読図書,,,,,False,,,,False,,,,False,False,True,,
9788-853004130,81534,2024/09/21,Daisy Miller,,,,Reading and training  Step 4　B2.1,,Henry James,,,837.7,RE,,Black Cat,2006,94p,21cm,,,,,寄贈,寄贈者,,英語多読図書,,,,,False,,,,False,,,,False,False,True,,
9788-853004130,81535,2024/09/21,Daisy Miller,,,,Reading and training  Step 4　B2.1,,Henry James,,,837.7,RE,,Black Cat,2006,94p,21cm,,,,,寄贈,寄贈者,,英語多読図書,,,,,False,,,,False,,,,False,False,True,,
9788-853001351,81536,2024/09/21,Pride and prejudice,,,,Reading and training  intermediate,,Jane Austen,,,837.7,RE,,Black Cat,2003,160p,21cm,,,,,寄贈,寄贈者,,英語多読図書,,,,BCR5 4.5 200000w,False,,,,False,,,,False,False,True,,
9788-853001351,81537,2024/09/21,Pride and prejudice,,,,Reading and training  intermediate,,Jane Austen,,,837.7,RE,,Black Cat,2003,160p,21cm,,,,,寄贈,寄贈者,,英語多読図書,,,,BCR5 4.5 200000w,False,,,,False,,,,False,False,True,,
9788-853009562,81538,2024/09/21,Kim,,,,Reading and training  step 3  B1.2,,Rudyard Kipling,,,837.7,RE,,Black Cat,2009,127p,21cm,,,,,寄贈,寄贈者,,英語多読図書,,,,,False,,,,False,,,,False,False,True,,
9788-853008305,81539,2024/09/21,True adventures stories,,,,Reading and training  step 3  B1.2,,Peter Foreman,,,837.7,RE,,Black Cat,2008,111p,21cm,,,,,寄贈,寄贈者,,英語多読図書,,,,,False,,,,False,,,,False,False,True,,
9788-877549334,81540,2024/09/21,Vanity fair,,,,Reading and training  intermediate,,William Makepeace Thackeray,,,837.7,RE,,Black Cat,2004,144p,21cm,,,,,寄贈,寄贈者,,英語多読図書,,,,,False,,,,False,,,,False,False,True,,
9788-877549334,81541,2024/09/21,Vanity fair,,,,Reading and training  intermediate,,William Makepeace Thackeray,,,837.7,RE,,Black Cat,2004,144p,21cm,,,,,寄贈,寄贈者,,英語多読図書,,,,,False,,,,False,,,,False,False,True,,
9788-853002952,81542,2024/09/21,A study in scarlet,,,,Reading and training  Step 4　B2.1,,Sir Arthur Conan Doyle,,,837.7,RE,,Black Cat,2006,111p,21cm,,,,,寄贈,寄贈者,,英語多読図書,,,,,False,,,,False,,,,False,False,True,,
9788-853002952,81543,2024/09/21,A study in scarlet,,,,Reading and training  Step 4　B2.1,,Sir Arthur Conan Doyle,,,837.7,RE,,Black Cat,2006,111p,21cm,,,,,寄贈,寄贈者,,英語多読図書,,,,,False,,,,False,,,,False,False,True,,
9788-853001542,81544,2024/09/21,Much ado about nothing,,,,Reading and training  pre-intermediate,,William Shakespeare,,,837.7,RE,,Black Cat,2003,128p,24cm,,,,,寄贈,寄贈者,,英語多読図書,,,,,False,,,,False,,,,False,False,True,,
,81545,2024/09/21,A midsummer night's dream,,,,Reading and training  pre-intermediate  step 4,,William Shakespeare,,,837.7,RE,,Black Cat,2003,95p,24cm,,,,,寄贈,寄贈者,,英語多読図書,,,,,False,,,,False,,,,False,False,True,,
9788-877546081,81546,2024/09/21,The taming of the shrew,,,,Reading and training  intermediate,,William Shakespeare,,,837.7,RE,,Black Cat,2000,127p,24cm,,,,,寄贈,寄贈者,,英語多読図書,,,,,False,,,,False,,,,False,False,True,,
9788-877549105,81547,2024/09/21,Heart of darkness,,,,Reading and training  intermediate,,Joseph Conrad,,,837.7,RE,,Black Cat,2003,112p,24cm,,,,,寄贈,寄贈者,,英語多読図書,,,,,False,,,,False,,,,False,False,True,,
9788-877549105,81548,2024/09/21,Heart of darkness,,,,Reading and training  intermediate,,Joseph Conrad,,,837.7,RE,,Black Cat,2003,112p,24cm,,,,,寄贈,寄贈者,,英語多読図書,,,,,False,,,,False,,,,False,False,True,,
9788-877549105,81549,2024/09/21,Heart of darkness,,,,Reading and training  intermediate,,Joseph Conrad,,,837.7,RE,,Black Cat,2003,112p,24cm,,,,,寄贈,寄贈者,,英語多読図書,,,,,False,,,,False,,,,False,False,True,,
9788-877549105,81550,2024/09/21,Heart of darkness,,,,Reading and training  intermediate,,Joseph Conrad,,,837.7,RE,,Black Cat,2003,112p,24cm,,,,,寄贈,寄贈者,,英語多読図書,,,,,False,,,,False,,,,False,False,True,,
9780-439559638,81551,2024/09/24,Lost treasure of the emerald eye,,,,Geronimo Stilton  1,,Geronimo Stilton,,,837.7,ST,,Scholastic,2004,116p,20cm,,,,,寄贈,寄贈者,,英語多読図書,,,,,False,,,,False,,,,False,False,True,,
9780-439559638,81552,2024/09/24,Lost treasure of the emerald eye,,,,Geronimo Stilton  1,,Geronimo Stilton,,,837.7,ST,,Scholastic,2004,116p,20cm,,,,,寄贈,寄贈者,,英語多読図書,,,,,False,,,,False,,,,False,False,True,,
9780-439559638,81553,2024/09/24,Lost treasure of the emerald eye,,,,Geronimo Stilton  1,,Geronimo Stilton,,,837.7,ST,,Scholastic,2004,116p,20cm,,,,,寄贈,寄贈者,,英語多読図書,,,,,False,,,,False,,,,False,False,True,,
9780-439559638,81554,2024/09/24,Lost treasure of the emerald eye,,,,Geronimo Stilton  1,,Geronimo Stilton,,,837.7,ST,,Scholastic,2004,116p,20cm,,,,,寄贈,寄贈者,,英語多読図書,,,,,False,,,,False,,,,False,False,True,,
9780-439559638,81555,2024/09/24,Lost treasure of the emerald eye,,,,Geronimo Stilton  1,,Geronimo Stilton,,,837.7,ST,,Scholastic,2004,116p,20cm,,,,,寄贈,寄贈者,,英語多読図書,,,,,False,,,,False,,,,False,False,True,,
9780-439559645,81556,2024/09/24,The curse of the cheese pyramid,,,,Geronimo Stilton  2,,Geronimo Stilton,,,837.7,ST,,Scholastic,2004,112p,20cm,,,,,寄贈,寄贈者,,英語多読図書,,,,,False,,,,False,,,,False,False,True,,
9780-439559645,81557,2024/09/24,The curse of the cheese pyramid,,,,Geronimo Stilton  2,,Geronimo Stilton,,,837.7,ST,,Scholastic,2004,112p,20cm,,,,,寄贈,寄贈者,,英語多読図書,,,,,False,,,,False,,,,False,False,True,,
9780-439559645,81558,2024/09/24,The curse of the cheese pyramid,,,,Geronimo Stilton  2,,Geronimo Stilton,,,837.7,ST,,Scholastic,2004,112p,20cm,,,,,寄贈,寄贈者,,英語多読図書,,,,,False,,,,False,,,,False,False,True,,
9780-439559645,81559,2024/09/24,The curse of the cheese pyramid,,,,Geronimo Stilton  2,,Geronimo Stilton,,,837.7,ST,,Scholastic,2004,112p,20cm,,,,,寄贈,寄贈者,,英語多読図書,,,,,False,,,,False,,,,False,False,True,,
9788-073005993,81560,2024/09/24,The curse of the cheese pyramid,,,,Geronimo Stilton  2,,Geronimo Stilton,,,837.7,ST,,Scholastic,2004,112p,20cm,,,,,寄贈,寄贈者,,英語多読図書,,,,,False,,,,False,,,,False,False,True,,
9780-439559652,81561,2024/09/24,Cat and mouse in a haunted house,,,,Geronimo Stilton  3,,Geronimo Stilton,,,837.7,ST,,Scholastic,2004,111p,20cm,,,,,寄贈,寄贈者,,英語多読図書,,,,,False,,,,False,,,,False,False,True,,
9780-439559652,81562,2024/09/24,Cat and mouse in a haunted house,,,,Geronimo Stilton  3,,Geronimo Stilton,,,837.7,ST,,Scholastic,2004,111p,20cm,,,,,寄贈,寄贈者,,英語多読図書,,,,,False,,,,False,,,,False,False,True,,
9780-439559652,81563,2024/09/24,Cat and mouse in a haunted house,,,,Geronimo Stilton  3,,Geronimo Stilton,,,837.7,ST,,Scholastic,2004,111p,20cm,,,,,寄贈,寄贈者,,英語多読図書,,,,,False,,,,False,,,,False,False,True,,
9780-439559652,81564,2024/09/24,Cat and mouse in a haunted house,,,,Geronimo Stilton  3,,Geronimo Stilton,,,837.7,ST,,Scholastic,2004,111p,20cm,,,,,寄贈,寄贈者,,英語多読図書,,,,,False,,,,False,,,,False,False,True,,
9780-439559652,81565,2024/09/24,Cat and mouse in a haunted house,,,,Geronimo Stilton  3,,Geronimo Stilton,,,837.7,ST,,Scholastic,2004,111p,20cm,,,,,寄贈,寄贈者,,英語多読図書,,,,,False,,,,False,,,,False,False,True,,
9780-439559669,81566,2024/09/24,I'm too fond of my fur!,,,,Geronimo Stilton  4,,Geronimo Stilton,,,837.7,ST,,Scholastic,2004,116p,20cm,,,,,寄贈,寄贈者,,英語多読図書,,,,,False,,,,False,,,,False,False,True,,
9780-439559690,81567,2024/09/24,Red pizzas for a blue count,,,,Geronimo Stilton  7,,Geronimo Stilton,,,837.7,ST,,Scholastic,2004,116p,20cm,,,,,寄贈,寄贈者,,英語多読図書,,,,,False,,,,False,,,,False,False,True,,
9780-439559706,81568,2024/09/24,Attack of the bandit cats,,,,Geronimo Stilton  8,,Geronimo Stilton,,,837.7,ST,,Scholastic,2004,113p,20cm,,,,,寄贈,寄贈者,,英語多読図書,,,,,False,,,,False,,,,False,False,True,,
9780-439559706,81569,2024/09/24,Attack of the bandit cats,,,,Geronimo Stilton  8,,Geronimo Stilton,,,837.7,ST,,Scholastic,2004,113p,20cm,,,,,寄贈,寄贈者,,英語多読図書,,,,,False,,,,False,,,,False,False,True,,
9780-439559706,81570,2024/09/24,Attack of the bandit cats,,,,Geronimo Stilton  8,,Geronimo Stilton,,,837.7,ST,,Scholastic,2004,113p,20cm,,,,,寄贈,寄贈者,,英語多読図書,,,,,False,,,,False,,,,False,False,True,,
9780-439559706,81571,2024/09/24,Attack of the bandit cats,,,,Geronimo Stilton  8,,Geronimo Stilton,,,837.7,ST,,Scholastic,2004,113p,20cm,,,,,寄贈,寄贈者,,英語多読図書,,,,,False,,,,False,,,,False,False,True,,
9780-439559706,81572,2024/09/24,Attack of the bandit cats,,,,Geronimo Stilton  8,,Geronimo Stilton,,,837.7,ST,,Scholastic,2004,113p,20cm,,,,,寄贈,寄贈者,,英語多読図書,,,,,False,,,,False,,,,False,False,True,,
