ISBN	rgtn	ukeymd	title	auth	pub	pub_year	page	size	series	cls1	cls2	cls3	ukeymd_1
9784-794608116	52470	2024/6/5	英語で話す中東情勢	山久瀬 洋二 著	ＩＢＣパブリッシング	2024	174p	21cm		302.2	ヤマ		202406
9784-767832739	52471	2024/6/5	日本の不思議な名建築１１１	加藤 純 文　傍島 利浩 写真	エクスナレッジ	2024	175p	20cm		523.1	カト		202406
9784-761930011	52472	2024/6/5	ヤングケアラーの理解と支援	仲田 海人 編著者代表	学事出版	2024	199p	21cm		369	ヤン		202406
9784-295409601	52473	2024/6/5	説明の上手い人が「最初の１分」でしていること	笹木 郁乃 著	インプレス（発売）	2024	239p	19cm		336.4	ササ		202406
9784-344042605	52474	2024/6/5	なるほどそうだったのか！ハマスとガザ戦争	高橋 和夫 著	幻冬舎	2024	265p	18cm		302.2	タカ		202406
9784-065351918	52475	2024/6/5	宇宙と物質の起源	高エネルギー加速器研究機構素粒子原子核研究所 編	講談社	2024	318p	18cm	ブルーバックス　Ｂ－２２５６	429.6	ウチ		202406
9784-065348383	52476	2024/6/5	植物の謎	日本植物生理学会 編	講談社	2024	234p	18cm	ブルーバックス　Ｂ－２２５７	470	ショ		202406
9784-065356722	52477	2024/6/5	生命と非生命のあいだ	小林 憲正 著	講談社	2024	302p	18cm	ブルーバックス　Ｂ－２２５８	461	コバ		202406
9784-065353639	52478	2024/6/5	体験格差	今井 悠介 著	講談社	2024	198p	18cm	講談社現代新書　２７４１	369.4	イマ		202406
9784-334102906	52479	2024/6/5	バッタを倒すぜアフリカで	前野ウルド浩太郎 著	光文社	2024	605p	18cm	光文社新書　１３０５	486.4	マエ		202406
9784-484222547	52480	2024/6/5	２９歳、今日から私が家長です。	イ スラ 著　清水 知佐子 訳	ＣＣＣメディアハウス	2024	311p	19cm		929.1	イス		202406
9784-784528042	52481	2024/6/5	韓国における社会政策のあり方　２　韓国における少子化、格差、葛藤の現状	金 明中 著	社会評論社	2024	275p	21cm		364.1	キム	２	202406
9784-797681390	52482	2024/6/5	クレーンゲームで学ぶ物理学	小山 佳一 著	集英社（発売）	2024	220p	18cm	インターナショナル新書　１３９	420	コヤ		202406
9784-798226569	52483	2024/6/5	実践！はじめての作曲入門　〔２０２４〕	竹内 一弘 編著　クラフトーン 編著	自由現代社（発売）	2024	111p	21cm		767.8	ジッ	２４	202406
9784-405120273	52484	2024/6/5	税金とお金	村形 聡 監修	新星出版社	2024	175p	19cm	サクッとわかるビジネス教養	345	ゼイ		202406
9784-102404812	52485	2024/6/5	ＡＩ監獄ウイグル 	ジェフリー・ケイン 著　濱野 大道 訳	新潮社	2024	470p	16cm	新潮文庫　ケ－１８－１	316.8	ケイ		202406
9784-101051413	52486	2024/6/5	「科学的」は武器になる	早野 龍五 著	新潮社	2024	261p	16cm	新潮文庫　は－８１－１	159	ハヤ		202406
9784-415333939	52487	2024/6/5	イチからわかる古文書の読み方・楽しみ方	増田 孝 著	成美堂出版	2024	207p	22cm		210	マス		202406
9784-480684752	52488	2024/6/5	刑の重さは何で決まるのか	高橋 則夫 著	筑摩書房	2024	201p	18cm	ちくまプリマー新書　４５４	326	タカ		202406
9784-480684820	52489	2024/6/5	人生のレールを外れる衝動のみつけかた	谷川 嘉浩 著	筑摩書房	2024	252p	18cm	ちくまプリマー新書　４５３	159.7	タニ		202406
9784-867820681	52490	2024/6/5	Ｂ型女性はなぜ人気があるのか	金澤 正由樹 著	鳥影社	2024	255p	19cm		141.9	カナ		202406
9784-864477314	52491	2024/6/5	名物ルアーショップ店主がついに明かした「釣り具」のウソホント	柏瀬 巌 著	つり人社	2024	191p	19cm		787.1	カシ		202406
9784-908406959	52492	2024/6/5	離島建築	箭内 博行 著	トゥーヴァージンズ	2024	191p	21cm	味なたてもの探訪	523.1	ヤナ		202406
9784-779518010	52493	2024/6/5	中高生のための宇宙教育プログラム	向井 千秋 監修　東京理科大学宇宙教育プログラム実施委員会 編	ナカニシヤ出版	2024	3 197p	19cm		538.9	チュ		202406
9784-800592057	52494	2024/6/5	大学生のための世界の課題発見講座	高安 健一 共編著　日本経済新聞社 共編著	日本能率協会マネジメントセンター	2024	16 236p	21cm		333.8	ダイ		202406
9784-166614516	52495	2024/6/5	グローバルサウスの逆襲	池上 彰 著　佐藤 優 著	文藝春秋	2024	222p	18cm	文春新書　１４５１	319	イケ		202406
9784-582860573	52496	2024/6/5	民間軍事会社	菅原 出 著	平凡社	2024	254p	18cm	平凡社新書　１０５７	392	スガ		202406
9784-860647636	52497	2024/6/5	京大地理学者、なにを調べに辺境へ？	水野 一晴 著	ベレ出版	2024	398p	19cm		290.9	ミズ		202406
9784-846124021	52498	2024/6/5	ミツバチたちの危機を超えて	レベッカ・エリス 著　大森 正之 訳	緑風出版	2024	329p	20cm		646.9	エリ		202406
9784-845425143	52499	2024/6/5	地域や漁業と共存共栄する洋上風力発電づくり　ＰＡＲＴ２	渋谷 正信 著	ロングセラーズ	2024	285p	21cm		543.6	シブ	２	202406
9784-845118823	52500	2024/6/14	チョコレートを食べたことがないカカオ農園の子どもにきみはチョコレートをあげるか？	木下 理仁 著	旬報社	2024	231p	19cm		333.8	キノ		202406
9784-909753175	52501	2024/6/14	それはわたしが外国人だから？	安田 菜津紀 著　金井 真紀 絵・文　高橋 済 法律監修	ヘウレーカ	2024	183p	19cm		329.9	ヤス		202406
9784-794607911	81012	2024/5/20	Ａｍａｚｉｎｇ　Ｓｐａｃｅ	エド・ジェイコブ 著	ＩＢＣパブリッシング	2023	11 171p	18cm	ラダーシリーズ	837.7	ｼﾞｪ		202405
9784-794608079	81014	2024/5/20	Ｉｎｔｒｏｄｕｃｔｉｏｎ　ｔｏ　ＳＤＧｓ	山口 晴代 著　エド・ジェイコブ 著	ＩＢＣパブリッシング	2024	8 175p	18cm	ラダーシリーズ	837.7	ﾔﾏ		202405
9784-087754674	81190	2024/5/10	22歳の扉	青羽悠 著	集英社	2024	332p	19cm		913.6	ｱｵ		202405
9784-103549512	81191	2024/5/20	成瀬は天下を取りにいく	宮島 未奈 著	新潮社	2023	201p	20cm		913.6	ﾐﾔ		202405
9784-535527454	81192	2024/5/20	三淵嘉子と家庭裁判所	清永 聡 編著	日本評論社	2023	11 142p	26cm		289.1	ﾐﾌﾞ		202405
9784-004320012	81193	2024/5/20	ケアの倫理	岡野 八代 著	岩波書店	2024	3 328 8p	18cm	岩波新書　新赤版　２００１	311.1	ｵｶ		202405
9784-004320036	81194	2024/5/20	ヨーロッパ史	大月 康弘 著	岩波書店	2024	13 230 16p	18cm	岩波新書　新赤版　２００３	230	ｵｵ		202405
9784-004320074	81195	2024/5/20	財政と民主主義	神野 直彦 著	岩波書店	2024	6 250 5p	18cm	岩波新書　新赤版　２００７	342.1	ｼﾞﾝ		202405
9784-004320081	81196	2024/5/20	同性婚と司法	千葉 勝美 著	岩波書店	2024	13 202p	18cm	岩波新書　新赤版　２００８	324.6	ﾁﾊﾞ		202405
9784-004320098	81197	2024/5/20	ジェンダー史１０講	姫岡 とし子 著	岩波書店	2024	10 225 8p	18cm	岩波新書　新赤版　２００９	367.2	ﾋﾒ		202405
9784-004320104	81198	2024/5/20	〈一人前〉と戦後社会	禹 宗【ウォン】 著　沼尻 晃伸 著	岩波書店	2024	3 267 7p	18cm	岩波新書　新赤版　２０１０	210.7	ｳｰ		202405
9784-004319993	81199	2024/5/20	豆腐の文化史	原田 信男 著	岩波書店	2023	8 236 22p	18cm	岩波新書　新赤版　１９９９	383.8	ﾊﾗ		202405
9784-004320005	81200	2024/5/20	耳は悩んでいる	小島 博己 編	岩波書店	2023	20 214 4p	18cm	岩波新書　新赤版　２０００	496.6	ｺｼﾞ		202405
9784-000272537	81201	2024/5/20	物語、英語で読んでみない？	佐藤 和哉 著	岩波書店	2023	11 114p	19cm	岩波ジュニアスタートブックス　ジュニスタ	837.5	ｻﾄ		202405
9784-005009794	81202	2024/5/20	１０代のうちに考えておきたいジェンダーの話	堀内 かおる 著	岩波書店	2023	10 196p	18cm	岩波ジュニア新書　９７９	367.1	ﾎﾘ		202405
9784-005009824	81203	2024/5/20	縄文時代を解き明かす	阿部 芳郎 編著	岩波書店	2024	8 209 5p	18cm	岩波ジュニア新書　９８２	210.2	ｱﾍﾞ		202405
9784-005009800	81204	2024/5/20	食べものから学ぶ現代社会	平賀 緑 著	岩波書店	2024	20 194p	18cm	岩波ジュニア新書　９８０	611.3	ﾋﾗ		202405
9784-005009817	81205	2024/5/20	原発事故、ひとりひとりの記憶	吉田 千亜 著	岩波書店	2024	10 226p	18cm	岩波ジュニア新書　９８１	369.3	ﾖｼ		202405
9784-002710884	81206	2024/5/20	同性婚法制化のためのＱ＆Ａ	「結婚の自由をすべての人に」訴訟全国弁護団連絡会 著	岩波書店	2024	63p	21cm	岩波ブックレット　Ｎｏ．１０８８	324.6	ｹｯ		202405
9784-002710891	81207	2024/5/20	命をつなぐ、献血と骨髄バンク	岡田 晴恵 著	岩波書店	2024	52p	21cm	岩波ブックレット　Ｎｏ．１０８９	492.9	ｵｶ		202405
9784-002710907	81208	2024/5/20	トランスジェンダーと性別変更	高井 ゆと里 編	岩波書店	2024	85p	21cm	岩波ブックレット　Ｎｏ．１０９０	367.9	ﾀｶ		202405
9784-002710914	81209	2024/5/20	教育ＤＸと変わり始めた学校	佐藤 明彦 著	岩波書店	2024	78p	21cm	岩波ブックレット　Ｎｏ．１０９１	372.1	ｻﾄ		202405
9784-074543793	81210	2024/5/20	薬屋のひとりごと　１３	日向 夏 著	主婦の友社（発売）	2023	237p	16cm	ヒーロー文庫	913.6	ﾋｭ	13	202405
9784-074557752	81211	2024/5/20	薬屋のひとりごと　１４	日向 夏 著	主婦の友社（発売）	2023	398p	16cm	ヒーロー文庫	913.6	ﾋｭ	14	202405
9784-004320111	81212	2024/5/20	魔女狩りのヨーロッパ史	池上 俊一 著	岩波書店	2024	12 233 9p	18cm	岩波新書　新赤版　２０１１	230.5	ｲｹ		202405
9784-297139414	81213	2024/5/20	江戸でバイトやってみた。	櫻庭 由紀子 著　くろしま あきら 絵	技術評論社	2023	223p	21cm		384.3	ｻｸ		202405
9784-004320050	81214	2024/5/20	暴力とポピュリズムのアメリカ史	中野 博文 著	岩波書店	2024	15 202 14p	18cm	岩波新書　新赤版　２００５	396.2	ﾅｶ		202405
9784-004320067	81215	2024/5/20	百人一首	田渕 句美子 著	岩波書店	2024	3 258p	18cm	岩波新書　新赤版　２００６	911.1	ﾀﾌﾞ		202405
9784-065319468	81216	2024/5/24	レーエンデ国物語　〔１〕	多崎 礼 著	講談社	2023	492p	19cm		913.6	ﾀｻ	1	202405
9784-086805261	81217	2024/5/24	これは経費で落ちません! 11	青木祐子 著	集英社	2023	246p	15cm	集英社オレンジ文庫 ; あ3-12	913.6	ｱｵ	11	202405
9784-620108629	81218	2024/5/24	水車小屋のネネ	津村 記久子 著	毎日新聞出版	2023	485p	19cm		913.6	ﾂﾑ		202405
9784-022519320	81219	2024/5/24	存在のすべてを	塩田 武士 著	朝日新聞出版	2023	464p	20cm		913.6	ｼｵ		202405
9784-041141472	81220	2024/5/24	７７７	伊坂 幸太郎 著	ＫＡＤＯＫＡＷＡ	2023	293p	20cm		913.6	ｲｻ		202405
9784-845116126	81221	2024/5/24	パラスポーツ・ボランティア入門	松尾 哲矢 編　平田 竹男 編	旬報社	2019	219p	21cm		780.1	ﾏﾂ		202405
9784-004320029	81222	2024/5/24	「むなしさ」の味わい方	きたやま おさむ 著	岩波書店	2024	2 204p	18cm	岩波新書　新赤版　２００２	146.1	ｷﾀ		202405
9784-004320043	81223	2024/5/24	感染症の歴史学	飯島 渉 著	岩波書店	2024	4 222p	18cm	岩波新書　新赤版　２００４	493.8	ｲｲ		202405
9784-004319979	81224	2024/5/24	ドキュメント異次元緩和	西野 智彦 著	岩波書店	2023	9 239 2p	18cm	岩波新書　新赤版　１９９７	338.3	ﾆｼ		202405
9784-004319986	81225	2024/5/24	文化財の未来図	村上 隆 著	岩波書店	2023	6 217p	18cm	岩波新書　新赤版　１９９８	709.1	ﾑﾗ		202405
9784-002710877	81226	2024/5/24	再審制度ってなんだ？	村山 浩昭 編　葛野 尋之 編	岩波書店	2024	159p	21cm	岩波ブックレット　Ｎｏ．１０８７	327.6	ﾑﾗ		202405
9784-002710860	81227	2024/5/24	「江戸の選挙」から民主主義を考える	柿崎 明二 著	岩波書店	2023	94p	21cm	岩波ブックレット　Ｎｏ．１０８６	312.1	ｶｷ		202405
9784-010937778	81228	2024/5/31	英検３級過去６回全問題集　２０２４年度版		旺文社	2024	167p	21cm	旺文社英検書	830.7	ｵｳ	2024	202405
9784-010937846	81229	2024/5/31	英検3級過去6回全問題集CD. 2024年度版		旺文社	2024	CD 3枚	12 cm	旺文社英検書	830.7	ｵｳ	2024	202405
9784-010937761	81230	2024/5/31	英検準２級過去６回全問題集　２０２４年度版		旺文社	2024	167p	21cm	旺文社英検書	830.7	ｵｳ	2024	202405
9784-010937822	81231	2024/5/31	英検2級過去6回全問題集CD. 2024年度版		旺文社	2024	CD 3枚	12 cm	旺文社英検書	830.7	ｵｳ	2024	202405
9784-010937754	81232	2024/5/31	英検２級過去６回全問題集　２０２４年度版		旺文社	2024	179p	21cm	旺文社英検書	830.7	ｵｳ	2024	202405
9784-010937839	81233	2024/5/31	英検準2級過去6回全問題集CD. 2024年度版		旺文社	2024	CD 3枚	12 cm	旺文社英検書	830.7	ｵｳ	2024	202405
9784-010937747	81234	2024/5/31	英検準１級過去６回全問題集　２０２４年度版		旺文社	2024	195p	21cm	旺文社英検書	830.7	ｵｳ	2024	202405
9784-010937815	81235	2024/5/31	英検準1級過去6回全問題集CD. 2024年度版		旺文社	2024	CD 4枚	12 cm	旺文社英検書	830.7	ｵｳ	2024	202405
9784-010937730	81236	2024/5/31	英検１級過去６回全問題集　２０２４年度版		旺文社	2024	167p	21cm	旺文社英検書	830.7	ｵｳ	2024	202405
9784-010937808	81237	2024/5/31	英検1級過去6回全問題集CD. 2024年度版		旺文社	2024	CD 4枚	12 cm	旺文社英検書	830.7	ｵｳ	2024	202405
9784-065326800	81262	2024/6/10	レーエンデ国物語　〔２〕　月と太陽	多崎 礼 著	講談社	2023	602p	19cm		913.6	ﾀｻ	2	202406
9784-004320142	81272	2024/7/29	罪を犯した人々を支える	藤原 正範 著	岩波書店	2024	3 210p	18cm	岩波新書　新赤版　２０１４	369.5	ﾌｼﾞ		202407
9784-004320135	81273	2024/7/29	スタートアップとは何か	加藤 雅俊 著	岩波書店	2024	12 270 18p	18cm	岩波新書　新赤版　２０１３	335	ｶﾄ		202407
9784-004320159	81274	2024/7/29	日本語と漢字	今野 真二 著	岩波書店	2024	3 239 2p	18cm	岩波新書　新赤版　２０１５	810.2	ｲﾏ		202407
9784-005009848	81275	2024/7/29	ＳＤＧｓから考える世界の食料問題	小沼 廣幸 著	岩波書店	2024	5 204p	18cm	岩波ジュニア新書　９８４	611.3	ｺﾇ		202407
9784-005009831	81276	2024/7/29	翻訳に挑戦！名作の英語にふれる	河島 弘美 著	岩波書店	2024	9 189p	18cm	岩波ジュニア新書　９８３	837.5	ｶﾜ		202407
9784-002710921	81277	2024/7/29	現場から考える国語教育が危ない！	村上 慎一 著　伊藤 氏貴 著	岩波書店	2024	75p	21cm	岩波ブックレット　Ｎｏ．１０９２	375.8	ﾑﾗ		202407
9784-005009855	81278	2024/7/29	迷いのない人生なんて 	共同通信社 編	岩波書店	2024	17 240p	18cm	岩波ジュニア新書　９８５	281	ｷｮ		202407
9784-004320166	81279	2024/7/29	頼山陽	揖斐 高 著	岩波書店	2024	11 287p	18cm	岩波新書　新赤版　２０１６	289.1	ﾗｲ		202407
9784-488451127	81280	2024/7/29	冬期限定ボンボンショコラ事件	米澤 穂信 著	東京創元社	2024	431p	15cm	創元推理文庫　Ｍよ１－１２	913.6	ﾖﾈ		202407
9784-334100520	81281	2024/7/29	リカバリー・カバヒコ	青山 美智子 著	光文社	2023	234p	20cm		913.6	ｱｵ		202407
9784-488153168	81282	2024/7/29	その罪は描けない	Ｓ．Ｊ．ローザン 著　直良 和美 訳	東京創元社	2023	402p	15cm	創元推理文庫　Ｍロ３－１５	933.7	ﾛｰ		202407
9784-488565169	81283	2024/7/29	隠し子騒動	廣嶋 玲子 著	東京創元社	2024	217p	15cm	創元推理文庫　Ｆひ２－１５	913.6	ﾋﾛ		202407
9784-488565152	81284	2024/7/29	妖たちの気ままな日常	廣嶋 玲子 著	東京創元社	2023	247p	15cm	創元推理文庫　Ｆひ２－１４	913.6	ﾋﾛ		202407
9784-562073429	81285	2024/7/29	中世ヨーロッパ「勇者」の日常生活	ケイト・スティーヴンソン 著　大槻 敦子 訳	原書房	2023	313p	20cm		230.4	ｽﾃ		202407
9784-488780036	81286	2024/7/29	ネットワーク・エフェクト	マーサ・ウェルズ 著　中原 尚哉 訳	東京創元社	2021	540p	15cm	創元ＳＦ文庫　ＳＦウ１５－３	933.7	ｳｪ		202407
9784-065325223	81287	2024/7/29	硫黄島上陸	酒井 聡平 著	講談社	2023	335p	20cm		369.3	ｻｶ		202407
9784-488134129	81288	2024/7/29	ワインレッドの追跡者	アリスン・モントクレア 著　山田 久美子 訳	東京創元社	2024	451p	15cm	創元推理文庫　Ｍモ９－４	933.7	ﾓﾝ		202407
9784-488803117	81289	2024/7/29	アンソロジー舞台！	近藤 史恵 著　笹原 千波 著　白尾 悠 著　雛倉 さりえ 著　乾 ルカ 著	東京創元社	2024	280p	15cm	創元文芸文庫　ＬＡん１－２	913.6	ｱﾝ		202407
9784-488803100	81290	2024/7/29	私たちの特別な一日	飛鳥井 千砂 著　寺地 はるな 著　雪舟 えま 著　嶋津 輝 著　高山 羽根子 著　町田 そのこ 著	東京創元社	2023	300p	15cm	創元文芸文庫　ＬＡん１－１	913.6	ﾜﾀ		202407
9784-103549529	81291	2024/7/29	成瀬は信じた道をいく	宮島 未奈 著	新潮社	2024	199p	20cm		913.6	ﾐﾔ		202407
9784-103553113	81292	2024/7/29	君が手にするはずだった黄金について	小川 哲 著	新潮社	2023	243p	20cm		913.6	ｵｶﾞ		202407
9784-167920364	81293	2024/7/29	烏百花　白百合の章	阿部 智里 著	文藝春秋	2023	301p	16cm	文春文庫　あ６５－１０	913.6	ｱﾍﾞ		202407
9784-120056284	81294	2024/7/29	黄色い家	川上 未映子 著	中央公論新社	2023	601p	20cm		913.6	ｶﾜ		202407
9784-065351987	81295	2024/7/29	レーエンデ国物語　〔４〕　夜明け前	多崎 礼 著	講談社	2024	572p	19cm		913.6	ﾀｻ	4	202407
9784-004311577	81296	2024/7/31	子どもの貧困　〔１〕　日本の不公平を考える	阿部 彩 著	岩波書店	960	10 249 7p	18cm	岩波新書　新赤版　１１５７	367.6	ｱﾍﾞ	1	202407
9784-065277522	81297	2024/7/31	独学の思考法	山野 弘樹 著	講談社	2022	216p	18cm	講談社現代新書　２６５４	104	ﾔﾏ		202407
9784-272331024	81298	2024/7/31	日本のＳＤＧｓ	高橋 真樹 著	大月書店	2021	236p	19cm		333.8	ﾀｶ		202407
9784-065285763	81299	2024/7/31	「正しい戦争」は本当にあるのか	藤原 帰一 著	講談社	2022	250p	18cm	講談社＋α新書　８５３－１Ｃ	319.8	ﾌｼﾞ		202407
9784-480071927	81300	2024/7/31	未来の再建	井手 英策 著　今野 晴貴 著　藤田 孝典 著	筑摩書房	2018	251p	18cm	ちくま新書　１３７３	364	ｲﾃﾞ		202407
9784-065213537	81301	2024/7/31	手の倫理	伊藤 亜紗 著	講談社	2020	214p	19cm	講談社選書メチエ　７３５	141.2	ｲﾄ		202407
9784-818023253	81302	2024/7/31	新型コロナウイルス　ナースたちの現場レポート	日本看護協会出版会編集部 編	日本看護協会出版会	2021	10 744p	21cm		492.9	ﾆﾎ		202407
9784-344985148	81303	2024/7/31	考えるとはどういうことか	梶谷 真司 著	幻冬舎	2018	262p	18cm	幻冬舎新書　か－２３－１	104	ｶｼﾞ		202407
9784-334045814	81304	2024/7/31	〈問い〉から始めるアート思考	吉井 仁実 著	光文社	2021	209p	18cm	光文社新書　１１７４	704	ﾖｼ		202407
9784-794973191	81305	2024/7/31	私がつかんだコモンと民主主義	岸本 聡子 著	晶文社	2022	222p	19cm		309	ｷｼ		202407
9784-309631059	81306	2024/7/31	「学校」をつくり直す	苫野 一徳 著	河出書房新社	2019	249p	18cm	河出新書　００５	370.4	ﾄﾏ		202407
9784-121026590	81307	2024/7/31	経済社会の学び方	猪木 武徳 著	中央公論新社	2021	3 257p	18cm	中公新書　２６５９	307	ｲﾉ		202407
9784-087211986	81308	2024/7/31	他者と生きる	磯野 真穂 著	集英社	2022	275p	18cm	集英社新書　１０９８	498	ｲｿ		202407
9784-480069436	81309	2024/7/31	ＬＧＢＴを読みとく	森山 至貴 著	筑摩書房	2017	237p	18cm	ちくま新書　１２４２	367.9	ﾓﾘ		202407
9784-815615604	81310	2024/7/31	２２世紀の民主主義	成田 悠輔 著	ＳＢクリエイティブ	2022	255p	18cm	ＳＢ新書　５８６	311.7	ﾅﾘ		202407
9784-622088141	81311	2024/7/31	科学者は、なぜ軍事研究に手を染めてはいけないか	池内 了 著	みすず書房	2019	252 6p	20cm		407	ｲｹ		202407
9784-334045500	81312	2024/7/31	「日本型格差社会」からの脱却	岩田 規久男 著	光文社	2021	363p	18cm	光文社新書　１１４２	332.1	ｲﾜ		202407
9784-087212488	81313	2024/7/31	未来倫理	戸谷 洋志 著	集英社	2023	233p	18cm	集英社新書　１１４８	150	ﾄﾔ		202407
9784-480684301	81314	2024/7/31	「みんな違ってみんないい」のか？	山口 裕之 著	筑摩書房	2022	220p	18cm	ちくまプリマー新書　４０５	104	ﾔﾏ		202407
9784-120054389	81315	2024/7/31	つながり続けるこども食堂	湯浅 誠 著	中央公論新社	2021	261p	20cm		369.4	ﾕｱ		202407
9784-480074256	81316	2024/7/31	批評の教室	北村 紗衣 著	筑摩書房	2021	238p	18cm	ちくま新書　１６００	901.4	ｷﾀ		202407
9784-334045609	81317	2024/7/31	日本の食と農の未来	小口 広太 著	光文社	2021	242p	18cm	光文社新書　１１５３	612.1	ｵｸﾞ		202407
9784-750338255	81318	2024/7/31	まんがクラスメイトは外国人　入門編　はじめて学ぶ多文化共生	「外国につながる子どもたちの物語」編集委員会 編　みなみ ななみ まんが	明石書店	2013	176p	21cm		334.4	ｶﾞｲ		202407
9784-309463995	81319	2024/9/2	リンバロストの乙女. 上	G・ポーター 著、村岡花子 訳	河出書房新社	2014	349p	15cm	河出文庫 ; ホ4-1	933.7	ﾎﾟｰ	上	202409
9784-309464008	81320	2024/9/2	リンバロストの乙女. 下	G・ポーター 著、村岡花子 訳	河出書房新社	2014	312p	15cm	河出文庫 ; ホ4-2	933.7	ﾎﾟｰ	下	202409
9784-004320180	81322	2024/9/11	なぜ難民を受け入れるのか	橋本 直子 著	岩波書店	2024	15 259 6p	18cm	岩波新書　新赤版　２０１８	369.3	ﾊｼ		202409
9784-004320197	81323	2024/9/11	不適切保育はなぜ起こるのか	普光院 亜紀 著	岩波書店	2024	8 213p	18cm	岩波新書　新赤版　２０１９	376.1	ﾌｺ		202409
9784-004320203	81324	2024/9/11	古墳と埴輪	和田 晴吾 著	岩波書店	2024	10 281 9p	18cm	岩波新書　新赤版　２０２０	210.3	ﾜﾀﾞ		202409
9784-005009862	81325	2024/9/11	ムクウェゲ医師、平和への闘い	立山 芽以子 著　華井 和代 著　八木 亜紀子 著	岩波書店	2024	15 156p	18cm	岩波ジュニア新書　９８６	367.2	ﾀﾃ		202409
9784-005009879	81326	2024/9/11	フレーフレー！就活高校生	中島 隆 著	岩波書店	2024	14 228p	18cm	岩波ジュニア新書　９８７	366.2	ﾅｶ		202409
9784-000272575	81327	2024/9/11	中学生からの絵本のトリセツ	川口 かおる 著	岩波書店	2024	9 116p	19cm	岩波ジュニアスタートブックス　ジュニスタ	019.5	ｶﾜ		202409
9784-002710938	81328	2024/9/11	選択的夫婦別姓	寺原 真希子 著　三浦 徹也 著	岩波書店	2024	78p	21cm	岩波ブックレット　Ｎｏ．１０９３	324.6	ﾃﾗ		202409
9784-002710945	81329	2024/9/11	農業が温暖化を解決する！	枝廣 淳子 著	岩波書店	2024	70p	21cm	岩波ブックレット　Ｎｏ．１０９４	610.4	ｴﾀﾞ		202409
9784-488559052	81330	2024/9/11	伝説とカフェラテ	トラヴィス・バルドリー 著　原島 文世 訳	東京創元社	2024	396p	15cm	創元推理文庫　Ｆハ３－１	933.7	ﾊﾞﾙ		202409
9784-150114374	81331	2024/9/11	ドゥームズデイ・ブック　上	コニー・ウィリス 著　大森 望 訳	早川書房	2003	539p	16cm	ハヤカワ文庫　ＳＦ　１４３７	933.7	ｳｨ	1	202409
9784-907239053	81332	2024/9/11	九月、東京の路上で	加藤 直樹 著	ころから	2014	215p	20cm		210.6	ｶﾄ		202409
9784-813790808	81333	2024/9/11	雨上がり、君が映す空はきっと美しい	汐見 夏衛 著	スターツ出版	2021	325p	19cm		913.6	ｼｵ		202409
9784-569903125	81334	2024/9/11	転職の魔王様　〔１．０〕	額賀 澪 著	ＰＨＰ研究所	2023	315p	15cm	ＰＨＰ文芸文庫　ぬ１－１	913.6	ﾇｶ	1	202409
9784-408538563	81335	2024/9/11	クスノキの女神	東野 圭吾 著	実業之日本社	2024	312p	19cm		913.6	ﾋｶﾞ		202409
9784-866141268	81336	2024/9/11	中学生・高校生でも盛り上がる！学級レク厳選１２０	春野 伸一 著	ほんの森出版	2022	143p	21cm		374.9	ﾊﾙ		202409
9784-267020599	81337	2024/9/11	目の見えないアスリートの身体論	伊藤 亜紗 著	潮出版社	2016	204p	18cm	潮新書	780	ｲﾄ		202409
9784-780429053	81338	2024/9/11	パラスポーツ事典	高橋 明 監修	メイツユニバーサルコンテンツ	2024	144p	21cm	ジュニアコツがわかる本	780.6	ﾀｶ		202409
9784-845119110	81339	2024/9/11	もしもミツバチが世界から消えてしまったら	有沢 重雄 著　中村 純 監修	旬報社	2024	186p	19cm		646.9	ｱﾘ		202409
9784-794224712	81340	2024/9/11	ミツバチと文明	クレア・プレストン 著　倉橋 俊介 訳	草思社	2020	220 18p	19cm		646.9	ﾌﾟﾚ		202409
9784-422400693	81341	2024/9/11	スマート農業	中野 明正 著	創元社	2024	174p	21cm	やさしく知りたい先端科学シリーズ　１１	614.8	ﾅｶ		202409
9780-194230810	81342	2024/9/13	Cry Freedom	John Briley	Oxford University Press	2000	120p	20cm	Oxford Booksworms Library 6	837.7	OX		202409
9780-194230612	81343	2024/9/13	The Dead of Jericho	Colin Dexter	Oxford University Press	2000	120	20cm	Oxford Booksworms Library 6	837.7	OX		202409
9780-194230711	81344	2024/9/13	King's Ransom	Ed McBain	Oxford University Press	2000	104	20cm	Oxford Booksworms Library 6	837.7	OX		202409
9780-194792158	81345	2024/9/13	The Accidental Tourist	Anne Tyler	Oxford Unniversity Press	2004	104p	20cm	Oxford Bookworms Library Stage 5	837.7	OX		202409
9780-194792233	81346	2024/9/13	Far from the Madding Crowd	Thomas Hardy	Oxford University Press	1992	104p	20cm	Oxford Booksworms Library Stage 5	837.7	OX		202409
9788-877548603	81347	2024/9/13	A tale of two cities	Charles Dickens	Black Cat	2002	160p	21cm	Reading and training  intermediate	837.7	RE		202409
9788-877548603	81348	2024/9/13	A tale of two cities	Charles Dickens	Black Cat	2002	160p	21cm	Reading and training  intermediate	837.7	RE		202409
9788-853001702	81349	2024/9/13	Sons and lovers	D. H. Lawrence	Black Cat	2005	144p	21cm	Reading and training  intermediate	837.7	RE		202409
9788-853001702	81350	2024/9/13	Sons and lovers	D. H. Lawrence	Black Cat	2005	144p	21cm	Reading and training  intermediate	837.7	RE		202409
9788-853001702	81351	2024/9/13	Sons and lovers	D. H. Lawrence	Black Cat	2005	144p	21cm	Reading and training  intermediate	837.7	RE		202409
9788-853001702	81352	2024/9/13	Sons and lovers	D. H. Lawrence	Black Cat	2005	144p	21cm	Reading and training  intermediate	837.7	RE		202409
9788-853003874	81353	2024/9/13	Sense and sensibility	Jane Austen	Black Cat	2006	128p	21cm	Reading and training Step 5	837.7	RE		202409
9788-853003874	81354	2024/9/13	Sense and sensibility	Jane Austen	Black Cat	2006	128p	21cm	Reading and training Step 5	837.7	RE		202409
9788-853003874	81355	2024/9/13	Sense and sensibility	Jane Austen	Black Cat	2006	128p	21cm	Reading and training Step 5	837.7	RE		202409
9788-853003874	81356	2024/9/13	Sense and sensibility	Jane Austen	Black Cat	2006	128p	21cm	Reading and training Step 5	837.7	RE		202409
9788-853008411	81357	2024/9/13	Robinson Crusoe	Daniel Defoe	Black Cat	2008	143p	21cm	Reading and training  Step 5	837.7	RE		202409
9788-853001252	81358	2024/9/13	Robinson Crusoe	Daniel Defoe	Black Cat	2003	144p	21cm	Reading and training  intermediate	837.7	RE		202409
9788-853001252	81359	2024/9/13	Robinson Crusoe	Daniel Defoe	Black Cat	2003	144p	21cm	Reading and training  intermediate	837.7	RE		202409
9788-853001252	81360	2024/9/13	Robinson Crusoe	Daniel Defoe	Black Cat	2003	144p	21cm	Reading and training  intermediate	837.7	RE		202409
9788-853001252	81361	2024/9/13	Robinson Crusoe	Daniel Defoe	Black Cat	2003	144p	21cm	Reading and training  intermediate	837.7	RE		202409
9788-877549341	81362	2024/9/13	Silas Marner	George Eliot	Black Cat	2003	112p	21cm	Reading and training  upper-intermediate	837.7	RE		202409
9788-877549341	81363	2024/9/13	Silas Marner	George Eliot	Black Cat	2003	112p	21cm	Reading and training  upper-intermediate	837.7	RE		202409
9788-853001764	81364	2024/9/13	Gothic short stories	W. W. Jacobs ... [et al.]	Black Cat	2004	128p	21cm	Reading and training  intermediate	837.7	RE		202409
9788-877547798	81365	2024/9/13	The murders in the Rue Morgue and the purloined letter	Edgar Allan Poe	Black Cat	1999	112p	21cm	Reading and training  intermediate	837.7	RE		202409
9788-877547798	81366	2024/9/13	The murders in the Rue Morgue and the purloined letter	Edgar Allan Poe	Black Cat	1999	112p	21cm	Reading and training  intermediate	837.7	RE		202409
9788-877549341	81367	2024/9/13	Silas Marner	George Eliot	Black Cat	2003	112p	21cm	Reading and training  upper-intermediate	837.7	RE		202409
9788-877547798	81368	2024/9/13	The murders in the Rue Morgue and the purloined letter	Edgar Allan Poe	Black Cat	1999	112p	21cm	Reading and training  intermediate	837.7	RE		202409
9788-853007667	81369	2024/9/13	The murders in the Rue Morgue ; and  The purloined letter	Edgar Allan Poe	Black Cat	2007	111p	21cm	Reading and training  step 5  B2.2	837.7	RE		202409
9788-877547996	81370	2024/9/13	Wuthering heights	Emily Bronte	Black Cat	2002	128p	21cm	Reading and training  upper-intermediate	837.7	RE		202409
9788-877547996	81371	2024/9/13	Wuthering heights	Emily Bronte	Black Cat	2002	128p	21cm	Reading and training  Step Six C1	837.7	RE		202409
9788-877547996	81372	2024/9/13	Wuthering heights	Emily Bronte	Black Cat	2002	128p	21cm	Reading and training  Step Six C1	837.7	RE		202409
9788-853003249	81373	2024/9/13	Wuthering heights	Emily Bronte	Black Cat	2006	143p	21cm	Reading and training  Step 5 B2.2	837.7	RE		202409
9788-877547996	81374	2024/9/13	Wuthering heights	Emily Bronte	Black Cat	2002	128p	21cm	Reading and training  Step Six C1	837.7	RE		202409
9788-877547996	81375	2024/9/13	Wuthering heights	Emily Bronte	Black Cat	2002	128p	21cm	Reading and training  Step Six C1	837.7	RE		202409
9788-853005687	81376	2024/9/13	Wuthering heights	Emily Bronte	Black Cat	2006	142p	21cm	Reading and training  Step Six C1	837.7	RE		202409
9788-853005687	81377	2024/9/13	Wuthering heights	Emily Bronte	Black Cat	2006	142p	21cm	Reading and training  Step Six C1	837.7	RE		202409
9788-853005687	81378	2024/9/13	Wuthering heights	Emily Bronte	Black Cat	2006	142p	21cm	Reading and training  Step 6 C1	837.7	RE		202409
9788-853007889	81379	2024/9/13	The great Gatsby	F. Scott Fitzgerald	Black Cat	2007	159p	21cm	Reading and training  step 5	837.7	RE		202409
9788-877549341	81380	2024/9/13	Silas Marner	George Eliot	Black Cat	2003	112p	21cm	Reading and training  upper-intermediate	837.7	RE		202409
9788-853001665	81381	2024/9/13	Middlemarch	George Eliot	Black Cat	2004	160p	21cm	Reading and training  intermediate	837.7	RE		202409
9788-853001665	81382	2024/9/13	Middlemarch	George Eliot	Black Cat	2004	160p	21cm	Reading and training  intermediate	837.7	RE		202409
9788-853001665	81383	2024/9/13	Middlemarch	George Eliot	Black Cat	2004	160p	21cm	Reading and training  intermediate	837.7	RE		202409
9788-877547989	81384	2024/9/13	The mill on the floss	George Eliot	Black Cat	2002	160p	21cm	Reading and training  upper-intermediate	837.7	RE		202409
9788-877547989	81385	2024/9/13	The mill on the floss	George Eliot	Black Cat	2002	160p	21cm	Reading and training  upper-intermediate	837.7	RE		202409
9788-877547989	81386	2024/9/13	The mill on the floss	George Eliot	Black Cat	2002	160p	21cm	Reading and training  upper-intermediate	837.7	RE		202409
9788-853001689	81387	2024/9/13	The portrait of a lady	Henry James	Black Cat	2006	160p	21cm	Reading and training  Step 5	837.7	RE		202409
9788-853001689	81388	2024/9/13	The portrait of a lady	Henry James	Black Cat	2006	160p	21cm	Reading and training  Step 5 B2.2	837.7	RE		202409
9788-853001689	81389	2024/9/13	The portrait of a lady	Henry James	Black Cat	2006	160p	21cm	Reading and training  Step 5 B2.2	837.7	RE		202409
9788-853001689	81390	2024/9/13	The portrait of a lady	Henry James	Black Cat	2006	160p	21cm	Reading and training  Step 5 B2.2	837.7	RE		202409
9788-853001689	81391	2024/9/13	The portrait of a lady	Henry James	Black Cat	2006	160p	21cm	Reading and training  Step 5 B2.2	837.7	RE		202409
9788-877549754	81392	2024/9/13	Emma	Jane Austen	Black Cat	2003	144p	21cm	Reading and training  intermediate	837.7	RE		202409
9788-877549754	81393	2024/9/13	Emma	Jane Austen	Black Cat	2003	144p	21cm	Reading and training  Step 5 B2.2	837.7	RE		202409
9788-877549327	81394	2024/9/13	Tess of the d'Urbervilles	Thomas Hardy	Black Cat	2003	160p	21cm	Reading and training  intermediate	837.7	RE		202409
9788-877549327	81395	2024/9/13	Tess of the d'Urbervilles	Thomas Hardy	Black Cat	2003	160p	21cm	Reading and training  intermediate	837.7	RE		202409
9788-877549327	81396	2024/9/13	Tess of the d'Urbervilles	Thomas Hardy	Black Cat	2003	160p	21cm	Reading and training  intermediate	837.7	RE		202409
9788-853001764	81397	2024/9/13	Gothic short stories	W. W. Jacobs ... [et al.]	Black Cat	2004	128p	21cm	Reading and training  Step 5 B2.2	837.7	RE		202409
9788-853001764	81398	2024/9/13	Gothic short stories	W. W. Jacobs ... [et al.]	Black Cat	2004	128p	21cm	Reading and training  Step 5 B2.2	837.7	RE		202409
9788-853001764	81399	2024/9/13	Gothic short stories	W. W. Jacobs ... [et al.]	Black Cat	2004	128p	21cm	Reading and training  Step 5 B2.2	837.7	RE		202409
9788-877549754	81400	2024/9/13	Emma	Jane Austen	Black Cat	2003	144p	21cm	Reading and training  intermediate	837.7	RE		202409
9788-877549754	81401	2024/9/13	Emma	Jane Austen	Black Cat	2003	144p	21cm	Reading and training  Step 5 B2.2	837.7	RE		202409
9788-853001351	81402	2024/9/13	Pride and prejudice	Jane Austen	Black Cat	2003	160p	21cm	Reading and training  intermediate	837.7	RE		202409
9788-853001351	81403	2024/9/13	Pride and prejudice	Jane Austen	Black Cat	2003	160p	21cm	Reading and training  intermediate	837.7	RE		202409
9788-853001351	81404	2024/9/13	Pride and prejudice	Jane Austen	Black Cat	2003	160p	21cm	Reading and training  intermediate	837.7	RE		202409
9788-877545602	81405	2024/9/13	Board games	James Butler	Black Cat	2000	111p	21cm	Reading and training  intermediate	837.7	RE		202409
9788-877545602	81406	2024/9/13	Board games	James Butler	Black Cat	2000	111p	21cm	Reading and training  intermediate	837.7	RE		202409
9788-853006387	81407	2024/9/13	The Canterbury tales	Geoffrey Chaucer	Black Cat	2007	111p	21cm	Reading and training  step 4  B2.1	837.7	RE		202409
9788-853004833	81408	2024/9/13	The woman in white	Wilkie Collins	Black Cat	2007	111p	21cm	Reading and training  Step 4 B2.1	837.7	RE		202409
9788-853004833	81409	2024/9/13	The woman in white	Wilkie Collins	Black Cat	2007	111p	21cm	Reading and training  Step 4 B2.1	837.7	RE		202409
9788-853004833	81410	2024/9/13	The woman in white	Wilkie Collins	Black Cat	2007	111p	21cm	Reading and training  Step 4 B2.1	837.7	RE		202409
9788-853004833	81411	2024/9/13	The woman in white	Wilkie Collins	Black Cat	2007	111p	21cm	Reading and training  Step 4 B2.1	837.7	RE		202409
9788-877546012	81412	2024/9/13	Great expectations	Charles Dickens	Black Cat	2002	159p	21cm	Reading and training  intermediate	837.7	RE		202409
9788-877546012	81413	2024/9/17	Great expectations	Charles Dickens	Black Cat	2002	159p	21cm	Reading and training  intermediate	837.7	RE		202409
9788-877546012	81414	2024/9/17	Great expectations	Charles Dickens	Black Cat	2002	159p	21cm	Reading and training  intermediate	837.7	RE		202409
9788-853000255	81415	2024/9/17	A Christmas Carol	Charles Dickens	Black Cat	2003	111p	21cm	Reading and training  pre-intermediate  step 4	837.7	RE		202409
9788-853000255	81416	2024/9/17	A Christmas Carol	Charles Dickens	Black Cat	2003	111p	21cm	Reading and training  pre-intermediate  step 4	837.7	RE		202409
9788-853000255	81417	2024/9/17	A Christmas Carol	Charles Dickens	Black Cat	2003	111p	21cm	Reading and training  pre-intermediate  step 4	837.7	RE		202409
9788-853000255	81418	2024/9/17	A Christmas Carol	Charles Dickens	Black Cat	2003	111p	21cm	Reading and training  pre-intermediate  step 4	837.7	RE		202409
9788-877549341	81419	2024/9/17	Silas Marner	George Eliot	Black Cat	2003	112p	21cm	Reading and training  Step6　C1	837.7	RE		202409
9788-877547590	81420	2024/9/17	The problem of cell 13	Jacques Futrelle	Black Cat	1999	96p	21cm	Reading and training  intermediate	837.7	RE		202409
9788-853000903	81421	2024/9/17	The scarlet letter	Nathaniel Hawthorne 	Black Cat	2004	159p	21cm	Reading and training  intermediate	837.7	RE		202409
9788-853003331	81422	2024/9/17	Pamela	Samuel Richardson	Black Cat	2006	144p	21cm	Reading and training  Step 5 B2.2	837.7	RE		202409
9788-853003331	81423	2024/9/17	Pamela	Samuel Richardson	Black Cat	2006	144p	21cm	Reading and training  Step 5 B2.2	837.7	RE		202409
9788-853003331	81424	2024/9/17	Pamela	Samuel Richardson	Black Cat	2006	144p	21cm	Reading and training  Step 5 B2.2	837.7	RE		202409
9788-877549327	81425	2024/9/17	Tess of the d'Urbervilles	Thomas Hardy	Black Cat	2003	160p	21cm	Reading and training  intermediate	837.7	RE		202409
9788-877549327	81426	2024/9/17	Tess of the d'Urbervilles	Thomas Hardy	Black Cat	2003	160p	21cm	Reading and training  intermediate	837.7	RE		202409
9788-853000903	81427	2024/9/18	The scarlet letter	Nathaniel Hawthorne	Black Cat	2004	159p	21cm	Reading and training  Step5 B2.2	837.7	RE		202409
9788-853000903	81428	2024/9/18	The scarlet letter	Nathaniel Hawthorne	Black Cat	2004	159p	21cm	Reading and training  Step5 B2.2	837.7	RE		202409
9788-853001337	81429	2024/9/18	Washington Square	Henry James	Black Cat	2003	160p	21cm	Reading and training  pre-intermediate	837.7	RE		202409
9788-853001337	81430	2024/9/18	Washington Square	Henry James	Black Cat	2003	160p	21cm	Reading and training  pre-intermediate	837.7	RE		202409
9788-877547972	81431	2024/9/18	Le morte d'Arthur	Sir Thomas Malory	Black Cat	2002	144p	21cm	Reading and training  pre-intermediate	837.7	RE		202409
9788-877547972	81432	2024/9/18	Le morte d'Arthur	Sir Thomas Malory	Black Cat	2002	144p	21cm	Reading and training  pre-intermediate	837.7	RE		202409
9788-877547972	81433	2024/9/18	Le morte d'Arthur	Sir Thomas Malory	Black Cat	2002	144p	21cm	Reading and training  pre-intermediate	837.7	RE		202409
9788-877547965	81434	2024/9/18	The tragedy of Dr Faustus	Christopher Marlowe	Black Cat	2002	128p	21cm	Reading and training  pre-intermediate	837.7	RE		202409
9788-877547965	81435	2024/9/18	The tragedy of Dr Faustus	Christopher Marlowe	Black Cat	2002	128p	21cm	Reading and training  pre-intermediate	837.7	RE		202409
9788-877547965	81436	2024/9/18	The tragedy of Dr Faustus	Christopher Marlowe	Black Cat	2002	128p	21cm	Reading and training  pre-intermediate	837.7	RE		202409
9788-877547965	81437	2024/9/18	The tragedy of Dr Faustus	Christopher Marlowe	Black Cat	2002	128p	21cm	Reading and training  pre-intermediate	837.7	RE		202409
9788-853000217	81438	2024/9/18	American horror : three terrifying tales	Edgar Allan Poe	Black Cat	2003	110p	21cm	Reading and training  pre-intermediate	837.7	RE		202409
9788-853000217	81439	2024/9/18	American horror : three terrifying tales	Edgar Allan Poe	Black Cat	2003	110p	21cm	Reading and training  Step4 B2.1	837.7	RE		202409
9788-853000217	81440	2024/9/18	American horror : three terrifying tales	Edgar Allan Poe	Black Cat	2003	110p	21cm	Reading and training  Step4 B2.1	837.7	RE		202409
9788-853010223	81441	2024/9/18	American horror	Edgar Allan Poe	Black Cat	2010	111p	21cm	Reading and training  step 4 B2.1	837.7	RE		202409
9788-853010223	81442	2024/9/18	American horror	Edgar Allan Poe	Black Cat	2010	111p	21cm	Reading and training  step 4 B2.1	837.7	RE		202409
9788-853000378	81443	2024/9/18	The picture of Dorian Gray	Oscar Wilde	Black Cat	2003	144p	21cm	Reading and training  intermediate	837.7	RE		202409
9788-853000279	81444	2024/9/18	Dracula	Bram Stoker	Black Cat	2003	128p	21cm	Reading and training  pre-intermediate  step 4	837.7	RE		202409
9788-853000279	81445	2024/9/18	Dracula	Bram Stoker	Black Cat	2003	128p	21cm	Reading and training  pre-intermediate  step 4	837.7	RE		202409
9788-853001405	81446	2024/9/19	Wicked and humorous tales	Saki	Black Cat	2004	128p	21cm	Reading and training  pre-intermediate  step 4	837.7	RE		202409
9788-877547958	81447	2024/9/19	Beowulf	Victoria Spence	Black Cat	2002	112p	21cm	Reading and training  pre-intermediate	837.7	RE		202409
9788-877547958	81448	2024/9/19	Beowulf	Victoria Spence	Black Cat	2002	112p	21cm	Reading and training  pre-intermediate	837.7	RE		202409
9788-877547958	81449	2024/9/19	Beowulf	Victoria Spence	Black Cat	2002	112p	21cm	Reading and training  pre-intermediate	837.7	RE		202409
9788-853004833	81450	2024/9/19	The woman in white	Wilkie Collins	Black Cat	2007	111p	21cm	Reading and training  Step 4 B2.1	837.7	RE		202409
9788-853003201	81451	2024/9/19	Jack the Ripper	Peter Foreman	Black Cat	2005	96p	21cm	Reading and training  pre-intermediate  step 4　B2.1	837.7	RE		202409
9788-853000279	81452	2024/9/19	Dracula	Bram Stoker	Black Cat	2003	128p	21cm	Reading and training  pre-intermediate  step 4	837.7	RE		202409
9788-853001405	81453	2024/9/19	Wicked and humorous tales	Saki	Black Cat	2004	128p	21cm	Reading and training  pre-intermediate  step 4	837.7	RE		202409
9788-853001405	81454	2024/9/19	Wicked and humorous tales	Saki	Black Cat	2004	128p	21cm	Reading and training  pre-intermediate  step 4	837.7	RE		202409
9788-853001405	81455	2024/9/19	Wicked and humorous tales	Saki	Black Cat	2004	128p	21cm	Reading and training  pre-intermediate  step 4	837.7	RE		202409
9788-877549297	81456	2024/9/19	Tom Jones	Henry Fielding	Black Cat	2003	144p	21cm	Reading and training  pre-intermediate	837.7	RE		202409
9788-877547972	81457	2024/9/19	Le morte d'Arthur	Sir Thomas Malory	Black Cat	2002	144p	21cm	Reading and training  pre-intermediate	837.7	RE		202409
9788-853003201	81458	2024/9/19	Jack the Ripper	Peter Foreman	Black Cat	2005	96p	21cm	Reading and training  pre-intermediate  step 4　B2.1	837.7	RE		202409
9788-853003201	81459	2024/9/19	Jack the Ripper	Peter Foreman	Black Cat	2005	96p	21cm	Reading and training  pre-intermediate  step 4　B2.1	837.7	RE		202409
9788-853003201	81460	2024/9/19	Jack the Ripper	Peter Foreman	Black Cat	2005	96p	21cm	Reading and training  pre-intermediate  step 4　B2.1	837.7	RE		202409
9788-853006103	81461	2024/9/19	Moby Dick	Herman Melville	Black Cat	2007	127p	21cm	Reading and training  Step 4	837.7	RE		202409
9788-853006103	81462	2024/9/19	Moby Dick	Herman Melville	Black Cat	2007	127p	21cm	Reading and training  Step 4	837.7	RE		202409
9788-877549297	81463	2024/9/19	Tom Jones	Henry Fielding	Black Cat	2003	144p	21cm	Reading and training  pre-intermediate	837.7	RE		202409
9788-877549297	81464	2024/9/19	Tom Jones	Henry Fielding	Black Cat	2003	144p	21cm	Reading and training  pre-intermediate	837.7	RE		202409
9788-877549297	81465	2024/9/19	Tom Jones	Henry Fielding	Black Cat	2003	144p	21cm	Reading and training  pre-intermediate	837.7	RE		202409
9788-853006103	81466	2024/9/19	Moby Dick	Herman Melville	Black Cat	2007	127p	21cm	Reading and training  Step 4　B2.1	837.7	RE		202409
9788-877547750	81467	2024/9/19	The big mistake and other stories	Nella Burnett-Stuart  Bruna Deriu	Black Cat	1998	128p	21cm	Reading and training  pre-intermediate	837.7	RE		202409
9788-877547750	81468	2024/9/19	The big mistake and other stories	Nella Burnett-Stuart  Bruna Deriu	Black Cat	1998	128p	21cm	Reading and training  Step 4 B2.1	837.7	RE		202409
9788-877546418	81469	2024/9/19	Frankenstein	Mary Shelley	Black Cat	1997	160p	21cm	Reading and training	837.7	RE		202409
9788-877546418	81470	2024/9/19	Frankenstein	Mary Shelley	Black Cat	1997	160p	21cm	Reading and training	837.7	RE		202409
9788-877547972	81471	2024/9/19	Le morte d'Arthur	Sir Thomas Malory	Black Cat	2002	144p	21cm	Reading and training  Step4 B2.1	837.7	RE		202409
9788-853003201	81472	2024/9/19	Jack the Ripper	Peter Foreman	Black Cat	2005	96p	21cm	Reading and training  pre-intermediate  step 4　B2.1	837.7	RE		202409
9788-877548603	81473	2024/9/19	A tale of two cities	Charles Dickens	Black Cat	2002	160p	21cm	Reading and training  intermediate	837.7	RE		202409
9788-853001764	81474	2024/9/19	Gothic short stories	W. W. Jacobs ... [et al.]	Black Cat	2004	128p	21cm	Reading and training  intermediate	837.7	RE		202409
9788-853001702	81475	2024/9/19	Sons and lovers	D. H. Lawrence	Black Cat	2005	144p	21cm	Reading and training  intermediate	837.7	RE		202409
9788-853001641	81476	2024/9/19	Famous British criminals from The Newgate calendar	Victoria Spence	Black Cat	2005	112p	21cm	Reading and training  step 4 B2.1	837.7	RE		202409
9788-853001641	81477	2024/9/19	Famous British criminals from The Newgate calendar	Victoria Spence	Black Cat	2005	112p	21cm	Reading and training  pre-intermediate  step 4	837.7	RE		202409
9788-877547590	81478	2024/9/19	The problem of cell 13	Jacques Futrelle	Black Cat	1999	96p	21cm	Reading and training  intermediate	837.7	RE		202409
9788-877547590	81479	2024/9/19	The problem of cell 13	Jacques Futrelle	Black Cat	1999	96p	21cm	Reading and training  intermediate	837.7	RE		202409
9788-877547590	81480	2024/9/19	The problem of cell 13	Jacques Futrelle	Black Cat	1999	96p	21cm	Reading and training  intermediate	837.7	RE		202409
9788-877547590	81481	2024/9/19	The problem of cell 13	Jacques Futrelle	Black Cat	1999	96p	21cm	Reading and training  intermediate	837.7	RE		202409
9788-853000231	81482	2024/9/19	The Canterbury tales	Geoffrey Chaucer	Black Cat	2003	111p	21cm	Reading and training  pre-intermediate  step 4	837.7	RE		202409
9788-853000231	81483	2024/9/19	The Canterbury tales	Geoffrey Chaucer	Black Cat	2003	111p	21cm	Reading and training  pre-intermediate  step 4	837.7	RE		202409
9788-853003133	81484	2024/9/19	The secret agent	Joseph Conrad	Black Cat	2006	111p	21cm	Reading and training  Step 4	837.7	RE		202409
9788-853003133	81485	2024/9/19	The secret agent	Joseph Conrad	Black Cat	2006	111p	21cm	Reading and training  Step 4 B2.1	837.7	RE		202409
9788-853000293	81486	2024/9/19	The last of the Mohicans	James Fenimore Cooper	Black Cat	2003	143p	21cm	Reading and training  pre-intermediate  step 4 B2.1	837.7	RE		202409
9788-853000293	81487	2024/9/19	The last of the Mohicans	James Fenimore Cooper	Black Cat	2003	143p	21cm	Reading and training  pre-intermediate  step 4 B2.1	837.7	RE		202409
9788-853000293	81488	2024/9/19	The last of the Mohicans	James Fenimore Cooper	Black Cat	2003	143p	21cm	Reading and training  pre-intermediate  step 4 B2.1	837.7	RE		202409
9788-853000293	81489	2024/9/19	The last of the Mohicans	James Fenimore Cooper	Black Cat	2003	143p	21cm	Reading and training  pre-intermediate  step 4 B2.1	837.7	RE		202409
9788-853000354	81490	2024/9/19	Frankenstein	Mary Shelley	Black Cat	2003	143p	21cm	Reading and training  intermediate	837.7	RE		202409
9788-853000354	81491	2024/9/19	Frankenstein	Mary Shelley	Black Cat	2003	143p	21cm	Reading and training  intermediate	837.7	RE		202409
9788-853000354	81492	2024/9/19	Frankenstein	Mary Shelley	Black Cat	2003	143p	21cm	Reading and training  intermediate	837.7	RE		202409
9788-853000354	81493	2024/9/19	Frankenstein	Mary Shelley	Black Cat	2003	143p	21cm	Reading and training  intermediate	837.7	RE		202409
9788-853001641	81494	2024/9/19	Famous British criminals from The Newgate calendar	Victoria Spence	Black Cat	2005	112p	21cm	Reading and training  pre-intermediate  step 4 B2.1	837.7	RE		202409
9788-853001641	81495	2024/9/19	Famous British criminals from The Newgate calendar	Victoria Spence	Black Cat	2005	112p	21cm	Reading and training  step 4 B2.1	837.7	RE		202409
9788-853002952	81496	2024/9/20	A study in scarlet	Sir Arthur Conan Doyle	Black Cat	2006	111p	21cm	Reading and training  Step 4	837.7	RE		202409
9788-853002952	81497	2024/9/20	A study in scarlet	Sir Arthur Conan Doyle	Black Cat	2006	111p	21cm	Reading and training  Step 4　B2.1	837.7	RE		202409
9788-853004130	81498	2024/9/20	Daisy Miller	Henry James	Black Cat	2006	94p	21cm	Reading and training  Step 4　B2.1	837.7	RE		202409
9788-853000378	81499	2024/9/20	The picture of Dorian Gray	Oscar Wilde	Black Cat	2003	144p	21cm	Reading and training  intermediate	837.7	RE		202409
9788-853000378	81500	2024/9/20	The picture of Dorian Gray	Oscar Wilde	Black Cat	2003	144p	21cm	Reading and training  intermediate	837.7	RE		202409
9788-853000378	81501	2024/9/20	The picture of Dorian Gray	Oscar Wilde	Black Cat	2003	144p	21cm	Reading and training  intermediate	837.7	RE		202409
9788-853000378	81502	2024/9/20	The picture of Dorian Gray	Oscar Wilde	Black Cat	2003	144p	21cm	Reading and training  intermediate	837.7	RE		202409
9788-877549334	81503	2024/9/20	Vanity fair	William Makepeace Thackeray	Black Cat	2004	144p	21cm	Reading and training  intermediate	837.7	RE		202409
9788-877549334	81504	2024/9/20	Vanity fair	William Makepeace Thackeray	Black Cat	2004	144p	21cm	Reading and training  intermediate	837.7	RE		202409
9788-877549334	81505	2024/9/20	Vanity fair	William Makepeace Thackeray	Black Cat	2004	144p	21cm	Reading and training  intermediate	837.7	RE		202409
9788-877546227	81506	2024/9/20	The phantom of the opera	Gaston Leroux	Black Cat	2002	128p	21cm	Reading and training  elementary  step 3	837.7	RE		202409
9788-877546227	81507	2024/9/20	The phantom of the opera	Gaston Leroux	Black Cat	2002	128p	21cm	Reading and training  elementary  step 3 B1.2	837.7	RE		202409
9788-877546227	81508	2024/9/20	The phantom of the opera	Gaston Leroux	Black Cat	2002	128p	21cm	Reading and training  elementary  step 3 B1.2	837.7	RE		202409
9788-877546227	81509	2024/9/20	The phantom of the opera	Gaston Leroux	Black Cat	2002	128p	21cm	Reading and training  elementary  step 3 B1.2	837.7	RE		202409
9788-853001627	81510	2024/9/20	Lord Arthur Savile's crime and other stories	Oscar Wilde 	Black Cat	2005	112p	21cm	Reading and training  elementary  step 3	837.7	RE		202409
9788-853001627	81511	2024/9/20	Lord Arthur Savile's crime and other stories	Oscar Wilde 	Black Cat	2005	112p	21cm	Reading and training  elementary  step 3 B1.2	837.7	RE		202409
9788-853001627	81512	2024/9/20	Lord Arthur Savile's crime and other stories	Oscar Wilde 	Black Cat	2005	112p	21cm	Reading and training  elementary  step 3 B1.2	837.7	RE		202409
9788-853001627	81513	2024/9/20	Lord Arthur Savile's crime and other stories	Oscar Wilde 	Black Cat	2005	112p	21cm	Reading and training  elementary  step 3 B1.2	837.7	RE		202409
9788-853003669	81514	2024/9/20	The diamond as big as the Ritz	F. Scott Fitzgerald	Black Cat	2006	96p	21cm	Reading and training  Step 3 B1.2	837.7	RE		202409
9788-853003669	81515	2024/9/20	The diamond as big as the Ritz	F. Scott Fitzgerald	Black Cat	2006	96p	21cm	Reading and training  Step 3 B1.2	837.7	RE		202409
9788-853003669	81516	2024/9/20	The diamond as big as the Ritz	F. Scott Fitzgerald	Black Cat	2006	96p	21cm	Reading and training  Step 3 B1.2	837.7	RE		202409
9788-853003669	81517	2024/9/20	The diamond as big as the Ritz	F. Scott Fitzgerald	Black Cat	2006	96p	21cm	Reading and training  Step 3 B1.2	837.7	RE		202409
9788-853008350	81518	2024/9/20	The strange case of Dr. Jekyll and Mr. Hyde	Robert Louis Stevenson	Black Cat	2008	85p	21cm	Reading and training  step 3  B1.2	837.7	RE		202409
9788-853008350	81519	2024/9/20	The strange case of Dr. Jekyll and Mr. Hyde	Robert Louis Stevenson	Black Cat	2008	85p	21cm	Reading and training  step 3  B1.2	837.7	RE		202409
9788-853006592	81520	2024/9/20	The Canterville ghost	Oscar Wilde	Black Cat	2007	111p	21cm	Reading and training  step 3  B1.2	837.7	RE		202409
9788-853002914	81521	2024/9/20	Great mysteries of our world	Gina D. B. Clemen	Black Cat	2005	96p	21cm	Reading and training  elementary  step 3 B1.2	837.7	RE		202409
9788-877547576	81522	2024/9/20	Alien at school	Michelle Brown 	Black Cat	1998	96p	21cm	Reading and training  elementary  step 3 B1.2	837.7	RE		202409
9788-853000194	81523	2024/9/20	The strange case of Dr Jekyll and Mr Hyde	Robert Louis Stevenson	Black Cat	2003	96p	21cm	Reading and training  elementary  step 3	837.7	RE		202409
9788-853005977	81524	2024/9/20	The sign of four	Sir Arthur Conan Doyle	Black Cat	2007	126p	21cm	Reading and training  Step 4 B2.1	837.7	RE		202409
9788-853001641	81525	2024/9/21	Famous British criminals from The Newgate calendar	Victoria Spence	Black Cat	2005	112p	21cm	Reading and training  step 4 B2.1	837.7	RE		202409
9788-853000217	81526	2024/9/21	American horror : three terrifying tales	Edgar Allan Poe	Black Cat	2003	110p	21cm	Reading and training  Step4 B2.1	837.7	RE		202409
9788-853000217	81527	2024/9/21	American horror : three terrifying tales	Edgar Allan Poe	Black Cat	2003	110p	21cm	Reading and training  Step4 B2.1	837.7	RE		202409
9788-877549297	81528	2024/9/21	Tom Jones	Henry Fielding	Black Cat	2003	144p	21cm	Reading and training  pre-intermediate	837.7	RE		202409
9788-853001214	81529	2024/9/21	The turn of the screw	Henry James	Black Cat	2004	128p	21cm	Reading and training  pre-intermediate	837.7	RE		202409
9788-853001214	81530	2024/9/21	The turn of the screw	Henry James	Black Cat	2004	128p	21cm	Reading and training  pre-intermediate	837.7	RE		202409
9788-853001214	81531	2024/9/21	The turn of the screw	Henry James	Black Cat	2004	128p	21cm	Reading and training  pre-intermediate	837.7	RE		202409
9788-853001214	81532	2024/9/21	The turn of the screw	Henry James	Black Cat	2004	128p	21cm	Reading and training  pre-intermediate	837.7	RE		202409
9788-853004130	81533	2024/9/21	Daisy Miller	Henry James	Black Cat	2006	94p	21cm	Reading and training  Step 4　B2.1	837.7	RE		202409
9788-853004130	81534	2024/9/21	Daisy Miller	Henry James	Black Cat	2006	94p	21cm	Reading and training  Step 4　B2.1	837.7	RE		202409
9788-853004130	81535	2024/9/21	Daisy Miller	Henry James	Black Cat	2006	94p	21cm	Reading and training  Step 4　B2.1	837.7	RE		202409
9788-853001351	81536	2024/9/21	Pride and prejudice	Jane Austen	Black Cat	2003	160p	21cm	Reading and training  intermediate	837.7	RE		202409
9788-853001351	81537	2024/9/21	Pride and prejudice	Jane Austen	Black Cat	2003	160p	21cm	Reading and training  intermediate	837.7	RE		202409
9788-853009562	81538	2024/9/21	Kim	Rudyard Kipling	Black Cat	2009	127p	21cm	Reading and training  step 3  B1.2	837.7	RE		202409
9788-853008305	81539	2024/9/21	True adventures stories	Peter Foreman	Black Cat	2008	111p	21cm	Reading and training  step 3  B1.2	837.7	RE		202409
9788-877549334	81540	2024/9/21	Vanity fair	William Makepeace Thackeray	Black Cat	2004	144p	21cm	Reading and training  intermediate	837.7	RE		202409
9788-877549334	81541	2024/9/21	Vanity fair	William Makepeace Thackeray	Black Cat	2004	144p	21cm	Reading and training  intermediate	837.7	RE		202409
9788-853002952	81542	2024/9/21	A study in scarlet	Sir Arthur Conan Doyle	Black Cat	2006	111p	21cm	Reading and training  Step 4　B2.1	837.7	RE		202409
9788-853002952	81543	2024/9/21	A study in scarlet	Sir Arthur Conan Doyle	Black Cat	2006	111p	21cm	Reading and training  Step 4　B2.1	837.7	RE		202409
9788-853001542	81544	2024/9/21	Much ado about nothing	William Shakespeare	Black Cat	2003	128p	24cm	Reading and training  pre-intermediate	837.7	RE		202409
9788-853000330	81545	2024/9/21	A midsummer night's dream	William Shakespeare	Black Cat	2003	95p	24cm	Reading and training  pre-intermediate  step 4	837.7	RE		202409
9788-877546081	81546	2024/9/21	The taming of the shrew	William Shakespeare	Black Cat	2000	127p	24cm	Reading and training  intermediate	837.7	RE		202409
9788-877549105	81547	2024/9/21	Heart of darkness	Joseph Conrad	Black Cat	2003	112p	24cm	Reading and training  intermediate	837.7	RE		202409
9788-877549105	81548	2024/9/21	Heart of darkness	Joseph Conrad	Black Cat	2003	112p	24cm	Reading and training  intermediate	837.7	RE		202409
9788-877549105	81549	2024/9/21	Heart of darkness	Joseph Conrad	Black Cat	2003	112p	24cm	Reading and training  intermediate	837.7	RE		202409
9788-877549105	81550	2024/9/21	Heart of darkness	Joseph Conrad	Black Cat	2003	112p	24cm	Reading and training  intermediate	837.7	RE		202409
9780-439559638	81551	2024/9/24	Lost treasure of the emerald eye	Geronimo Stilton	Scholastic	2004	116p	20cm	Geronimo Stilton  1	837.7	ST		202409
9780-439559638	81552	2024/9/24	Lost treasure of the emerald eye	Geronimo Stilton	Scholastic	2004	116p	20cm	Geronimo Stilton  1	837.7	ST		202409
9780-439559638	81553	2024/9/24	Lost treasure of the emerald eye	Geronimo Stilton	Scholastic	2004	116p	20cm	Geronimo Stilton  1	837.7	ST		202409
9780-439559638	81554	2024/9/24	Lost treasure of the emerald eye	Geronimo Stilton	Scholastic	2004	116p	20cm	Geronimo Stilton  1	837.7	ST		202409
9780-439559638	81555	2024/9/24	Lost treasure of the emerald eye	Geronimo Stilton	Scholastic	2004	116p	20cm	Geronimo Stilton  1	837.7	ST		202409
9780-439559645	81556	2024/9/24	The curse of the cheese pyramid	Geronimo Stilton	Scholastic	2004	112p	20cm	Geronimo Stilton  2	837.7	ST		202409
9780-439559645	81557	2024/9/24	The curse of the cheese pyramid	Geronimo Stilton	Scholastic	2004	112p	20cm	Geronimo Stilton  2	837.7	ST		202409
9780-439559645	81558	2024/9/24	The curse of the cheese pyramid	Geronimo Stilton	Scholastic	2004	112p	20cm	Geronimo Stilton  2	837.7	ST		202409
9780-439559645	81559	2024/9/24	The curse of the cheese pyramid	Geronimo Stilton	Scholastic	2004	112p	20cm	Geronimo Stilton  2	837.7	ST		202409
9788-073005993	81560	2024/9/24	The curse of the cheese pyramid	Geronimo Stilton	Scholastic	2004	112p	20cm	Geronimo Stilton  2	837.7	ST		202409
9780-439559652	81561	2024/9/24	Cat and mouse in a haunted house	Geronimo Stilton	Scholastic	2004	111p	20cm	Geronimo Stilton  3	837.7	ST		202409
9780-439559652	81562	2024/9/24	Cat and mouse in a haunted house	Geronimo Stilton	Scholastic	2004	111p	20cm	Geronimo Stilton  3	837.7	ST		202409
9780-439559652	81563	2024/9/24	Cat and mouse in a haunted house	Geronimo Stilton	Scholastic	2004	111p	20cm	Geronimo Stilton  3	837.7	ST		202409
9780-439559652	81564	2024/9/24	Cat and mouse in a haunted house	Geronimo Stilton	Scholastic	2004	111p	20cm	Geronimo Stilton  3	837.7	ST		202409
9780-439559652	81565	2024/9/24	Cat and mouse in a haunted house	Geronimo Stilton	Scholastic	2004	111p	20cm	Geronimo Stilton  3	837.7	ST		202409
9780-439559669	81566	2024/9/24	I'm too fond of my fur!	Geronimo Stilton	Scholastic	2004	116p	20cm	Geronimo Stilton  4	837.7	ST		202409
9780-439559690	81567	2024/9/24	Red pizzas for a blue count	Geronimo Stilton	Scholastic	2004	116p	20cm	Geronimo Stilton  7	837.7	ST		202409
9780-439559706	81568	2024/9/24	Attack of the bandit cats	Geronimo Stilton	Scholastic	2004	113p	20cm	Geronimo Stilton  8	837.7	ST		202409
9780-439559706	81569	2024/9/24	Attack of the bandit cats	Geronimo Stilton	Scholastic	2004	113p	20cm	Geronimo Stilton  8	837.7	ST		202409
9780-439559706	81570	2024/9/24	Attack of the bandit cats	Geronimo Stilton	Scholastic	2004	113p	20cm	Geronimo Stilton  8	837.7	ST		202409
9780-439559706	81571	2024/9/24	Attack of the bandit cats	Geronimo Stilton	Scholastic	2004	113p	20cm	Geronimo Stilton  8	837.7	ST		202409
9780-439559706	81572	2024/9/24	Attack of the bandit cats	Geronimo Stilton	Scholastic	2004	113p	20cm	Geronimo Stilton  8	837.7	ST		202409
9780-439559713	81573	2024/9/25	A fabumouse vacation for geronimo	Geronimo Stilton	Scholastic	2004	112p	20cm	Geronimo Stilton  9	837.7	ST		202409
9780-439559713	81574	2024/9/25	A fabumouse vacation for geronimo	Geronimo Stilton	Scholastic	2004	112p	20cm	Geronimo Stilton  9	837.7	ST		202409
9780-439559713	81575	2024/9/25	A fabumouse vacation for geronimo	Geronimo Stilton	Scholastic	2004	112p	20cm	Geronimo Stilton  9	837.7	ST		202409
9780-439559713	81576	2024/9/25	A fabumouse vacation for geronimo	Geronimo Stilton	Scholastic	2004	112p	20cm	Geronimo Stilton  9	837.7	ST		202409
9780-439559713	81577	2024/9/25	A fabumouse vacation for geronimo	Geronimo Stilton	Scholastic	2004	112p	20cm	Geronimo Stilton  9	837.7	ST		202409
9780-439559720	81578	2024/9/25	All because of a cup of coffee	Geronimo Stilton	Scholastic	2004	112p	20cm	Geronimo Stilton  10	837.7	ST		202409
9780-439559720	81579	2024/9/25	All because of a cup of coffee	Geronimo Stilton	Scholastic	2004	112p	20cm	Geronimo Stilton  10	837.7	ST		202409
9780-439559720	81580	2024/9/25	All because of a cup of coffee	Geronimo Stilton	Scholastic	2004	112p	20cm	Geronimo Stilton  10	837.7	ST		202409
9780-439559720	81581	2024/9/25	All because of a cup of coffee	Geronimo Stilton	Scholastic	2004	112p	20cm	Geronimo Stilton  10	837.7	ST		202409
9780-439559720	81582	2024/9/25	All because of a cup of coffee	Geronimo Stilton	Scholastic	2004	112p	20cm	Geronimo Stilton  10	837.7	ST		202409
9780-439559737	81583	2024/9/25	It's Halloween  you 'fraidy mouse!	Geronimo Stilton	Scholastic	2004	113p	20cm	Geronimo Stilton  11	837.7	ST		202409
9780-439559737	81584	2024/9/25	It's Halloween  you 'fraidy mouse!	Geronimo Stilton	Scholastic	2004	113p	20cm	Geronimo Stilton  11	837.7	ST		202409
9780-439559737	81585	2024/9/25	It's Halloween  you 'fraidy mouse!	Geronimo Stilton	Scholastic	2004	113p	20cm	Geronimo Stilton  11	837.7	ST		202409
9780-439559737	81586	2024/9/25	It's Halloween  you 'fraidy mouse!	Geronimo Stilton	Scholastic	2004	113p	20cm	Geronimo Stilton  11	837.7	ST		202409
9780-439559737	81587	2024/9/25	It's Halloween  you 'fraidy mouse!	Geronimo Stilton	Scholastic	2004	113p	20cm	Geronimo Stilton  11	837.7	ST		202409
9780-439559744	81588	2024/9/25	Merry christmas Geronimo!	Geronimo Stilton	Scholastic	2004	113p	20cm	Geronimo Stilton  12	837.7	ST		202409
9780-439559744	81589	2024/9/25	Merry christmas Geronimo!	Geronimo Stilton	Scholastic	2004	113p	20cm	Geronimo Stilton  12	837.7	ST		202409
9780-439559744	81590	2024/9/25	Merry christmas Geronimo!	Geronimo Stilton	Scholastic	2004	113p	20cm	Geronimo Stilton  12	837.7	ST		202409
9780-439559744	81591	2024/9/25	Merry christmas Geronimo!	Geronimo Stilton	Scholastic	2004	113p	20cm	Geronimo Stilton  12	837.7	ST		202409
9780-439559744	81592	2024/9/25	Merry christmas Geronimo!	Geronimo Stilton	Scholastic	2004	113p	20cm	Geronimo Stilton  12	837.7	ST		202409
9780-439661621	81593	2024/9/25	The phantom of the subway	Geronimo Stilton	Scholastic	2004	112p	20cm	Geronimo Stilton  13	837.7	ST		202409
9780-439661621	81594	2024/9/25	The phantom of the subway	Geronimo Stilton	Scholastic	2004	112p	20cm	Geronimo Stilton  13	837.7	ST		202409
9780-439661621	81595	2024/9/25	The phantom of the subway	Geronimo Stilton	Scholastic	2004	112p	20cm	Geronimo Stilton  13	837.7	ST		202409
9780-439661621	81596	2024/9/25	The phantom of the subway	Geronimo Stilton	Scholastic	2004	112p	20cm	Geronimo Stilton  13	837.7	ST		202409
